SUBJID,lh_L_V1_ROI_thickness,lh_L_MST_ROI_thickness,lh_L_V6_ROI_thickness,lh_L_V2_ROI_thickness,lh_L_V3_ROI_thickness,lh_L_V4_ROI_thickness,lh_L_V8_ROI_thickness,lh_L_4_ROI_thickness,lh_L_3b_ROI_thickness,lh_L_FEF_ROI_thickness,lh_L_PEF_ROI_thickness,lh_L_55b_ROI_thickness,lh_L_V3A_ROI_thickness,lh_L_RSC_ROI_thickness,lh_L_POS2_ROI_thickness,lh_L_V7_ROI_thickness,lh_L_IPS1_ROI_thickness,lh_L_FFC_ROI_thickness,lh_L_V3B_ROI_thickness,lh_L_LO1_ROI_thickness,lh_L_LO2_ROI_thickness,lh_L_PIT_ROI_thickness,lh_L_MT_ROI_thickness,lh_L_A1_ROI_thickness,lh_L_PSL_ROI_thickness,lh_L_SFL_ROI_thickness,lh_L_PCV_ROI_thickness,lh_L_STV_ROI_thickness,lh_L_7Pm_ROI_thickness,lh_L_7m_ROI_thickness,lh_L_POS1_ROI_thickness,lh_L_23d_ROI_thickness,lh_L_v23ab_ROI_thickness,lh_L_d23ab_ROI_thickness,lh_L_31pv_ROI_thickness,lh_L_5m_ROI_thickness,lh_L_5mv_ROI_thickness,lh_L_23c_ROI_thickness,lh_L_5L_ROI_thickness,lh_L_24dd_ROI_thickness,lh_L_24dv_ROI_thickness,lh_L_7AL_ROI_thickness,lh_L_SCEF_ROI_thickness,lh_L_6ma_ROI_thickness,lh_L_7Am_ROI_thickness,lh_L_7PL_ROI_thickness,lh_L_7PC_ROI_thickness,lh_L_LIPv_ROI_thickness,lh_L_VIP_ROI_thickness,lh_L_MIP_ROI_thickness,lh_L_1_ROI_thickness,lh_L_2_ROI_thickness,lh_L_3a_ROI_thickness,lh_L_6d_ROI_thickness,lh_L_6mp_ROI_thickness,lh_L_6v_ROI_thickness,lh_L_p24pr_ROI_thickness,lh_L_33pr_ROI_thickness,lh_L_a24pr_ROI_thickness,lh_L_p32pr_ROI_thickness,lh_L_a24_ROI_thickness,lh_L_d32_ROI_thickness,lh_L_8BM_ROI_thickness,lh_L_p32_ROI_thickness,lh_L_10r_ROI_thickness,lh_L_47m_ROI_thickness,lh_L_8Av_ROI_thickness,lh_L_8Ad_ROI_thickness,lh_L_9m_ROI_thickness,lh_L_8BL_ROI_thickness,lh_L_9p_ROI_thickness,lh_L_10d_ROI_thickness,lh_L_8C_ROI_thickness,lh_L_44_ROI_thickness,lh_L_45_ROI_thickness,lh_L_47l_ROI_thickness,lh_L_a47r_ROI_thickness,lh_L_6r_ROI_thickness,lh_L_IFJa_ROI_thickness,lh_L_IFJp_ROI_thickness,lh_L_IFSp_ROI_thickness,lh_L_IFSa_ROI_thickness,lh_L_p9.46v_ROI_thickness,lh_L_46_ROI_thickness,lh_L_a9.46v_ROI_thickness,lh_L_9.46d_ROI_thickness,lh_L_9a_ROI_thickness,lh_L_10v_ROI_thickness,lh_L_a10p_ROI_thickness,lh_L_10pp_ROI_thickness,lh_L_11l_ROI_thickness,lh_L_13l_ROI_thickness,lh_L_OFC_ROI_thickness,lh_L_47s_ROI_thickness,lh_L_LIPd_ROI_thickness,lh_L_6a_ROI_thickness,lh_L_i6.8_ROI_thickness,lh_L_s6.8_ROI_thickness,lh_L_43_ROI_thickness,lh_L_OP4_ROI_thickness,lh_L_OP1_ROI_thickness,lh_L_OP2.3_ROI_thickness,lh_L_52_ROI_thickness,lh_L_RI_ROI_thickness,lh_L_PFcm_ROI_thickness,lh_L_PoI2_ROI_thickness,lh_L_TA2_ROI_thickness,lh_L_FOP4_ROI_thickness,lh_L_MI_ROI_thickness,lh_L_Pir_ROI_thickness,lh_L_AVI_ROI_thickness,lh_L_AAIC_ROI_thickness,lh_L_FOP1_ROI_thickness,lh_L_FOP3_ROI_thickness,lh_L_FOP2_ROI_thickness,lh_L_PFt_ROI_thickness,lh_L_AIP_ROI_thickness,lh_L_EC_ROI_thickness,lh_L_PreS_ROI_thickness,lh_L_H_ROI_thickness,lh_L_ProS_ROI_thickness,lh_L_PeEc_ROI_thickness,lh_L_STGa_ROI_thickness,lh_L_PBelt_ROI_thickness,lh_L_A5_ROI_thickness,lh_L_PHA1_ROI_thickness,lh_L_PHA3_ROI_thickness,lh_L_STSda_ROI_thickness,lh_L_STSdp_ROI_thickness,lh_L_STSvp_ROI_thickness,lh_L_TGd_ROI_thickness,lh_L_TE1a_ROI_thickness,lh_L_TE1p_ROI_thickness,lh_L_TE2a_ROI_thickness,lh_L_TF_ROI_thickness,lh_L_TE2p_ROI_thickness,lh_L_PHT_ROI_thickness,lh_L_PH_ROI_thickness,lh_L_TPOJ1_ROI_thickness,lh_L_TPOJ2_ROI_thickness,lh_L_TPOJ3_ROI_thickness,lh_L_DVT_ROI_thickness,lh_L_PGp_ROI_thickness,lh_L_IP2_ROI_thickness,lh_L_IP1_ROI_thickness,lh_L_IP0_ROI_thickness,lh_L_PFop_ROI_thickness,lh_L_PF_ROI_thickness,lh_L_PFm_ROI_thickness,lh_L_PGi_ROI_thickness,lh_L_PGs_ROI_thickness,lh_L_V6A_ROI_thickness,lh_L_VMV1_ROI_thickness,lh_L_VMV3_ROI_thickness,lh_L_PHA2_ROI_thickness,lh_L_V4t_ROI_thickness,lh_L_FST_ROI_thickness,lh_L_V3CD_ROI_thickness,lh_L_LO3_ROI_thickness,lh_L_VMV2_ROI_thickness,lh_L_31pd_ROI_thickness,lh_L_31a_ROI_thickness,lh_L_VVC_ROI_thickness,lh_L_25_ROI_thickness,lh_L_s32_ROI_thickness,lh_L_pOFC_ROI_thickness,lh_L_PoI1_ROI_thickness,lh_L_Ig_ROI_thickness,lh_L_FOP5_ROI_thickness,lh_L_p10p_ROI_thickness,lh_L_p47r_ROI_thickness,lh_L_TGv_ROI_thickness,lh_L_MBelt_ROI_thickness,lh_L_LBelt_ROI_thickness,lh_L_A4_ROI_thickness,lh_L_STSva_ROI_thickness,lh_L_TE1m_ROI_thickness,lh_L_PI_ROI_thickness,lh_L_a32pr_ROI_thickness,lh_L_p24_ROI_thickness,rh_R_V1_ROI_thickness,rh_R_MST_ROI_thickness,rh_R_V6_ROI_thickness,rh_R_V2_ROI_thickness,rh_R_V3_ROI_thickness,rh_R_V4_ROI_thickness,rh_R_V8_ROI_thickness,rh_R_4_ROI_thickness,rh_R_3b_ROI_thickness,rh_R_FEF_ROI_thickness,rh_R_PEF_ROI_thickness,rh_R_55b_ROI_thickness,rh_R_V3A_ROI_thickness,rh_R_RSC_ROI_thickness,rh_R_POS2_ROI_thickness,rh_R_V7_ROI_thickness,rh_R_IPS1_ROI_thickness,rh_R_FFC_ROI_thickness,rh_R_V3B_ROI_thickness,rh_R_LO1_ROI_thickness,rh_R_LO2_ROI_thickness,rh_R_PIT_ROI_thickness,rh_R_MT_ROI_thickness,rh_R_A1_ROI_thickness,rh_R_PSL_ROI_thickness,rh_R_SFL_ROI_thickness,rh_R_PCV_ROI_thickness,rh_R_STV_ROI_thickness,rh_R_7Pm_ROI_thickness,rh_R_7m_ROI_thickness,rh_R_POS1_ROI_thickness,rh_R_23d_ROI_thickness,rh_R_v23ab_ROI_thickness,rh_R_d23ab_ROI_thickness,rh_R_31pv_ROI_thickness,rh_R_5m_ROI_thickness,rh_R_5mv_ROI_thickness,rh_R_23c_ROI_thickness,rh_R_5L_ROI_thickness,rh_R_24dd_ROI_thickness,rh_R_24dv_ROI_thickness,rh_R_7AL_ROI_thickness,rh_R_SCEF_ROI_thickness,rh_R_6ma_ROI_thickness,rh_R_7Am_ROI_thickness,rh_R_7PL_ROI_thickness,rh_R_7PC_ROI_thickness,rh_R_LIPv_ROI_thickness,rh_R_VIP_ROI_thickness,rh_R_MIP_ROI_thickness,rh_R_1_ROI_thickness,rh_R_2_ROI_thickness,rh_R_3a_ROI_thickness,rh_R_6d_ROI_thickness,rh_R_6mp_ROI_thickness,rh_R_6v_ROI_thickness,rh_R_p24pr_ROI_thickness,rh_R_33pr_ROI_thickness,rh_R_a24pr_ROI_thickness,rh_R_p32pr_ROI_thickness,rh_R_a24_ROI_thickness,rh_R_d32_ROI_thickness,rh_R_8BM_ROI_thickness,rh_R_p32_ROI_thickness,rh_R_10r_ROI_thickness,rh_R_47m_ROI_thickness,rh_R_8Av_ROI_thickness,rh_R_8Ad_ROI_thickness,rh_R_9m_ROI_thickness,rh_R_8BL_ROI_thickness,rh_R_9p_ROI_thickness,rh_R_10d_ROI_thickness,rh_R_8C_ROI_thickness,rh_R_44_ROI_thickness,rh_R_45_ROI_thickness,rh_R_47l_ROI_thickness,rh_R_a47r_ROI_thickness,rh_R_6r_ROI_thickness,rh_R_IFJa_ROI_thickness,rh_R_IFJp_ROI_thickness,rh_R_IFSp_ROI_thickness,rh_R_IFSa_ROI_thickness,rh_R_p9.46v_ROI_thickness,rh_R_46_ROI_thickness,rh_R_a9.46v_ROI_thickness,rh_R_9.46d_ROI_thickness,rh_R_9a_ROI_thickness,rh_R_10v_ROI_thickness,rh_R_a10p_ROI_thickness,rh_R_10pp_ROI_thickness,rh_R_11l_ROI_thickness,rh_R_13l_ROI_thickness,rh_R_OFC_ROI_thickness,rh_R_47s_ROI_thickness,rh_R_LIPd_ROI_thickness,rh_R_6a_ROI_thickness,rh_R_i6.8_ROI_thickness,rh_R_s6.8_ROI_thickness,rh_R_43_ROI_thickness,rh_R_OP4_ROI_thickness,rh_R_OP1_ROI_thickness,rh_R_OP2.3_ROI_thickness,rh_R_52_ROI_thickness,rh_R_RI_ROI_thickness,rh_R_PFcm_ROI_thickness,rh_R_PoI2_ROI_thickness,rh_R_TA2_ROI_thickness,rh_R_FOP4_ROI_thickness,rh_R_MI_ROI_thickness,rh_R_Pir_ROI_thickness,rh_R_AVI_ROI_thickness,rh_R_AAIC_ROI_thickness,rh_R_FOP1_ROI_thickness,rh_R_FOP3_ROI_thickness,rh_R_FOP2_ROI_thickness,rh_R_PFt_ROI_thickness,rh_R_AIP_ROI_thickness,rh_R_EC_ROI_thickness,rh_R_PreS_ROI_thickness,rh_R_H_ROI_thickness,rh_R_ProS_ROI_thickness,rh_R_PeEc_ROI_thickness,rh_R_STGa_ROI_thickness,rh_R_PBelt_ROI_thickness,rh_R_A5_ROI_thickness,rh_R_PHA1_ROI_thickness,rh_R_PHA3_ROI_thickness,rh_R_STSda_ROI_thickness,rh_R_STSdp_ROI_thickness,rh_R_STSvp_ROI_thickness,rh_R_TGd_ROI_thickness,rh_R_TE1a_ROI_thickness,rh_R_TE1p_ROI_thickness,rh_R_TE2a_ROI_thickness,rh_R_TF_ROI_thickness,rh_R_TE2p_ROI_thickness,rh_R_PHT_ROI_thickness,rh_R_PH_ROI_thickness,rh_R_TPOJ1_ROI_thickness,rh_R_TPOJ2_ROI_thickness,rh_R_TPOJ3_ROI_thickness,rh_R_DVT_ROI_thickness,rh_R_PGp_ROI_thickness,rh_R_IP2_ROI_thickness,rh_R_IP1_ROI_thickness,rh_R_IP0_ROI_thickness,rh_R_PFop_ROI_thickness,rh_R_PF_ROI_thickness,rh_R_PFm_ROI_thickness,rh_R_PGi_ROI_thickness,rh_R_PGs_ROI_thickness,rh_R_V6A_ROI_thickness,rh_R_VMV1_ROI_thickness,rh_R_VMV3_ROI_thickness,rh_R_PHA2_ROI_thickness,rh_R_V4t_ROI_thickness,rh_R_FST_ROI_thickness,rh_R_V3CD_ROI_thickness,rh_R_LO3_ROI_thickness,rh_R_VMV2_ROI_thickness,rh_R_31pd_ROI_thickness,rh_R_31a_ROI_thickness,rh_R_VVC_ROI_thickness,rh_R_25_ROI_thickness,rh_R_s32_ROI_thickness,rh_R_pOFC_ROI_thickness,rh_R_PoI1_ROI_thickness,rh_R_Ig_ROI_thickness,rh_R_FOP5_ROI_thickness,rh_R_p10p_ROI_thickness,rh_R_p47r_ROI_thickness,rh_R_TGv_ROI_thickness,rh_R_MBelt_ROI_thickness,rh_R_LBelt_ROI_thickness,rh_R_A4_ROI_thickness,rh_R_STSva_ROI_thickness,rh_R_TE1m_ROI_thickness,rh_R_PI_ROI_thickness,rh_R_a32pr_ROI_thickness,rh_R_p24_ROI_thickness
sub-02,1.637,2.432,2.055,1.879,2.24,2.28,2.502,2.719,1.544,2.761,2.708,2.691,2.063,2.398,2.231,2.283,2.34,2.819,2.236,2.448,2.94,3.07,2.512,2.037,2.761,2.899,2.219,2.875,2.07,2.594,2.655,2.954,2.761,2.983,2.561,2.072,2.098,2.266,2.315,2.772,2.43,2.386,2.682,2.718,2.114,2.514,2.279,2.237,2.324,2.214,2.203,1.97,1.764,3,2.582,3.148,2.693,2.465,2.604,2.346,2.974,2.568,2.824,2.608,2.345,2.15,2.676,2.398,2.732,2.745,2.607,2.531,2.446,2.832,2.565,2.435,2.553,2.713,2.313,2.312,2.549,2.269,2.286,2.306,2.145,2.117,2.455,2.611,2.265,2.72,2.369,2.843,2.472,2.857,2.188,2.523,2.715,2.553,3.019,2.619,2.372,2.603,2.547,2.666,2.535,3.433,2.687,2.713,2.776,2.305,2.514,3.425,2.947,2.529,2.648,2.474,2.307,2.999,2.469,2.543,2.326,3.203,3.243,2.535,3.099,2.929,2.514,2.766,2.441,2.463,3.189,2.959,2.499,2.477,2.732,2.236,2.97,2.421,2.587,2.707,2.343,2.253,3.074,2.263,2.281,2.322,2.428,2.804,2.559,2.431,2.666,2.372,2.481,2.586,2.523,2.209,2.326,2.516,2.186,2.704,2.479,2.623,2.92,2.744,2.289,2.999,2.95,2.67,2.499,2.276,2.118,2.876,2.319,2.432,2.67,2.562,2.816,3.062,2.815,3.331,1.905,2.254,1.957,1.911,2.113,2.236,2.55,2.693,1.562,2.511,2.589,2.534,2.246,2.162,2.127,2.487,2.295,2.686,2.275,2.234,2.539,3.047,2.349,2.167,2.876,2.813,2.465,2.552,2.437,2.461,2.684,2.857,2.676,2.985,2.469,2.217,2.224,2.305,2.289,2.717,2.447,2.245,2.691,2.666,2.179,2.48,2.167,1.884,2.196,2.321,2.06,2.017,1.788,2.572,2.521,2.822,2.773,2.178,2.556,2.39,2.368,2.472,2.679,2.271,2.362,2.333,2.453,2.326,2.538,2.631,2.182,2.471,2.313,2.843,2.511,2.495,2.476,2.577,2.7,2.391,2.358,2.382,2.385,2.161,2.164,2.182,2.513,2.49,2.44,2.682,2.64,2.927,2.003,3.098,2.165,2.546,2.402,2.684,2.674,2.709,2.937,2.597,2.575,2.539,2.716,3.377,2.843,2.808,3.022,3.278,2.829,3.545,2.836,2.354,2.361,2.437,2.202,3.106,2.283,2.527,2.171,3.207,3.529,2.463,2.959,3.319,2.616,2.85,2.735,3.145,3.303,3.208,3.006,2.711,2.579,2.527,3.084,2.759,2.709,2.487,2.438,2.116,2.715,2.316,2.416,2.492,2.269,2.411,2.666,2.411,2.75,2.285,2.529,2.682,2.402,2.237,2.206,2.505,2.488,2.598,2.366,2.347,3.171,2.83,2.411,2.729,3,2.889,2.361,2.183,2.535,3.097,2.49,2.214,2.821,2.535,2.488,2.584,2.579,2.425
sub-03,1.83,2.247,2.266,1.989,2.365,2.562,2.714,2.755,1.661,2.554,2.383,2.897,2.342,2.598,2.4,2.405,2.343,2.73,2.184,2.394,2.744,3.005,2.204,2.485,2.681,2.816,2.322,2.826,2.684,2.672,3.049,3.043,3.179,2.997,2.614,2.284,2.248,2.658,2.211,2.814,2.68,2.265,2.51,2.825,2.304,2.538,2.285,2.316,2.383,2.272,2.229,2.125,2.01,2.865,2.666,2.904,2.953,2.86,2.981,2.744,2.701,2.982,2.657,2.291,2.434,2.745,2.78,2.359,2.824,2.884,2.437,2.5,2.518,2.514,2.778,2.7,2.841,2.503,2.537,2.486,2.422,2.378,2.451,2.456,2.308,2.255,2.475,2.744,2.463,2.302,2.731,2.629,2.095,2.928,2.541,2.587,2.525,2.757,2.89,2.701,2.57,2.967,2.62,2.471,2.574,3.602,3.039,3.032,3.176,3.185,2.872,4.356,3.2,2.664,2.819,2.257,2.268,3.423,2.847,3.052,2.529,3.333,3.907,2.646,3.169,2.951,2.902,3.059,2.68,2.558,3.452,2.917,3.094,2.918,2.851,2.479,2.79,2.435,2.665,2.65,2.621,2.226,2.838,2.314,2.559,2.49,2.802,2.643,2.528,2.543,2.635,2.578,2.773,2.569,2.51,2.593,2.302,2.545,2.351,2.659,2.517,2.439,3.205,3.375,2.485,2.526,3.62,2.855,2.623,2.297,2.32,3.236,2.804,2.55,2.96,2.677,3.005,3.287,2.845,2.983,1.845,2.586,2.143,2.036,2.378,2.547,2.932,2.736,1.597,2.646,2.414,3.017,2.283,2.858,2.347,2.317,2.385,3.011,2.309,2.456,2.696,3.079,2.343,2.559,2.791,2.766,2.534,2.482,2.548,2.531,2.93,2.835,3.005,3.113,2.572,2.329,2.191,2.278,2.222,2.663,2.556,2.164,2.605,2.591,2.321,2.739,2.314,2.082,2.459,2.024,2.207,2.059,1.968,2.954,2.54,2.97,2.744,2.646,3.077,2.648,2.71,2.875,2.817,2.496,1.996,2.962,2.61,2.364,2.585,2.859,2.48,2.422,2.51,2.524,3.232,2.624,2.522,2.479,2.273,2.457,2.352,2.559,2.51,2.324,2.438,2.316,2.284,2.444,2.537,2.453,2.775,2.594,2.171,2.917,2.021,2.491,2.707,2.792,3.056,2.935,2.213,3.077,2.401,2.529,2.737,3.222,3.007,2.79,3.234,3.533,2.86,3.619,2.765,2.601,2.848,2.278,2.265,3.81,2.746,3,2.501,3.249,3.398,2.661,3.097,2.683,2.678,3.136,2.723,3.057,3.068,3.559,2.83,3.323,2.961,2.702,3.122,2.689,2.682,2.839,2.266,2.425,2.773,2.29,2.492,2.256,2.597,2.779,2.611,2.486,2.605,2.411,1.931,2.779,2.341,2.719,2.445,2.546,2.534,2.125,2.294,2.553,2.969,3.182,2.573,2.769,3.343,2.823,2.69,2.297,2.783,3.575,2.664,2.184,3.146,2.873,3.249,2.9,2.668,3.111
sub-04,1.852,2.522,2.475,2.064,2.378,2.374,2.778,2.669,1.829,2.613,2.331,2.898,2.373,2.57,2.623,2.38,2.411,2.807,2.301,2.313,2.546,2.556,2.415,2.641,3.099,2.816,2.563,3.116,2.336,2.41,2.665,3.007,2.857,3.096,2.497,2.221,2.485,2.389,2.249,2.735,2.759,2.547,2.668,2.664,2.271,2.686,2.451,2.295,2.447,2.488,2.716,2.291,1.963,2.774,2.772,3.103,2.87,2.555,3.133,2.54,2.88,2.922,2.789,2.666,2.247,2.654,2.578,2.401,2.886,2.571,2.464,2.328,2.48,2.765,2.676,2.869,2.87,2.472,2.416,2.462,2.659,2.399,2.552,2.299,2.27,2.177,2.598,2.872,2.25,2.692,2.688,2.723,2.122,3.086,2.407,2.288,2.673,2.558,2.515,2.941,2.768,2.743,2.739,2.681,2.621,3.203,2.818,2.913,3.259,2.644,3.004,3.94,3.037,2.673,2.875,2.557,2.369,3.369,2.364,2.312,2.584,3.237,3.123,2.683,3.26,3.177,2.704,2.922,2.672,2.628,3.496,3.196,3.023,2.724,3.099,2.662,2.903,2.537,2.748,2.57,2.378,2.504,2.429,2.489,2.688,2.268,2.903,2.709,2.723,2.567,2.859,2.832,2.979,2.712,2.533,2.411,2.606,2.451,2.407,2.577,2.929,2.826,3.312,2.823,2.226,2.338,3.191,2.752,2.572,2.286,2.435,3.052,2.649,2.423,2.937,2.909,2.834,2.799,2.695,3.201,1.838,2.632,2.19,2.144,2.429,2.478,2.508,2.671,1.684,2.413,2.425,2.464,2.695,2.463,2.244,2.7,2.232,3.142,2.432,2.576,2.694,2.903,2.878,2.66,2.935,2.853,2.493,2.757,2.748,2.329,2.611,3.286,2.982,3.319,2.467,2.426,2.355,2.542,2.428,2.627,2.355,2.414,2.708,2.369,2.504,2.526,2.413,2.228,2.205,2.729,2.573,2.269,1.969,2.68,2.566,3.167,3.001,2.12,3.058,2.396,2.945,2.765,2.682,2.432,2.126,2.736,2.454,2.221,2.571,2.808,2.388,2.633,2.267,2.786,2.721,2.893,2.67,2.756,2.459,2.227,2.48,2.398,2.49,2.298,2.489,2.329,2.472,2.819,2.57,2.85,2.614,2.657,2.021,2.845,2.365,2.307,2.162,2.326,2.547,2.803,2.854,2.629,2.465,2.492,2.84,3.402,2.739,2.885,2.924,2.726,2.844,3.489,2.728,2.489,2.607,2.739,2.44,3.638,2.57,2.494,2.373,3.301,3.198,2.969,3.09,3.399,2.531,2.924,2.639,3.027,3.23,3.088,2.78,2.915,2.915,2.819,3.032,3.026,2.71,3,2.592,2.485,2.937,2.596,2.535,2.374,2.453,2.774,2.699,2.639,2.827,2.426,2.909,2.661,2.544,2.71,2.822,2.422,2.454,2.492,2.397,2.712,3.13,3.162,2.307,2.755,3.326,2.863,2.387,2.132,2.356,3.408,2.778,2.926,3.229,2.673,2.986,2.653,2.677,2.939
sub-05,1.725,2.452,2.347,2.119,2.478,2.454,2.698,2.766,1.664,2.702,2.317,2.86,2.408,2.47,2.63,2.592,2.369,3.201,2.361,2.241,2.923,2.858,2.502,2.675,2.974,3.193,2.778,3.237,2.667,2.728,3.028,3.101,2.978,3.496,2.627,2.669,2.438,2.541,2.318,2.918,2.987,2.189,3.196,2.673,2.209,2.364,2.434,2.3,2.676,2.251,2.544,2.281,1.885,2.934,2.782,3.458,3.308,2.24,2.841,2.695,2.731,2.721,3.071,2.325,1.696,2.414,2.894,2.463,3.091,3.138,2.772,2.997,2.447,2.902,2.648,2.96,2.686,2.846,2.959,2.812,2.648,2.589,2.49,2.539,2.394,2.446,2.568,2.628,1.936,2.64,2.685,2.887,2.093,3.218,2.323,2.605,2.644,3.048,3.269,3.099,2.656,2.971,2.796,2.719,2.704,3.275,3.378,2.896,3.445,2.776,2.897,3.812,3.247,2.749,2.934,2.428,2.289,3.682,2.658,2.723,2.272,3.03,4.2,2.842,3.331,3.024,2.838,3.007,2.688,2.837,3.732,3.458,3.315,2.817,3.127,2.756,2.935,2.657,2.781,2.796,2.433,2.332,2.742,2.456,2.348,2.509,2.874,2.956,2.621,2.676,2.716,2.639,2.499,2.686,2.452,3.342,2.634,2.532,2.516,2.456,2.428,2.99,3.169,2.997,2.325,2.526,3.304,3.107,2.547,2.114,2.194,3.633,2.847,2.709,3.291,2.72,3.228,3.329,2.897,3.202,1.922,2.539,2.127,2.282,2.37,2.528,2.947,2.886,1.702,2.585,2.419,2.38,2.412,2.638,2.377,2.594,2.19,2.907,2.445,2.147,3.268,2.823,2.786,2.868,2.728,2.787,2.222,2.71,3.231,2.95,2.917,3.027,3.052,3.203,2.727,2.412,2.009,2.482,2.341,2.69,2.639,2.502,2.966,2.511,2.629,2.112,2.561,2.424,2.169,2.413,2.653,2.112,1.764,2.841,2.595,3.229,2.783,2.285,2.905,2.107,2.547,2.465,2.849,1.936,2.393,2.425,2.636,2.278,2.792,2.672,2.304,2.778,2.252,2.428,2.733,2.858,2.274,2.623,2.37,2.455,2.376,2.588,2.465,2.339,2.771,2.289,2.334,2.677,2.382,2.599,2.819,2.592,1.829,3.1,2.361,2.33,2.646,2.512,2.764,2.992,3.27,2.802,2.34,2.388,2.637,4.068,3.533,2.948,3.379,3.2,2.867,3.316,2.743,2.764,2.75,2.43,2.133,3.36,2.143,2.742,2.41,3.265,3.461,2.76,3.18,3.504,2.757,2.929,2.619,2.539,3.841,3.457,3.02,2.69,3.102,2.731,2.968,2.637,2.577,2.859,2.578,2.347,3.098,2.442,2.234,2.632,3.024,2.913,2.411,2.786,2.898,2.657,2.828,2.483,2.527,2.918,2.525,2.431,2.309,2.447,2.447,2.471,3.049,2.426,1.746,2.358,3.501,3.085,2.461,1.976,2.397,3.755,2.618,2.703,3.076,2.845,2.724,2.927,2.232,2.818
sub-07,2.006,2.532,2.399,2.051,2.328,2.54,2.677,2.679,1.815,2.723,2.628,3.049,2.445,2.622,2.398,2.244,2.386,2.882,2.277,2.639,2.587,2.508,2.241,2.62,2.455,2.963,2.288,3.171,2.521,2.526,2.89,2.904,2.966,2.996,2.755,2.152,2.153,2.451,2.323,2.861,2.593,2.355,2.953,2.617,2.342,2.339,2.303,2.529,2.571,2.355,2.526,2.257,2.096,2.815,2.655,3.124,2.698,2.933,2.794,2.98,2.595,2.628,2.717,2.737,2.389,2.599,2.519,2.144,2.983,2.98,2.652,2.605,2.633,2.883,2.801,2.854,2.678,2.863,2.72,2.49,2.721,2.355,2.503,2.586,2.588,2.541,2.605,2.76,2.248,2.613,2.588,2.603,2.182,2.874,2.357,2.577,2.781,2.57,2.831,2.831,3.18,2.665,2.358,2.643,2.731,3.72,3.133,2.897,2.914,3.04,2.858,3.801,3.192,2.598,2.859,2.421,2.374,3.345,2.355,2.815,2.108,3.111,3.709,2.69,3.257,2.956,2.725,2.883,2.621,2.851,3.195,3.683,2.96,2.743,2.95,2.851,2.882,3.098,2.802,2.761,2.334,2.294,2.842,2.28,2.409,2.488,2.554,2.695,2.661,2.416,2.749,2.554,2.566,2.82,2.607,2.654,2.394,2.582,2.723,2.577,2.42,2.66,2.815,2.717,2.145,2.844,3.29,2.441,2.62,2.414,2.423,2.919,2.758,2.446,3.034,2.696,3.301,2.576,3.114,3.11,2.103,2.667,2.124,2.142,2.356,2.363,2.843,2.81,1.769,2.681,2.518,2.874,2.636,2.633,2.323,2.184,2.032,3.002,2.236,2.905,3.501,2.585,2.508,2.701,2.882,3.115,2.332,2.915,2.222,2.714,2.464,2.675,3.048,2.846,2.59,2.328,2.102,2.303,2.308,2.682,2.315,2.078,2.976,2.792,2.302,2.366,2.332,2.33,2.097,2.063,2.394,2.225,1.828,2.803,2.568,3.027,2.952,2.405,3.227,2.377,2.785,2.754,2.972,2.347,2.311,2.77,2.793,2.312,2.921,2.878,2.501,2.429,2.547,2.652,2.548,2.662,2.468,2.691,2.655,2.568,2.452,2.469,2.554,2.461,2.309,2.372,2.462,2.572,2.374,2.673,2.664,2.793,1.981,2.812,2.093,2.432,2.739,2.696,2.741,3.057,3.028,2.777,2.31,2.417,2.726,3.704,2.928,2.957,3.117,2.98,2.686,3.708,2.823,2.55,2.921,2.694,2.342,3.638,2.474,2.935,2.696,3.289,3.386,2.73,3.026,2.574,2.499,2.774,2.581,2.744,3.291,3.137,2.761,2.726,2.857,2.985,2.712,3.062,2.754,2.502,2.661,2.307,2.625,2.499,2.33,2.374,2.816,2.695,2.571,2.657,2.803,2.293,2.569,2.447,2.355,3.244,2.71,2.55,2.598,2.238,2.162,2.365,2.87,2.702,2.206,2.834,3.321,2.803,2.437,2.286,2.361,3.445,2.556,2.622,3.172,2.646,2.548,2.339,2.649,3.288
sub-08,1.693,2.282,2.347,2.039,2.266,2.356,2.592,2.588,1.633,2.504,2.342,2.496,2.12,2.597,2.226,2.183,2.123,2.806,2.181,2.462,2.997,2.973,2.265,2.729,2.788,2.709,2.627,3.046,2.347,2.637,2.641,2.842,2.903,3.103,2.537,2.238,1.955,2.401,2.083,2.709,2.491,2.153,2.545,2.67,2.566,2.518,2.154,2.224,2.109,2.014,2.308,2.071,1.908,2.882,2.597,3.412,2.838,2.854,2.78,2.783,2.935,3.074,2.647,2.624,2.511,2.634,2.51,2.367,2.804,2.961,2.632,2.788,2.413,2.6,2.762,2.768,2.829,2.548,2.841,2.421,2.54,2.23,2.277,2.474,2.396,2.252,2.484,2.696,2.063,2.924,2.994,3.006,2.25,2.985,1.963,2.464,2.798,2.578,2.905,2.909,2.71,2.637,2.295,2.66,2.692,3.667,2.587,2.972,2.837,2.381,2.866,3.58,3.066,2.619,2.672,2.266,2.444,3.705,2.29,2.439,2.074,3.549,3.614,2.732,3.247,3.234,2.909,2.88,2.625,2.823,3.305,3.133,2.922,2.817,2.802,2.86,2.804,2.522,2.733,2.511,2.411,2.475,2.566,2.354,2.344,2.324,3.019,2.66,2.701,2.413,2.715,2.399,2.495,2.625,2.715,2.724,2.345,2.256,2.72,2.43,2.533,2.573,2.942,3.054,2.892,2.765,3.199,2.759,2.575,2.478,2.446,3.088,2.626,2.648,2.782,2.902,2.873,2.781,2.791,2.726,1.853,2.322,2.156,1.901,2.171,2.303,3.011,2.625,1.627,2.667,2.533,2.749,2.224,2.752,2.29,2.272,2.095,2.978,2.277,2.24,2.6,2.534,2.243,2.555,2.617,3.07,2.499,2.642,2.424,2.447,2.717,2.703,2.854,3.215,2.464,2.202,2.036,2.418,2.257,2.603,2.559,2.087,2.468,2.491,2.571,2.141,2.419,2.068,1.982,2.199,2.231,2.061,1.819,2.712,2.614,2.744,2.666,2.121,2.874,2.731,2.821,2.946,2.718,2.876,2.085,2.71,2.461,2.435,2.568,2.746,2.512,2.69,2.419,2.877,2.645,3.059,2.517,2.671,2.442,2.565,2.754,2.256,2.547,2.422,2.508,2.215,2.483,2.812,2.393,2.671,2.57,2.852,2.167,3.194,2.432,2.437,2.716,2.576,2.908,2.728,2.723,2.637,2.297,2.393,2.456,3.347,2.77,3.196,3.077,2.367,2.825,3.215,3.093,2.623,2.973,2.482,2.221,3.285,2.352,2.44,1.997,3.496,3.525,2.559,2.984,3.438,2.592,2.706,2.689,2.809,3.285,3.275,2.909,2.714,2.758,2.546,3.101,2.683,2.715,2.516,2.425,2.491,2.666,2.31,2.361,2.385,2.796,2.769,2.594,2.696,2.628,2.248,2.469,2.415,2.417,2.541,2.35,2.554,2.371,2.28,2.236,2.455,2.94,2.808,2.711,2.755,3.053,2.859,2.762,2.181,2.341,3.253,2.613,2.553,3.035,2.586,2.89,2.408,2.91,3.161
sub-09,1.911,2.7,2.285,2.432,2.739,2.69,2.932,2.705,1.696,2.499,2.599,2.805,2.731,2.528,2.503,3.112,2.735,3.176,2.702,2.388,3.308,3.089,2.49,2.936,2.655,3.044,2.331,2.977,2.346,2.652,2.893,2.974,2.723,2.767,2.611,2.276,2.243,2.488,2.333,2.774,2.706,2.39,2.689,2.758,2.233,2.795,2.612,2.34,2.775,2.533,2.616,2.341,2.114,2.824,2.826,3.305,2.944,2.086,2.26,2.875,2.984,2.541,2.909,2.442,2.425,2.563,2.779,2.32,2.806,2.939,2.659,2.517,2.572,2.756,2.622,2.668,2.732,2.713,2.73,2.463,2.58,2.569,2.378,2.461,2.454,2.298,2.659,2.792,2.243,2.913,3.071,2.782,1.979,3.014,2.489,2.428,2.515,2.649,3.224,3.089,2.987,2.745,2.539,2.643,2.778,3.43,3.119,2.756,3.011,2.496,2.771,3.39,2.933,2.695,2.841,2.52,2.334,3.412,2.866,2.443,2.429,3.471,4.236,2.92,3.269,3.307,2.938,3.071,2.645,2.634,3.678,3.333,3.068,2.799,2.888,2.841,2.9,2.628,2.784,2.461,2.521,2.489,3.057,2.701,2.535,2.649,2.906,2.724,2.654,2.566,2.973,2.781,2.726,2.551,3.103,3.017,2.478,2.887,2.43,2.981,2.41,2.968,3.027,3.094,2.665,2.48,3.141,2.464,2.591,2.303,2.37,3.828,2.641,3.032,3.563,2.853,2.945,2.826,2.74,3.053,2.071,2.642,2.3,2.215,2.473,2.505,2.864,2.709,1.537,2.368,2.481,2.768,2.648,2.537,2.332,3.009,2.34,2.894,2.621,2.415,2.806,2.902,2.259,2.711,3.104,3.176,2.332,2.946,2.721,2.673,2.962,2.969,2.87,3.038,2.685,2.232,2.322,2.461,2.335,2.7,2.629,2.459,2.711,2.863,2.348,2.659,2.397,2.103,2.74,2.772,2.512,2.07,1.895,3.045,2.578,3.099,2.777,2.437,3.057,2.627,2.851,2.947,2.878,2.269,2.762,2.502,2.383,2.38,2.856,2.669,2.557,2.624,2.489,2.67,2.419,2.837,2.529,2.592,2.786,2.275,2.441,2.548,2.318,2.516,2.561,2.357,2.482,2.646,2.225,2.627,2.868,2.537,2.366,3.023,2.234,2.397,2.495,2.386,3.001,2.815,2.732,2.61,2.527,2.456,2.824,3.948,3.142,2.61,2.983,3.413,2.923,3.665,3.034,2.53,2.651,2.244,2.367,3.532,2.521,2.79,2.43,3.452,3.935,3.047,3.268,3.511,2.752,2.824,2.824,2.866,3.757,3.298,2.925,3.101,3.177,2.6,2.83,3.05,2.643,2.784,2.528,2.338,3.179,2.505,2.609,2.707,2.874,2.767,2.657,2.683,3.054,2.795,3.306,2.664,2.925,2.741,2.533,2.734,2.441,2.569,2.537,2.662,2.91,3.173,2.438,2.41,3.203,2.762,2.533,2.266,2.305,3.724,2.705,2.934,3.507,2.846,3.33,2.955,2.871,3.117
sub-10,1.935,2.541,2.486,2.134,2.536,2.551,2.63,2.86,1.839,2.723,3.174,3.089,2.356,2.298,2.565,2.674,2.384,2.741,2.437,2.503,2.871,2.643,2.591,2.685,2.934,3.196,2.773,2.879,2.86,2.527,3.113,3.226,3.17,3.094,2.588,2.522,2.311,2.542,2.423,3.132,2.869,2.226,3.047,2.92,2.328,2.672,2.587,2.571,2.563,2.375,2.761,2.334,1.92,3.468,2.951,3.436,3.023,2.235,3.145,3.097,2.718,3.018,3.308,2.692,2.154,2.426,2.89,2.775,2.834,3.258,2.732,2.503,2.64,2.621,2.827,2.907,2.643,2.914,2.706,2.702,2.466,2.396,2.234,2.523,2.019,2.31,2.539,2.636,2.309,2.896,2.725,2.775,2.137,2.923,2.506,2.674,2.844,2.835,3.151,2.65,2.983,2.84,2.882,2.628,2.831,2.915,3.323,3.089,3.264,2.912,2.964,3.554,3.378,2.696,2.896,2.714,2.527,3.768,2.698,2.807,2.388,2.937,3.825,2.599,3.295,3.353,3.073,3.032,2.564,2.405,3.447,3.192,2.769,2.657,3.003,2.887,3.067,2.796,2.572,2.755,2.648,2.565,3.001,2.434,2.526,2.555,3.225,2.905,3.163,2.78,3.036,3.175,2.917,2.571,2.77,2.732,2.389,2.91,2.723,2.634,2.565,2.581,3.161,2.944,2.515,2.813,3.249,2.945,2.519,2.474,2.337,3.046,3.084,2.677,3.139,3.011,3.202,3.016,2.917,3.218,1.879,2.378,2.399,2.263,2.387,2.521,2.613,2.961,1.639,2.877,2.621,2.749,2.359,2.474,2.663,2.662,2.524,2.826,2.405,2.232,3.102,3.074,2.599,3.08,3.315,3.033,2.383,2.643,2.822,2.684,3.115,2.992,2.919,3.14,2.667,2.454,2.451,2.617,2.177,2.866,2.777,2.067,2.8,3.162,2.412,2.491,2.537,2.276,2.851,2.48,2.78,2.323,2.064,2.942,2.902,3.134,3.178,2.509,2.838,3.184,2.788,2.58,3.388,2.253,2.397,2.856,3.012,2.596,3.048,3.473,2.477,2.817,2.534,2.734,2.58,3.156,2.645,2.834,2.718,2.528,2.477,2.633,2.541,2.565,2.222,2.405,2.533,2.658,2.294,2.995,3.018,2.873,2.279,3.644,2.298,2.587,3.012,2.783,3.267,2.785,3.354,2.822,2.545,2.504,3.229,3.702,3.331,2.997,3.248,2.563,2.985,3.729,3.053,2.904,2.759,2.557,2.577,3.836,2.543,2.538,2.46,3.489,3.62,3.146,3.255,3.375,2.776,2.938,2.679,2.938,3.238,3.431,3.083,2.805,2.959,2.635,2.746,2.809,2.738,2.756,2.543,2.452,2.908,2.518,2.58,2.542,2.608,3.077,2.629,2.744,2.823,2.907,2.93,3.051,2.546,2.694,2.527,2.437,2.208,2.958,2.406,2.308,3.117,3.343,2.374,2.57,3.089,3.269,2.731,2.425,2.514,3.171,2.803,2.837,3.347,2.844,2.902,2.995,3.098,2.872
sub-11,1.777,2.394,2.01,1.976,2.182,2.273,2.557,2.564,1.616,2.339,2.492,2.836,2.061,2.337,2.313,2.143,1.948,2.787,2.057,2.244,2.47,2.728,2.26,2.497,2.987,2.859,2.353,3.059,2.225,2.398,2.683,3.388,3.056,3.282,2.476,2.233,2.209,2.553,2.066,2.762,2.473,2.084,2.601,2.683,2.33,2.407,2.675,2.318,2.613,2.071,2.317,2.042,1.888,2.771,2.514,2.965,2.922,2.783,3.169,2.724,3.076,2.779,2.972,2.582,2.42,2.488,2.491,2.561,2.948,3.14,2.712,2.548,2.548,2.854,2.721,2.689,2.469,2.451,2.363,2.186,2.308,2.383,2.416,2.412,2.124,2.441,2.654,2.512,2.055,2.545,2.59,2.686,1.991,2.795,2.217,2.483,2.617,2.42,2.592,2.774,2.639,2.683,2.528,2.4,2.616,3.231,2.914,2.67,3.011,3.598,2.77,3.866,2.925,2.652,2.756,2.365,2.258,3.58,2.311,2.867,2.265,2.963,3.771,2.656,3.334,3.055,2.7,3.12,2.52,2.631,3.272,3.101,2.88,2.648,2.6,2.305,2.923,2.419,2.629,2.609,2.359,2.335,2.658,2.32,2.265,2.081,2.806,2.694,2.606,2.443,2.622,2.751,2.458,2.328,2.74,2.176,2.51,2.21,2.231,2.409,2.405,2.945,3.24,2.847,2.438,2.33,3.398,2.467,2.306,2.318,2.171,3.512,2.537,2.507,3.064,2.51,2.804,2.962,2.562,3.101,1.787,2.607,2.037,2.006,2.233,2.294,2.525,2.614,1.543,2.5,2.43,2.788,2.295,2.419,2.522,2.14,2.014,2.891,2.046,2.184,2.318,2.884,2.272,2.672,3.008,2.733,2.405,2.808,2.387,2.749,2.672,3.013,2.864,2.674,2.427,2.305,2.218,2.538,2.144,2.548,2.511,2.155,2.808,2.501,2.275,2.483,2.358,1.909,2.39,2.207,2.228,2.037,1.871,2.777,2.58,2.955,2.993,2.531,2.806,2.48,2.578,2.553,2.861,2.227,2.175,2.408,2.433,2.308,2.689,2.778,2.464,2.459,2.422,2.77,2.584,2.411,2.195,2.514,2.411,2.427,2.399,2.329,2.469,2.221,2.377,2.182,2.462,2.464,2.248,2.624,2.539,2.705,1.796,2.986,2.131,2.48,2.635,2.6,2.684,2.524,2.634,2.195,2.56,2.539,2.857,3.453,2.829,2.714,3.124,3.326,2.594,3.164,2.708,2.297,2.647,2.463,2.221,3.62,2.31,2.561,2.197,3.187,3.455,2.873,3.221,2.88,2.674,2.833,2.871,3.06,3.192,3.273,2.863,2.778,2.916,2.774,3.039,2.662,2.749,2.723,2.373,2.261,2.582,2.356,2.353,2.397,2.692,2.752,2.549,2.444,2.523,2.428,2.392,2.467,2.392,2.313,2.673,2.245,2.566,2.66,2.259,2.334,2.98,2.747,2.274,2.506,3.159,2.522,2.309,2.373,2.224,3.053,2.589,2.986,3.145,2.666,2.991,2.633,2.567,2.87
sub-13,1.873,2.424,2.283,1.981,2.374,2.48,2.715,2.821,1.779,2.641,2.426,2.877,2.549,2.616,2.591,2.417,2.372,3.063,2.198,2.513,3.25,2.782,2.398,2.753,2.618,2.821,2.665,2.777,2.259,2.725,2.758,2.99,2.975,3.25,2.525,2.364,2.348,2.425,2.232,2.647,2.684,2.545,2.663,2.858,2.742,2.982,2.924,2.224,2.549,2.531,2.486,2.128,1.904,3.063,2.786,3.05,2.842,2.546,2.794,2.723,2.698,2.398,2.848,2.261,2.41,2.306,2.752,2.475,2.802,3.128,2.597,2.487,2.533,2.785,2.595,2.713,2.721,2.771,2.501,2.529,2.557,2.438,2.262,2.411,2.447,2.222,2.593,2.689,2.094,2.99,2.561,2.679,2.174,2.653,2.293,2.814,2.506,2.649,2.715,2.478,2.425,2.5,2.543,2.35,2.558,3.034,2.786,2.815,2.937,3.011,2.466,3.301,2.77,2.523,2.824,2.489,2.383,3.445,2.588,2.576,1.742,3.216,3.531,2.602,3.221,2.943,2.929,3.396,2.536,2.589,3.341,3.108,3.145,2.902,2.738,3.223,3.369,2.855,2.51,2.683,2.56,2.397,2.63,2.393,2.315,2.327,2.843,2.572,3.022,2.545,2.846,2.866,2.206,2.712,2.646,2.881,2.537,2.541,2.549,2.746,2.663,2.902,3.283,3.12,2.385,2.53,3.026,2.557,2.451,2.473,2.743,3.325,2.699,2.436,3.04,2.743,3.232,2.645,2.735,3.433,2.004,2.762,2.292,2.087,2.358,2.575,2.989,2.744,1.746,2.391,2.323,2.551,2.714,2.642,2.502,2.674,2.252,2.898,2.202,2.546,2.928,2.525,2.737,2.554,2.778,2.979,2.565,2.514,2.393,3.037,2.768,3.269,3.078,3.033,2.609,2.286,2.193,2.479,2.47,2.924,2.624,2.122,2.639,2.452,2.338,2.723,2.357,2.199,2.525,2.523,2.517,2.101,1.885,3.195,2.595,2.91,2.843,2.112,2.893,2.749,2.735,2.878,2.903,2.229,1.878,2.253,2.495,2.201,2.751,3.005,2.199,2.583,2.353,2.535,2.521,2.522,2.356,2.571,2.242,2.279,2.288,2.453,2.537,2.37,2.607,2.1,2.588,2.606,2.242,2.564,2.768,2.647,2.172,2.817,2.37,2.436,2.718,2.729,2.952,2.981,2.907,2.551,2.283,2.412,2.578,3.345,2.537,2.791,3.053,3.106,2.42,3.137,2.973,2.357,2.597,2.361,2.334,3.676,2.575,2.711,2.506,3.519,2.968,2.572,2.864,3.018,2.894,3.144,2.548,2.845,3.028,3.465,2.9,3.115,2.935,2.704,3.062,2.984,2.651,2.868,2.538,2.41,2.955,2.464,2.495,2.478,2.684,2.742,2.427,2.643,2.993,2.643,2.848,2.835,2.296,2.817,2.812,2.67,2.544,2.471,2.354,2.853,2.945,2.853,2.134,2.615,3.19,2.883,2.315,2.133,2.195,3.626,2.493,2.518,2.822,2.783,3.186,2.596,2.486,2.815
sub-14,1.713,2.49,2.354,1.95,2.202,2.493,2.555,2.582,1.545,2.763,2.596,3.137,2.461,2.552,2.465,2.544,2.365,3.229,2.253,2.906,2.719,2.825,2.926,2.419,3.021,2.94,2.42,3.12,2.634,2.61,2.954,2.904,3.157,3.287,2.521,2.311,2.377,2.45,2.533,2.635,2.737,1.81,2.926,2.652,2.45,2.598,2.129,2.414,2.534,2.309,2.165,1.98,1.991,2.786,2.468,3.005,2.877,2.308,2.933,2.517,3.449,2.933,2.833,2.429,2.483,2.576,2.699,2.383,2.902,2.811,2.491,2.791,2.777,2.665,2.707,2.694,2.768,2.702,2.589,2.338,2.448,2.334,2.24,2.575,2.253,2.495,2.441,2.657,2.278,2.606,3.177,2.781,1.97,2.934,2.392,2.3,2.379,2.649,2.966,2.861,2.937,2.718,2.604,2.654,2.742,3.884,3.131,2.806,2.635,3.175,2.645,3.622,2.925,2.537,2.861,2.315,2.242,3.382,2.187,2.764,2.504,3.111,3.933,2.886,3.302,2.783,2.777,3.171,2.766,3.107,3.429,3.527,3.065,3.067,3.389,2.846,3.236,2.87,2.865,2.876,2.543,2.498,2.886,2.578,2.465,2.335,2.947,2.871,2.666,2.755,2.883,3.078,2.526,2.595,2.663,2.727,2.546,2.516,2.518,2.684,2.443,2.576,2.788,3.044,2.628,2.605,3.163,2.922,2.466,2.369,2.147,3.44,2.816,2.663,3.313,2.924,3.236,2.951,2.502,3.015,1.844,2.339,2.293,2.104,2.349,2.422,2.846,2.606,1.402,2.726,2.381,2.926,2.674,2.662,2.318,2.345,2.123,2.956,2.289,2.549,2.853,3.129,2.857,2.597,2.896,2.796,2.276,2.766,2.317,2.749,2.96,2.979,3.197,3.188,2.701,2.082,2.084,2.478,2.093,2.425,2.504,2.127,2.39,2.443,2.32,2.393,2.392,2.245,2.221,2.477,2.211,2.149,1.739,2.886,2.307,2.816,2.935,2.162,2.717,2.181,2.712,2.7,2.69,2.245,2.155,2.582,2.718,2.059,2.631,2.654,2.469,2.671,2.233,2.76,2.535,2.506,2.423,2.572,2.2,2.225,2.13,2.553,2.451,2.033,2.103,2.296,2.348,2.484,2.212,2.193,2.978,2.237,2.071,3.155,2.217,2.158,2.692,2.611,2.741,2.887,3.062,2.705,2.454,2.454,2.503,3.597,3.1,2.676,2.941,3.112,2.607,3.523,2.743,2.683,2.787,2.225,2.21,3.507,2.23,2.55,2.705,3.163,3.579,2.555,3.321,2.788,2.721,2.987,2.969,3.091,3.392,3.525,3.232,2.926,3.35,2.846,3.236,2.739,3.006,2.781,2.49,2.289,2.815,2.216,2.315,2.3,2.915,2.693,2.634,2.713,3.046,2.347,2.596,2.282,2.491,2.98,2.369,2.405,2.743,2.398,2.36,2.356,2.637,3.14,2.51,2.515,3.064,2.66,2.477,2.271,2.461,3.356,2.669,2.688,2.852,2.802,3.328,2.834,2.215,2.964
sub-15,1.667,2.429,2.52,1.89,2.251,2.308,2.391,2.704,1.685,2.486,2.534,2.872,2.47,2.256,2.614,2.645,2.385,2.791,2.262,2.411,2.653,2.773,2.464,2.456,2.926,3.104,2.5,3.007,2.905,2.684,2.819,3.138,3.034,3.558,2.722,2.337,2.039,2.638,2.454,2.722,2.963,2.48,3.309,2.804,2.161,2.641,2.591,2.303,2.178,2.334,2.476,2.248,2.214,3.093,2.684,3.367,3.118,2.481,2.789,2.908,2.922,2.99,3.122,2.674,2.247,2.483,2.74,2.604,3.225,2.657,2.823,2.922,2.565,2.741,2.794,3.143,2.719,2.737,2.607,2.599,2.416,2.566,2.628,2.859,2.471,2.439,2.713,2.679,2.417,2.377,2.689,2.752,2.143,2.684,2.347,2.551,2.723,2.809,3.267,3.171,3.209,2.984,2.715,2.502,2.896,3.464,3.168,3.128,2.873,2.755,2.82,3.612,3.192,2.573,2.837,2.71,2.392,3.315,2.45,2.826,2.593,3.409,3.607,2.763,3.403,3.399,3.123,3.344,2.811,3.008,3.31,3.547,3.088,3.272,2.962,2.605,3.051,2.541,2.776,2.725,2.343,2.583,2.95,2.304,2.35,2.477,3.079,2.859,2.934,2.809,2.84,2.93,2.409,2.782,2.869,2.555,2.575,2.629,2.452,2.577,2.572,3.055,2.864,3.152,2.102,2.517,3.016,2.754,2.454,2.529,2.504,3.648,2.732,2.475,3.381,2.825,3.072,3.307,2.604,3.374,1.751,2.442,2.326,2.039,2.287,2.358,2.744,2.576,1.655,2.475,2.282,2.868,2.246,2.374,2.373,2.37,2.333,2.849,2.347,2.198,2.748,2.609,2.66,2.111,3.062,3.03,2.378,2.802,2.791,2.58,3.078,3.248,2.869,3.327,2.541,2.384,2.24,2.538,2.209,2.748,2.527,2.374,2.801,2.651,2.162,2.435,2.536,2.131,2.053,2.356,2.358,2.072,1.93,2.957,2.329,3.078,2.699,2.295,2.897,2.399,2.779,2.792,2.951,2.419,2.128,2.71,2.465,2.33,3.028,2.736,2.46,2.88,2.583,3.212,2.857,3.133,2.737,2.874,2.5,2.369,2.503,2.454,2.498,2.399,2.728,2.279,2.563,2.856,2.293,2.756,2.946,2.814,1.881,2.827,2.268,2.396,2.59,2.543,2.666,3.158,3.423,3.078,2.441,2.524,2.866,3.69,2.973,2.736,3.134,2.82,2.837,3.38,3.483,2.522,2.681,2.609,2.353,3.167,2.255,2.461,2.294,3.597,4.006,2.93,3.481,2.856,2.806,3.13,2.802,2.984,3.427,3.6,3.047,2.982,2.953,2.722,2.993,3.053,2.631,2.723,2.4,2.629,2.784,2.314,2.364,2.548,3.2,2.86,2.661,2.742,2.819,2.475,2.296,2.784,2.469,2.931,2.859,2.4,2.412,2.904,2.224,2.821,3.16,2.771,2.049,2.552,3.197,2.92,2.539,2.341,2.181,3.219,2.358,2.451,3.484,2.871,3.26,2.801,2.192,3.09
sub-16,1.695,2.344,2.206,2.012,2.164,2.271,2.688,2.885,1.712,2.478,2.251,2.552,2.141,2.693,2.277,1.945,2.091,2.856,2.165,2.455,3.219,2.195,2.419,2.939,2.789,2.878,2.635,3.32,2.526,2.814,2.885,2.846,3.169,3.267,2.597,2.164,2.159,2.493,2.101,2.627,2.425,2.317,2.499,2.6,2.495,2.53,2.303,2.215,1.972,2.17,2.501,2.219,2.088,2.918,2.616,3.341,2.61,2.42,3.029,2.676,2.951,2.679,2.698,2.32,2.52,2.372,2.634,2.316,2.706,3.033,2.662,2.637,2.636,2.54,2.579,2.907,3.092,2.723,2.486,2.692,2.395,2.209,2.409,2.289,2.393,2.197,2.534,2.669,2.313,2.481,2.621,2.88,2.174,2.901,2.029,2.399,2.576,2.635,3.085,2.924,2.706,3.034,2.468,2.624,2.596,3.445,3.063,2.908,3.027,3.468,2.616,3.584,3.216,2.45,2.772,2.49,2.223,3.374,2.63,2.738,2.475,2.721,3.481,2.72,3.447,3.261,2.927,3.068,2.831,2.774,3.38,3.269,3.084,2.872,2.712,2.69,2.814,2.473,2.869,2.518,2.164,2.344,2.615,2.277,2.51,2.332,3.195,2.744,2.623,2.401,2.73,2.276,2.294,2.96,2.768,2.767,2.554,2.255,2.462,2.807,2.613,2.567,3.233,2.674,2.16,2.772,3.113,2.64,2.436,2.254,2.509,3.281,2.813,2.568,3.366,2.783,2.964,2.771,2.286,3.34,1.839,2.439,2.013,1.991,2.194,2.243,2.532,2.809,1.715,2.615,2.369,2.621,2.57,2.643,2.412,2.164,2.221,2.993,2.301,2.304,2.43,2.821,2.635,2.599,2.93,2.668,2.624,2.768,2.158,2.849,2.882,2.788,3.023,3.19,2.653,2.32,2.269,2.421,2.297,2.719,2.538,2.348,2.68,2.767,2.298,2.373,2.503,2.243,2.297,2.352,2.478,2.176,1.982,2.759,2.554,3.209,2.477,2.195,2.82,2.359,2.922,2.404,2.687,2.225,2.338,2.589,2.536,2.112,2.778,2.926,2.376,2.578,2.427,2.745,2.688,3.112,2.582,2.763,2.532,2.427,2.664,2.52,2.358,2.173,2.418,2.191,2.696,2.713,2.503,2.467,2.731,2.601,2.113,2.8,2.032,2.146,2.54,2.356,2.989,3.102,3.085,2.822,2.376,2.547,2.457,3.673,2.9,2.985,3.394,3.484,3.253,3.711,2.854,2.524,2.798,2.595,2.205,3.314,2.341,2.53,2.183,3.218,3.294,2.785,3.232,3.26,2.712,2.802,2.703,3.025,3.106,3.517,2.956,2.728,2.594,2.596,2.899,2.818,2.807,2.545,2.469,2.161,2.739,2.211,2.466,2.422,2.752,2.783,2.609,2.775,2.735,2.388,2.477,2.449,2.582,3.041,2.913,2.321,2.442,2.452,2.474,2.533,3.17,2.926,2.34,2.643,3.359,3.095,2.277,2.226,2.3,3.299,2.602,2.457,3.143,2.697,3.018,2.423,2.612,3.025
sub-17,2.086,2.533,2.163,2.077,2.296,2.44,2.692,2.682,1.854,2.625,2.47,2.908,2.224,2.733,2.574,2.85,2.424,2.922,2.348,2.287,3.133,2.382,2.602,2.712,2.835,2.507,2.558,3.123,2.737,2.499,2.752,3.35,2.874,3.066,2.704,2.276,2.16,2.744,2.561,2.785,2.549,2.342,2.642,2.473,2.733,2.113,2.388,2.448,2.234,2.205,2.518,2.303,1.937,3.055,2.615,3.506,2.864,2.663,2.722,2.682,2.67,2.9,2.79,2.344,1.902,2.305,2.611,2.274,2.77,2.826,2.458,2.679,2.524,2.856,2.796,2.786,2.483,2.806,2.291,2.499,2.558,2.477,2.495,2.378,2.408,2.247,2.432,2.698,2.123,2.5,2.839,2.382,2.381,2.736,2.442,2.43,2.592,2.63,3.26,2.886,2.965,2.986,2.861,2.814,2.483,3.617,3.379,2.998,3.164,2.751,2.684,3.661,2.665,2.584,2.561,2.748,2.38,3.247,2.361,2.572,2.822,3.299,3.396,2.676,3.199,3.104,2.715,3.209,2.654,2.553,3.396,3.271,3.21,2.736,2.52,2.509,3.091,2.783,2.66,2.55,2.602,2.287,2.765,2.49,2.501,2.307,2.887,2.701,2.742,2.706,2.821,2.375,2.814,2.631,2.384,2.718,2.541,2.685,2.246,2.538,2.281,2.396,2.95,3.042,2.119,2.628,3.395,2.742,2.543,2.55,2.593,2.701,2.699,2.491,3.104,3.14,2.309,2.967,2.438,3.017,1.943,2.838,2.175,2.095,2.327,2.427,2.811,2.625,1.756,2.501,2.365,2.529,2.204,2.688,2.535,2.615,2.53,2.855,2.384,2.148,2.57,3.069,2.956,2.534,2.965,2.696,2.429,3.043,2.212,2.685,3.098,2.995,3.264,3.043,2.684,2.504,2.344,2.477,2.453,2.81,2.622,2.164,2.743,2.591,2.646,2.305,2.605,1.94,2.251,2.159,2.449,2.201,1.869,3.043,2.415,3.034,2.758,2.14,2.811,2.507,2.83,2.711,2.832,2.51,2.599,2.72,2.54,2.322,2.602,2.57,2.612,2.512,2.416,2.827,2.501,2.733,2.819,2.566,2.217,2.306,2.378,2.495,2.375,2.382,2.283,2.239,2.596,2.648,1.93,2.5,2.881,2.148,2.24,3.372,2.344,2.376,2.273,2.381,3.174,2.873,2.705,2.864,2.659,2.598,2.772,3.787,3.097,2.694,3.421,2.785,2.825,3.623,3.037,2.843,2.886,2.559,2.473,3.254,2.387,2.642,2.371,3.021,3.298,2.764,3.005,3.059,2.506,2.704,2.567,2.789,3,3.239,2.914,2.498,2.876,2.572,2.964,2.859,2.946,2.884,2.617,2.378,2.705,2.517,2.533,2.675,3.113,2.829,2.556,2.653,2.638,2.813,2.787,2.694,2.365,3.151,2.814,2.631,2.454,2.41,2.569,2.602,3.196,2.977,2.442,3.043,3.228,2.846,2.55,2.277,2.574,3.26,2.657,2.423,3.204,2.906,2.922,3.155,2.57,2.618
sub-18,1.782,2.304,2.267,2.045,2.165,2.285,2.534,2.469,1.58,2.106,2.58,2.477,2.065,2.41,2.266,2.198,2.071,2.671,2.16,2.339,2.794,2.882,2.724,2.277,2.519,2.713,2.211,2.639,2.647,2.387,2.796,3.086,2.987,3.077,2.58,2.012,2.321,2.401,2.004,2.278,2.504,2,2.725,2.526,2.033,2.126,2.149,1.934,2.488,2.217,2.107,1.905,1.924,2.582,2.43,2.986,2.751,2.194,2.852,2.605,2.829,3.212,3.12,2.793,2.957,2.42,2.442,2.461,2.957,2.636,2.688,2.618,2.366,2.79,2.577,2.801,2.835,2.488,2.584,2.585,2.447,2.397,2.29,2.281,2.256,2.516,2.436,2.702,2.197,2.567,3.513,2.874,2.1,3.331,1.939,2.257,2.382,2.356,2.95,3.142,3.121,2.775,2.44,2.375,2.674,3.841,2.803,3.062,3.116,2.576,2.832,4.088,2.969,2.556,2.939,2.307,2.18,2.995,2.296,2.614,2.67,2.502,3.412,2.398,2.986,2.808,2.849,2.52,2.657,2.616,3.244,3.193,3.066,2.533,2.597,2.596,2.876,2.564,2.62,2.522,2.436,2.192,2.545,2.321,2.295,2.293,2.765,2.631,2.394,2.447,2.634,1.986,2.504,2.581,2.308,2.691,2.625,2.516,2.317,2.204,2.454,2.791,3.179,3.118,2.515,2.831,3.683,2.773,2.475,2.354,2.316,3.03,2.868,2.614,2.843,2.448,2.689,2.658,2.949,3.064,1.719,2.732,2.117,2.012,2.174,2.46,2.529,2.484,1.622,2.499,2.258,2.802,2.239,2.461,2.227,2.192,2.155,3.016,2.378,2.248,2.995,3.177,2.43,2.382,2.832,2.678,2.336,2.595,2.223,2.491,2.952,2.953,3.073,3.114,2.461,2.242,2.12,2.437,2.132,2.541,2.331,2.231,2.488,2.625,2.222,2.26,2.18,2.161,1.815,2.161,2.226,2.013,1.97,2.7,2.454,3,2.858,1.778,2.392,2.422,2.831,2.912,3.016,2.539,2.156,2.323,2.319,2.23,2.82,2.804,2.418,2.48,2.294,3.043,2.574,2.516,2.379,2.66,2.373,2.519,2.138,2.23,2.163,2.164,2.335,2.237,2.433,2.609,2.232,2.468,2.709,2.806,2.772,3.182,2.081,2.219,2.504,2.599,2.967,3.028,2.588,2.658,2.8,2.335,2.832,3.991,2.652,2.676,3.305,2.411,2.721,3.879,2.856,2.576,2.458,2.288,2.249,2.922,2.143,2.572,2.435,2.563,2.634,2.832,3.207,3.041,2.63,2.818,3.195,2.947,2.487,3.054,3.096,2.718,2.734,2.717,2.757,2.618,2.758,2.558,2.413,2.254,2.702,2.403,2.256,2.32,2.594,2.63,2.264,2.496,2.456,2.208,2.495,2.594,2.362,2.938,2.574,2.483,1.961,2.232,2.159,2.355,3.133,3.461,3.573,2.713,3.339,2.935,2.441,2.088,2.437,3.146,2.256,2.739,3.017,2.735,2.343,2.568,2.767,2.793
sub-19,1.751,2.531,1.94,1.795,2.109,2.352,2.672,2.348,1.768,2.341,2.469,2.78,1.967,2.834,2.166,2.239,1.953,2.85,2.287,2.504,2.626,2.781,2.559,2.467,2.715,2.645,2.486,2.821,2.564,2.489,2.561,2.726,2.544,2.991,2.337,2.212,2.059,2.197,2.315,2.763,2.384,2.253,2.847,2.625,2.451,2.156,2.456,2.601,2.544,2,2.362,2.282,1.976,2.649,2.194,3.041,2.7,2.874,2.803,2.51,2.745,2.64,2.697,2.029,1.969,2.639,2.391,2.312,2.562,2.637,2.451,2.627,2.419,2.699,2.584,2.86,2.871,2.604,2.352,2.493,2.269,2.268,2.15,2.357,2.188,2.17,2.318,2.695,2.149,2.835,2.614,2.522,2.067,3.092,2.197,2.239,2.575,2.669,2.802,2.697,2.497,2.605,2.572,2.477,2.456,2.917,2.609,2.75,2.921,2.664,2.634,3.406,2.791,2.411,2.668,2.403,2.282,3.139,2.497,2.377,2.189,3.042,3.358,2.268,3.15,2.667,2.775,2.837,2.671,2.58,3.205,3.122,2.772,2.78,2.629,2.833,2.874,2.438,2.671,2.698,2.356,1.986,2.81,2.188,2.272,2.309,2.689,2.678,2.532,2.456,2.641,2.025,2.9,2.666,2.353,2.941,2.542,2.368,2.418,2.503,2.419,2.036,2.842,2.993,1.79,2.61,3.594,2.739,2.343,2.299,2.28,3.108,2.738,2.172,2.697,2.502,2.849,2.442,2.664,2.843,1.867,2.626,2.086,2.107,2.144,2.312,2.654,2.491,1.604,2.189,2.281,2.295,2.319,2.36,2.376,2.311,2.145,2.957,2.241,2.333,2.913,2.71,2.514,2.412,2.882,2.772,2.208,2.703,2.102,2.428,2.828,2.622,3.063,2.956,2.496,2.269,2.272,2.494,2.349,2.709,2.691,2.137,2.571,2.224,2.015,2.347,2.198,2.357,2.24,2.082,2.202,2.015,2.005,2.563,2.544,2.906,2.524,2.268,3.07,2.346,2.687,2.691,2.838,2.079,2.633,2.365,2.344,2.35,2.454,2.436,2.378,2.484,2.33,2.431,2.45,2.528,2.432,2.751,2.42,2.915,2.185,2.308,2.395,2.211,2.032,2.135,2.524,2.696,2.029,2.622,2.535,2.571,1.872,2.747,2.207,2.207,2.326,2.29,2.512,2.277,3.047,2.601,2.08,2.432,2.428,3.414,2.957,2.82,2.809,2.639,2.798,3.045,2.98,2.512,2.425,2.401,2.25,3.858,2.366,2.74,2.583,3.288,3.4,2.653,3.062,2.9,2.496,2.625,2.519,2.582,2.937,3.3,2.682,2.614,2.575,2.707,2.49,2.844,2.693,2.892,2.248,2.452,2.79,2.097,2.325,2.504,2.495,2.551,2.462,2.466,2.631,2.537,2.857,2.339,2.411,2.429,2.53,2.603,2.562,2.192,2.406,2.367,2.748,2.839,2.368,2.52,3.201,2.685,2.572,2.039,2.348,2.732,2.14,2.445,2.99,2.582,2.764,2.692,2.464,2.74
sub-20,1.953,2.55,2.246,1.908,2.172,2.169,2.537,2.553,2.02,2.792,3.269,2.933,2.124,2.286,2.152,2.187,2.234,2.458,2.202,2.237,2.326,2.321,2.572,1.991,3.022,3.483,2.512,2.701,2.906,2.678,2.698,3.546,3.138,2.965,2.628,2.3,2.075,2.35,2.4,2.753,2.776,2.261,2.825,2.532,2.806,2.621,2.785,2.169,2.457,2.362,2.551,2.298,2.259,2.653,2.439,3.259,2.771,2.681,3.124,2.391,2.922,2.719,2.893,2.663,2.231,2.285,3.205,2.492,2.84,2.951,2.943,2.767,2.96,2.743,2.793,2.149,2.422,2.836,2.236,2.492,2.846,2.529,2.28,2.516,2.358,2.405,2.677,2.192,2.611,2.297,2.765,3.18,1.955,2.659,2.442,2.527,2.653,3.013,2.826,3.136,3.138,3.457,2.34,2.711,3.006,2.823,2.805,3.128,2.964,2.884,2.972,3.508,3.093,2.422,3.528,2.776,2.529,3.132,2.854,2.801,2.363,3.23,3.374,2.706,2.687,2.757,2.425,2.933,2.721,2.766,3.114,2.937,2.541,2.406,2.774,2.307,2.841,2.584,2.609,2.316,2.675,2.307,2.112,2.7,2.451,2.314,2.994,2.889,2.493,2.499,2.258,2.181,2.881,2.464,2.256,2.525,2.478,2.282,2.597,2.616,2.48,2.814,3.04,3.081,1.72,2.98,2.751,2.917,2.682,2.451,2.309,2.901,2.49,2.675,2.663,2.729,2.701,2.536,2.644,2.923,2.049,2.482,2.215,2.129,2.141,2.325,2.604,2.418,1.863,2.337,2.62,2.804,2.337,2.476,2.174,2.486,2.183,2.689,2.436,2.477,2.312,2.853,2.774,2.509,2.565,2.678,2.267,2.62,2.504,2.681,2.87,2.774,2.91,2.913,2.554,2.157,2.242,2.29,2.262,2.683,2.737,2.072,2.744,2.593,2.37,2.469,2.253,2.216,2.073,2.396,2.334,2.244,1.976,2.674,2.57,2.846,2.72,2.262,3.007,2.383,2.246,2.719,2.482,2.751,2.127,2.694,2.469,2.192,2.512,2.675,2.594,2.319,2.282,2.651,2.725,2.781,2.202,2.586,2.444,2.31,2.663,2.784,2.638,2.35,2.504,2.268,2.245,2.643,2.478,2.366,2.762,2.487,1.9,2.799,2.157,2.543,2.769,2.515,2.837,3.043,2.697,2.629,2.702,2.634,2.699,3.084,2.615,2.859,2.945,3.328,3.167,3.859,2.939,2.512,2.768,2.197,2.339,3.337,2.678,2.644,2.465,3.172,2.939,2.828,2.894,2.614,2.521,2.835,2.958,2.859,2.781,2.85,2.711,3.051,2.894,2.427,2.719,2.494,2.679,2.626,2.574,2.337,2.84,2.482,2.409,2.455,2.56,2.695,2.777,2.429,2.678,2.239,2.36,2.485,2.263,2.101,2.692,2.517,2.516,2.37,2.414,2.752,3.04,1.959,2.027,2.729,2.945,2.471,2.666,2.297,2.315,2.965,2.358,2.444,2.724,2.666,2.796,2.501,2.4,2.426
sub-21,1.746,2.102,1.896,2.053,2.219,2.351,2.397,2.491,1.593,2.641,2.448,2.705,2.004,2.462,2.177,2.057,2.156,3.086,2.249,2.339,2.571,2.513,2.365,1.968,2.581,2.85,2.393,2.442,2.604,2.696,2.974,3.425,2.992,3.309,2.582,2.363,2.359,2.451,2.373,2.614,2.554,2.386,2.785,2.7,2.175,2.505,2.445,1.86,2.078,2.193,2.274,2.205,1.952,2.683,2.38,3.31,3.107,2.271,2.541,2.778,2.826,2.65,3.059,2.557,2.324,2.427,2.87,2.637,3.08,2.955,2.527,2.553,2.691,2.795,2.541,2.846,2.8,2.687,2.593,2.454,2.568,2.789,2.491,2.583,2.317,2.46,2.623,2.88,2.138,2.487,3.03,2.851,2.077,2.793,2.263,2.642,2.777,2.827,2.616,2.957,2.674,3.051,2.405,2.395,2.672,3.802,3.296,2.809,2.98,3.903,2.901,4.126,3.059,2.421,2.622,2.342,2.303,2.887,2.697,2.281,2.579,2.498,3.497,2.241,3.04,2.482,2.504,3.039,2.346,2.433,3.144,3.397,2.733,2.641,3.078,2.847,2.957,2.558,2.637,2.481,2.396,1.958,3.034,2.074,2.245,2.4,2.706,2.586,2.555,2.429,2.449,2.074,2.234,2.676,1.655,2.681,2.706,2.491,2.468,2.467,2.49,2.8,3.111,3.044,2.631,2.806,3.336,2.806,2.734,2.181,2.337,3.426,2.519,2.013,2.803,2.7,2.713,2.903,2.839,3.241,1.857,2.416,2.009,2.035,2.147,2.356,2.769,2.767,1.683,2.51,2.557,3.214,2.276,2.113,2.247,1.963,2.108,2.927,2.214,2.627,2.957,2.784,2.583,2.846,2.886,2.542,2.816,2.565,2.379,2.751,2.679,3.137,3.118,3.11,2.503,2.419,2.11,2.64,2.346,2.573,2.653,2.472,2.676,2.713,2.271,2.87,2.304,2.257,2.522,2.021,2.327,2.174,2.036,2.94,2.516,3.194,2.921,1.634,2.721,2.355,2.975,2.868,2.776,2.538,2.448,2.857,2.595,2.528,3.022,2.972,2.422,2.942,2.516,2.815,2.406,3.009,2.61,2.803,2.517,2.744,2.5,2.539,2.429,2.471,2.199,2.441,2.332,2.936,2.295,2.987,3.112,2.789,2.424,2.993,2.106,2.628,2.668,2.583,3.222,3.095,3.458,2.653,2.552,2.523,2.548,3.952,2.794,2.955,3.511,3.06,2.604,3.584,2.981,2.744,2.69,2.711,2.399,3.216,2.513,2.857,2.213,3.247,3.366,2.487,3.211,2.699,2.756,2.775,2.796,3.028,3.205,3.385,3.067,3.014,3.001,2.976,2.938,2.507,2.793,2.597,2.607,2.104,2.855,2.298,2.23,2.471,3.272,2.446,2.603,2.8,2.788,1.838,2.896,2.585,1.9,3.102,2.557,2.701,2.538,2.296,2.632,2.67,3.084,3.312,2.804,2.883,3.236,2.827,2.657,2.354,2.212,3.394,2.858,2.619,2.987,2.97,3.297,2.956,2.534,2.718
sub-22,1.97,2.346,2.243,2.077,2.344,2.622,2.311,2.92,1.95,2.58,2.368,2.511,2.484,2.848,2.483,2.475,2.319,2.954,2.574,2.491,3.635,2.951,2.336,2.785,2.813,3.021,2.514,2.751,2.346,2.873,2.93,3.199,3.073,3.098,2.468,2.375,2.264,2.517,2.317,2.986,2.652,2.36,2.909,2.669,2.376,2.479,2.572,2.472,2.518,2.22,2.718,2.205,1.993,3.144,2.822,2.983,2.761,2.583,2.956,2.689,2.947,3.039,2.722,2.525,2.124,2.567,2.839,2.527,2.871,2.938,2.727,2.806,2.462,2.841,2.53,2.93,3.01,2.752,2.5,2.56,2.413,2.249,2.454,2.385,2.367,2.544,2.587,2.899,2.242,2.66,2.859,2.604,2.197,2.632,2.262,2.543,2.616,2.895,2.874,3.1,3.063,2.814,2.647,2.816,2.756,3.657,3.359,3.011,3.156,2.872,2.896,3.283,2.544,2.898,2.903,2.726,2.45,3.257,2.453,2.391,2.611,3.144,3.91,2.853,3.34,2.948,2.827,2.854,2.483,2.545,3.425,3.417,2.899,2.885,2.984,2.934,2.806,2.867,2.603,2.777,2.622,2.394,2.546,2.747,2.36,2.523,3.076,2.687,2.794,2.329,2.749,2.279,2.799,2.598,2.442,2.917,2.488,2.727,2.439,2.646,2.36,2.568,3.021,2.898,2.598,2.512,3.194,2.778,2.599,2.421,2.396,3.172,2.963,2.839,3.139,2.911,3.196,3.006,2.916,3.436,2.142,2.383,2.215,2.16,2.385,2.395,2.876,2.894,1.882,2.73,2.937,2.839,2.578,2.679,2.467,2.545,2.496,3.142,2.331,2.306,3.107,2.75,2.523,2.378,2.898,3.047,2.468,2.978,2.803,2.846,2.856,2.909,2.886,3.141,2.516,2.366,2.336,2.422,2.398,2.84,2.497,2.242,2.55,2.877,2.55,2.358,2.567,2.291,2.436,2.372,2.475,2.259,1.926,3.118,2.932,3.393,2.87,2.191,3.147,2.774,2.492,2.784,2.842,2.641,2.596,2.638,2.86,2.195,2.777,2.731,2.736,2.794,2.465,2.945,2.818,2.821,2.704,2.7,2.594,2.304,2.337,2.494,2.654,2.579,2.368,2.183,2.425,2.384,2.615,2.524,2.858,2.459,2.148,2.732,2.587,2.609,2.827,2.945,2.817,2.791,3.322,2.703,2.427,2.587,2.795,3.52,2.984,3.019,2.995,2.675,2.939,3.392,2.952,2.676,2.631,2.937,2.379,3.195,2.766,2.201,2.513,3.18,3.572,2.803,2.957,3.238,2.889,2.867,2.63,2.975,3.65,3.36,3.024,2.743,2.785,3.04,2.905,2.785,2.76,2.749,2.498,2.309,2.904,2.653,2.604,2.55,3.252,3.011,2.817,2.763,2.77,2.44,2.868,2.643,2.492,2.76,2.537,2.61,2.473,2.579,2.391,2.67,3.147,3.203,2.704,2.675,3.21,2.793,2.503,2.279,2.718,3.472,2.566,2.623,3.034,2.963,3.023,2.712,2.424,2.938
sub-24,1.927,2.442,2.348,2.038,2.218,2.428,2.843,2.738,1.764,2.536,2.445,2.584,2.37,2.544,2.663,2.58,2.148,2.946,2.255,2.325,2.625,2.778,2.424,1.978,2.744,2.647,2.655,2.706,2.671,2.613,2.811,3.075,3.072,3.025,2.482,2.31,2.342,2.525,2.492,2.703,2.404,2.369,2.741,2.653,2.538,2.547,2.493,2.281,2.543,2.348,2.475,2.204,1.958,3.055,2.697,3.246,2.881,2.742,2.707,2.515,2.583,2.84,2.492,2.089,2.354,2.246,2.479,2.335,2.684,2.62,2.461,2.525,2.539,2.308,2.548,2.585,2.844,2.593,2.377,2.424,2.452,2.516,2.426,2.349,2.339,2.3,2.265,2.633,2.204,2.506,2.407,2.564,1.979,2.813,2.304,2.539,2.538,2.642,2.675,2.964,2.372,2.428,2.738,2.631,2.582,3.575,3.036,2.828,2.976,2.715,2.574,3.454,2.652,2.44,2.563,2.525,2.274,3.476,2.664,2.891,2.272,2.889,3.429,2.491,3.177,3.209,2.872,2.697,2.331,2.535,3.18,3.081,2.89,2.839,2.765,2.773,2.755,2.589,2.554,2.54,2.39,2.415,2.915,2.338,2.522,2.369,2.581,2.77,2.715,2.508,2.89,2.966,2.912,2.543,2.573,2.914,2.786,2.443,2.442,2.706,2.394,2.524,2.998,2.504,2.124,2.612,3.557,2.612,2.357,2.299,2.217,3.337,2.483,2.101,2.885,2.458,2.751,2.87,2.587,2.787,1.94,2.528,2.281,2.26,2.46,2.55,2.71,2.683,1.825,2.476,2.478,2.519,2.487,2.81,2.66,2.503,2.37,2.801,2.426,2.173,2.89,2.742,2.575,2.127,2.755,2.825,2.476,2.777,2.491,2.78,2.859,2.884,3.114,2.961,2.48,2.453,2.326,2.339,2.328,2.757,2.519,2.285,2.723,2.626,2.427,2.495,2.586,2.353,2.803,2.511,2.468,2.236,1.998,2.919,2.597,3.234,2.709,2.708,2.744,2.32,2.572,2.626,2.588,2.623,2.112,2.799,2.606,2.241,2.658,2.83,2.282,2.37,2.46,2.648,2.796,2.775,2.583,2.59,2.313,2.347,2.262,2.698,2.403,2.371,2.469,2.059,2.494,2.55,2.521,2.573,2.515,2.758,2.141,3.28,2.339,2.576,2.82,2.613,2.863,2.701,2.593,2.704,2.501,2.43,2.563,3.605,2.882,2.857,3.066,3.393,2.914,3.587,2.484,2.614,2.663,2.857,2.336,3.939,2.468,2.607,2.57,3.359,3.11,2.564,3.074,3.392,2.592,2.614,2.631,2.886,3.133,3.22,2.875,3.038,2.828,2.522,3.106,2.823,2.714,2.585,2.412,2.319,2.792,2.645,2.517,2.43,2.825,2.677,2.621,2.713,2.822,2.577,3.052,2.656,2.56,2.78,2.431,2.463,2.402,2.58,2.51,2.569,3.025,2.719,2.376,2.637,3.537,2.868,2.243,2.271,2.225,3.356,2.145,2.403,2.934,2.697,3.066,2.597,2.607,3.047
sub-25,1.845,2.377,2.26,1.874,2.19,2.256,2.634,2.709,1.736,2.66,2.623,2.563,2.083,2.372,2.366,2.257,2.059,2.909,2.296,2.32,2.413,2.626,2.62,2.082,2.61,3.006,2.32,2.702,2.587,2.601,2.857,2.855,2.995,2.797,2.511,2.559,2.313,2.561,2.332,2.755,2.579,2.352,2.807,2.842,2.265,2.472,2.415,2.304,2.733,2.004,2.464,2.122,1.971,2.793,2.861,3.223,2.744,3.051,2.957,2.616,2.655,2.634,2.835,2.224,2.289,2.6,2.784,2.624,2.6,3.017,2.553,2.482,2.528,2.715,2.662,2.797,2.538,2.702,2.499,2.58,2.318,2.528,2.492,2.501,2.203,2.249,2.445,2.63,2.178,2.697,2.619,2.584,2.298,2.635,2.491,2.575,2.717,2.713,3.053,2.689,2.894,2.703,2.413,2.503,2.681,3.503,2.649,2.65,3.02,3.064,2.684,2.948,2.872,2.661,2.705,2.693,2.252,3.41,2.449,2.992,2.383,3.087,3.339,2.685,3.129,2.855,2.789,2.845,2.827,2.612,3.1,3.16,3.153,2.891,2.657,2.602,2.883,2.646,2.452,2.46,2.279,2.258,2.791,2.421,2.476,2.348,2.925,2.749,2.706,2.712,2.76,2.445,2.505,2.793,2.483,2.771,2.36,2.67,2.402,2.643,2.533,2.647,3.278,2.928,2.332,2.811,3.048,2.659,2.618,2.26,2.336,3.022,2.474,2.394,2.8,2.589,2.99,2.611,2.434,2.837,1.972,2.426,2.193,2.005,2.094,2.334,2.811,2.802,1.751,2.728,2.521,2.895,2.145,2.661,2.399,2.552,2.327,3.104,2.189,2.352,2.567,2.687,2.454,2.492,3.2,2.805,2.756,2.879,2.265,2.656,2.691,3.065,2.902,2.892,2.38,2.433,2.333,2.536,2.149,2.775,2.71,2.394,2.724,2.673,2.408,2.246,2.45,2.262,2.533,2.26,2.415,2.369,2.015,2.767,2.819,2.944,3.03,2.811,2.946,2.556,2.702,2.525,2.689,2.429,2.208,2.387,2.67,2.412,2.49,2.677,2.483,2.403,2.628,2.919,2.577,2.846,2.499,2.801,2.645,2.674,2.285,2.66,2.384,2.463,2.438,2.112,2.436,2.566,2.477,2.739,2.79,2.798,2.263,2.611,2.28,2.569,2.895,2.818,2.997,2.821,2.785,2.603,2.177,2.474,2.471,2.877,2.769,2.636,2.939,2.937,2.671,3.108,2.903,2.625,2.691,2.712,2.236,3.651,2.218,2.93,2.405,3.326,3.427,2.753,2.926,3.214,2.657,2.932,2.561,2.992,3.302,3.48,2.881,2.84,2.612,2.985,3.224,2.808,2.907,2.614,2.596,2.618,2.953,2.515,2.465,2.207,2.703,2.78,2.726,2.613,2.959,2.856,3.091,2.502,2.638,2.791,2.324,2.367,2.75,2.481,2.593,2.564,3.165,2.896,2.372,2.604,3.06,2.676,2.535,2.303,2.297,3.267,2.187,2.426,3.025,2.685,3.146,2.312,2.344,2.81
sub-26,1.899,2.335,2.174,1.907,2.261,2.307,2.579,2.915,1.836,2.378,2.666,2.893,2.26,2.305,2.089,2.281,2.313,2.71,2.155,2.533,2.597,2.603,2.366,2.724,2.797,2.695,2.506,2.869,2.288,2.706,2.994,2.78,2.918,3.029,2.329,2.537,2.204,2.279,2.196,2.515,2.652,1.878,2.316,2.686,2.295,2.268,2.145,2.233,2.657,2.288,2.521,2.253,1.945,2.935,2.634,3.105,2.568,2.551,2.18,2.683,2.757,2.129,2.726,2.078,2.31,2.707,2.815,2.369,2.643,3.026,2.629,2.847,2.397,2.84,2.723,2.897,2.575,2.608,2.552,2.452,2.324,2.568,2.39,2.381,2.431,2.423,2.504,2.626,2.26,2.292,2.659,2.897,2.053,3.021,2.071,2.424,2.491,2.987,2.818,2.737,3.072,2.696,2.662,2.596,2.588,2.948,2.944,3.086,3.175,3.116,2.886,3.697,2.857,2.539,2.589,2.561,2.378,3.671,2.428,2.664,2.419,3.104,3.624,2.324,2.996,3.354,2.716,2.871,2.321,2.386,3.371,3.307,2.952,2.921,3.205,2.674,2.719,2.714,2.579,2.76,2.322,2.257,2.726,2.282,2.291,2.183,2.703,2.768,2.574,2.541,2.783,2.397,2.961,2.512,2.404,2.686,2.477,2.277,2.669,2.484,2.2,2.834,2.839,2.787,2.798,2.51,2.983,2.704,2.52,2.307,2.133,3.31,2.832,2.338,3.033,2.67,3.156,2.655,2.63,2.913,1.848,2.504,2.267,2.096,2.184,2.431,2.851,2.736,1.733,2.494,2.669,2.965,2.254,2.599,2.104,2.089,2.21,2.921,2.224,2.295,2.901,2.539,2.442,2.58,2.749,3.035,2.417,2.71,2.104,2.58,2.815,3.017,2.887,3.073,2.542,2.445,2.436,2.513,2.285,2.684,2.486,2.31,2.804,2.57,2.28,2.515,2.27,2.497,2.496,2.14,2.517,2.117,1.816,2.898,2.704,2.944,2.774,2.382,3.108,2.605,2.827,2.49,2.617,2.079,2.312,2.609,2.531,2.37,2.746,2.86,2.317,2.505,2.391,2.843,2.59,2.827,2.635,2.73,2.419,2.384,2.291,2.351,2.483,2.228,2.166,2.122,2.503,2.541,2.523,2.549,2.488,2.441,1.99,3.088,2.341,2.589,2.72,2.566,2.708,2.673,2.915,2.707,2.38,2.431,2.638,3.249,2.974,2.833,3.089,3.445,2.735,3.383,2.816,2.53,2.468,2.485,2.196,3.629,2.552,2.844,2.479,3.547,3.33,2.502,2.959,3.301,2.657,3.077,2.511,2.71,3.348,3.394,2.936,2.749,2.868,2.679,3.485,2.912,2.685,2.595,2.352,2.398,2.865,2.37,2.291,2.458,2.937,2.739,2.631,2.545,2.718,2.477,2.744,2.804,2.707,2.752,2.487,2.603,2.307,2.643,2.333,2.601,3.052,2.71,2.463,2.518,3.405,2.724,2.541,2.276,2.116,3.58,2.549,2.454,3.124,2.688,3.02,2.581,2.465,2.867
sub-28,1.796,2.296,2.062,1.977,2.275,2.21,2.357,2.707,1.625,2.397,2.545,2.5,2.231,2.854,2.122,2.463,2.333,2.721,2.124,2.206,2.459,2.221,2.253,2.545,2.859,2.86,2.384,2.754,2.243,2.563,2.852,2.842,2.9,2.966,2.334,2.288,2.203,2.473,2.282,2.708,2.529,2.602,2.687,2.505,2.323,2.699,2.519,2.229,2.592,2.304,2.278,2.109,1.969,2.707,2.531,3.116,2.852,2.712,2.754,2.594,2.572,2.828,2.835,2.028,2.365,2.668,2.727,2.551,2.697,3.088,2.54,2.386,2.588,2.496,2.508,2.896,2.705,2.637,2.534,2.38,2.477,2.389,2.261,2.464,2.332,2.396,2.523,2.404,2.209,2.362,2.494,2.608,2.22,3.4,2.24,2.345,2.465,2.941,2.559,2.546,2.603,2.6,2.454,2.439,2.605,3.773,2.692,2.861,3.015,3.237,2.614,3.704,2.558,2.618,2.601,2.423,2.246,3.634,2.475,2.563,2.067,2.791,2.941,2.545,2.839,2.716,2.588,2.639,2.419,2.537,3.336,3.296,2.754,2.932,2.77,2.58,2.806,2.294,2.633,2.696,2.219,2.09,2.571,2.249,2.403,2.254,2.535,2.713,2.574,2.532,2.523,2.386,2.347,2.246,2.323,2.507,2.225,2.259,2.335,1.922,2.215,2.654,2.857,3.075,2.295,2.861,3.646,2.693,2.578,2.356,2.313,3.275,2.491,2.533,2.855,2.497,3.101,2.573,2.574,2.742,1.857,2.395,2.193,2.049,2.257,2.271,2.264,2.618,1.645,2.684,2.508,3.023,2.21,2.839,2.204,2.504,2.372,2.606,2.207,1.951,2.197,2.576,2.623,2.137,2.805,2.825,2.473,2.66,2.55,2.436,2.817,3.052,3.066,3.398,2.465,2.256,2.206,2.45,2.303,2.468,2.492,2.307,2.846,2.767,2.388,2.222,2.535,2.265,2.403,2.215,2.267,2,1.947,2.708,2.48,2.937,2.679,2.548,2.707,2.549,2.556,2.768,2.605,2.145,2.228,2.673,2.571,2.348,2.685,2.666,2.366,2.658,2.331,2.494,2.319,2.762,2.397,2.597,2.384,2.286,2.487,2.463,2.342,2.146,2.32,2.259,2.271,2.431,2.407,2.387,2.76,2.334,2.08,3.201,2.326,2.47,2.558,2.555,2.669,2.436,2.734,2.465,2.352,2.361,2.8,3.136,2.958,2.831,3.018,3.394,2.835,3.258,2.536,2.523,2.639,2.236,2.353,3.88,2.591,2.633,2.285,2.996,3.637,2.783,3.166,3.004,2.465,2.907,2.787,3.137,3.457,3.296,2.871,2.817,2.784,2.497,2.675,2.596,2.75,2.692,2.459,2.273,2.694,2.436,2.332,2.557,2.463,2.658,2.61,2.673,2.725,2.555,2.596,2.189,2.382,2.522,2.543,2.392,2.377,2.42,2.484,2.505,2.948,3.018,2.326,2.501,3.131,2.676,2.419,2.26,2.245,3.261,2.574,2.582,3.055,2.808,2.994,2.601,2.594,2.786
sub-29,1.796,2.282,2.118,1.822,2.206,2.363,2.565,2.957,1.759,2.656,2.844,2.603,2.23,2.375,2.636,2.683,2.182,2.999,2.3,2.172,2.589,2.731,2.427,2.638,2.801,2.81,2.423,3.094,2.603,2.739,3.027,3.446,3.11,3.227,2.496,2.249,2.38,2.549,2.492,2.773,2.644,2.27,2.814,2.798,2.581,2.401,2.519,2.587,2.626,2.265,2.616,2.15,2.086,2.907,2.888,3.546,3.18,2.636,3.011,2.837,2.877,2.779,3.226,2.617,2.494,2.588,2.835,2.346,2.821,2.806,2.646,2.516,2.352,3.118,2.552,2.777,2.505,2.78,2.279,2.571,2.415,2.233,2.413,2.291,2.426,2.343,2.388,2.69,2.235,2.703,2.715,2.668,2.243,3.108,2.065,2.592,2.488,2.814,2.853,2.855,2.642,2.804,2.286,2.495,2.588,3.458,2.644,2.995,3.234,3.191,2.983,3.726,2.852,2.756,2.77,2.7,2.244,3.65,2.589,2.944,2.313,3.153,3.783,2.557,3.034,3.131,2.916,2.717,2.511,2.656,3.179,3.064,2.639,2.974,2.633,2.677,2.868,2.393,2.627,2.817,2.135,2.228,2.784,2.371,2.427,2.331,3.065,2.594,2.803,2.649,2.883,2.458,2.72,2.796,2.758,2.38,2.4,2.096,2.396,2.663,2.441,2.808,2.557,2.655,2.458,2.93,2.867,2.439,2.767,2.221,2.519,3.019,2.573,2.523,3.2,2.591,2.939,2.909,2.623,3.133,1.708,2.369,2.093,1.902,2.073,2.2,2.834,2.972,1.698,2.675,2.448,2.81,2.125,2.64,2.413,2.415,2.194,2.802,2.134,2.161,2.699,2.497,2.366,2.182,3.115,2.859,2.385,2.839,2.542,2.806,2.838,2.864,2.903,2.943,2.502,2.312,2.409,2.347,2.261,2.796,2.611,2.191,2.978,2.728,2.681,2.651,2.419,2.65,1.967,2.196,2.577,2.333,2.062,3.076,2.739,3.197,2.828,2.18,3.192,2.608,2.691,2.97,2.924,2.309,2.304,2.381,2.581,2.563,2.881,2.754,2.497,2.872,2.446,3.04,2.604,2.784,2.53,2.747,2.659,2.555,2.389,2.506,2.34,2.427,2.149,2.333,2.573,2.562,2.343,2.849,2.886,2.643,2.042,2.919,2.225,2.562,2.652,2.69,2.826,3.015,2.906,2.802,2.482,2.796,2.882,3.185,2.688,2.923,3.293,3.319,2.794,3.468,2.87,2.729,2.856,2.569,2.429,3.512,2.171,2.799,2.308,3.363,3.286,2.92,3.027,3.169,2.467,3.114,2.629,3.009,3.292,3.095,2.78,2.781,2.671,2.414,2.811,2.489,2.838,2.37,2.441,2.164,2.731,2.298,2.691,2.335,3.094,2.716,2.672,2.868,2.731,2.224,2.345,2.541,2.581,2.305,2.57,2.384,2.23,2.359,2.29,2.778,3.196,2.796,2.323,2.555,3.182,2.786,2.681,2.159,2.605,3.126,2.47,2.496,3.247,2.552,2.967,2.826,2.675,3.152
sub-30,1.943,2.858,2.1,2.104,2.501,2.359,2.392,2.814,1.714,2.809,2.492,2.807,2.598,2.513,2.582,2.344,1.874,2.745,2.268,2.629,2.568,2.453,2.843,2.863,3.144,2.947,2.733,2.935,2.35,2.648,3.054,3.308,2.897,3.336,2.617,2.126,2.567,2.379,2.074,3.129,2.509,2.558,2.791,2.922,2.631,2.459,2.272,2.467,2.524,2.275,2.592,2.325,2.022,3.118,3.037,3.201,2.693,2.467,2.914,2.871,2.935,2.845,3.078,2.479,2.633,2.469,2.694,2.665,3.346,3.035,2.813,2.789,2.633,2.621,2.757,3.188,2.89,3.001,2.546,2.595,2.548,2.914,2.708,2.579,2.553,2.55,2.506,2.711,2.379,2.932,2.727,2.763,2.279,3.011,2.171,2.589,2.779,2.231,2.996,3.025,3.03,2.648,2.355,2.649,2.947,3.404,2.767,2.987,3.157,3.068,3.328,4.308,3.19,2.761,2.886,2.504,2.373,3.672,2.547,2.214,2.724,3.026,3.839,3.242,3.069,3.192,2.768,2.965,2.534,2.649,3.474,3.301,2.939,2.962,2.739,2.468,2.818,2.52,2.805,2.77,2.724,2.088,2.479,2.588,2.255,2.234,3.209,2.721,2.624,2.518,2.615,2.528,2.614,2.783,2.714,2.191,2.837,2.781,2.613,2.406,2.558,2.74,3.089,3.012,2.582,2.653,3.384,2.739,2.579,2.298,2.475,3.532,2.624,2.986,3.212,2.677,2.805,2.856,3.113,3.331,1.986,2.609,2.166,2.16,2.265,2.394,2.861,2.779,1.573,3.155,2.644,3.117,2.626,2.44,2.61,2.702,1.877,3.028,2.292,2.471,2.885,2.892,2.593,2.651,3.186,3.443,2.435,2.602,2.986,2.551,3.07,3.152,2.952,2.991,2.516,2.293,2.449,2.565,2.661,3.137,2.754,2.218,2.8,2.808,2.324,2.687,2.408,2.193,2.826,2.408,2.531,2.096,1.999,3.571,2.567,3.259,2.748,2.181,2.948,2.65,3.173,3.19,3.506,2.699,2.414,2.646,2.527,2.675,2.965,2.907,2.505,2.972,2.421,2.818,2.865,2.904,2.835,2.886,2.893,2.468,2.517,2.473,2.676,2.382,2.472,2.485,2.682,2.714,2.345,2.692,2.687,2.541,2.093,3.133,2.003,2.497,2.425,2.339,2.677,3.066,3.137,2.614,2.447,2.466,2.625,3.42,3.279,2.915,2.843,2.964,2.852,3.256,2.962,2.634,2.819,2.468,2.19,3.804,2.718,2.886,2.582,3.487,3.868,2.81,3.352,3.357,2.885,2.827,2.727,3.026,3.441,3.483,2.921,2.815,3.089,3.196,2.96,2.6,2.766,2.472,2.638,2.262,2.685,2.243,2.387,2.519,3.112,2.774,2.632,2.667,2.814,2.369,2.425,2.612,2.676,2.803,2.487,2.562,2.752,2.267,2.54,2.836,3.248,3.002,2.593,2.702,3.404,3.045,2.604,2.173,2.311,3.272,2.785,2.493,3.195,2.664,2.922,2.838,2.428,3.063
sub-31,1.807,2.662,2.416,2.112,2.604,2.655,2.993,2.88,2.155,2.817,2.318,2.971,2.456,2.38,2.916,2.616,2.703,3.037,2.451,2.753,3.29,3.665,2.863,2.965,3.019,3.087,2.756,3.304,3.014,2.93,2.874,3.191,3.12,3.393,2.74,2.686,2.455,2.539,2.497,2.723,2.72,2.42,2.507,2.745,2.999,2.811,2.389,2.519,2.615,2.633,2.677,2.411,2.176,3.214,2.424,3.256,2.854,2.408,2.511,2.624,2.874,2.69,2.619,2.136,2.306,2.452,2.594,2.382,2.843,3.026,2.759,2.774,2.612,3.02,2.634,2.756,2.737,2.689,2.481,2.572,2.68,2.62,2.516,2.449,2.29,2.419,2.338,2.774,2.381,2.684,2.743,2.69,2.088,2.893,2.401,2.444,2.511,2.732,3.063,3,3.125,3.23,2.663,3.005,3.216,3.991,3.61,2.851,3.32,3.391,2.852,4.121,3.231,2.714,3.52,2.654,2.496,2.319,2.642,2.228,2.391,3.105,4.016,2.63,3.411,3.049,2.709,3.318,2.815,2.845,3.665,3.818,2.962,2.866,3.029,2.749,3.301,3.027,2.878,2.703,2.786,2.563,3.27,2.242,2.339,2.687,3.061,2.847,2.906,2.701,2.63,2.786,3.074,2.778,2.657,3.187,2.888,2.697,2.978,2.802,2.699,2.803,3.324,2.687,2.411,2.841,3.553,2.841,2.718,2.281,2.302,3.784,3.256,2.84,3.019,2.784,3.188,3.235,2.791,2.472,1.861,2.605,2.487,2.22,2.415,2.515,2.834,2.798,1.78,2.912,2.643,2.899,2.401,2.534,2.707,2.389,2.374,3.039,2.524,2.257,3.033,3.078,3.071,3.068,3.423,2.834,2.603,2.758,2.565,2.988,3.245,3.166,3.235,3.451,2.621,2.496,2.415,2.473,2.245,2.836,2.738,2.529,2.687,2.741,2.51,3.192,2.633,2.373,2.886,2.728,2.492,2.311,2.063,2.887,2.511,3.264,2.733,2.525,2.912,2.614,2.523,2.589,2.573,1.893,2.299,2.624,2.797,2.254,2.725,3.008,2.26,2.817,2.455,2.534,2.639,2.65,2.474,2.788,2.42,2.39,2.505,2.353,2.042,2.152,2.134,2.315,2.433,2.675,2.558,2.689,2.823,2.466,2.182,3.186,2.47,2.339,2.54,2.599,3.4,3.133,3.177,2.572,2.734,2.686,2.82,3.91,3.46,2.766,3.345,3.646,2.457,3.789,3.082,2.544,2.644,2.627,2.422,3.094,2.693,2.202,2.479,3.209,3.842,3.482,3.433,2.987,2.683,2.892,2.856,3.212,3.622,3.856,3.06,2.83,3.149,2.965,3.387,2.911,2.942,2.932,2.736,2.635,3.014,2.579,2.599,2.793,3.169,2.815,2.844,2.731,2.977,2.272,3.069,2.733,2.581,2.668,2.701,2.609,2.876,2.538,2.556,2.783,3.387,2.857,2.341,2.837,3.242,3.077,2.477,2.13,2.445,3.396,2.739,3.348,3.632,2.659,3.455,2.848,2.581,3.145
sub-32,1.913,2.299,2.125,2.008,2.288,2.451,2.457,2.59,1.571,2.23,2.236,2.626,2.455,3.049,2.351,2.334,2.301,2.88,2.34,2.275,2.566,2.558,2.769,2.411,2.789,2.481,2.394,2.845,2.248,2.757,2.913,2.831,3.029,2.878,2.385,2.154,2.232,2.445,2.305,2.57,2.517,2.179,2.467,2.462,2.388,2.225,2.536,2.444,2.601,2.378,2.181,2.23,1.937,2.67,2.554,2.883,2.652,2.67,2.546,2.568,2.551,2.435,2.348,2.19,2.296,2.357,2.585,2.272,2.508,2.656,2.39,2.41,2.262,2.688,2.415,2.772,2.333,2.566,2.647,2.244,2.46,2.298,2.298,2.338,2.173,2.167,2.298,2.455,2.009,2.609,2.629,2.587,2.072,2.984,2.451,2.211,2.18,2.615,3.214,2.928,2.475,2.622,2.545,2.478,2.52,3.255,3.049,2.751,3.269,3.12,2.696,3.926,2.961,2.598,2.839,2.747,2.23,3.632,2.69,2.555,2.661,3.145,3.596,2.587,3.099,2.998,2.739,2.764,2.435,2.524,3.38,3.263,2.667,2.671,3.094,2.639,2.979,2.636,2.56,2.6,2.526,2.289,2.54,2.23,2.311,2.388,2.699,2.741,2.495,2.571,2.817,2.692,2.49,2.654,2.673,2.255,2.783,2.559,2.525,2.527,2.351,2.41,3.149,2.502,2.303,2.836,2.951,2.757,2.364,2.226,2.255,3.144,2.639,2.424,3.076,2.692,2.789,3.009,2.687,2.606,2.065,2.505,2.108,2.103,2.286,2.518,2.913,2.694,1.602,2.366,2.688,2.582,2.29,3.032,2.437,2.22,2.355,3.027,2.272,2.112,2.371,3.094,2.428,2.55,2.952,2.679,2.488,2.902,2.339,2.848,2.859,2.941,2.988,3.06,2.438,2.15,2.12,2.474,2.132,2.465,2.454,2.208,2.694,2.41,2.384,2.74,2.24,1.957,2.641,2.502,2.201,2.194,1.889,2.679,2.318,2.913,2.692,2.648,2.865,2.315,2.431,2.572,2.611,2.425,2.144,2.491,2.582,2.28,2.616,2.642,2.484,2.554,2.47,2.485,2.537,2.521,2.303,2.514,2.478,2.344,2.445,2.49,2.311,2.256,2.131,2.162,2.554,2.545,2.528,2.521,2.429,2.496,2.12,3.025,2.082,2.272,2.289,2.323,2.59,2.425,2.664,2.401,2.357,2.617,2.769,3.151,3.046,2.79,2.969,2.808,2.758,3.5,2.745,2.458,2.707,2.606,2.344,3.652,2.883,2.683,2.382,3.216,3.641,3.132,3.094,3.132,2.647,2.656,2.628,2.874,3.387,3.304,2.688,2.741,3.059,2.825,2.722,2.555,2.755,2.66,2.584,2.296,2.87,2.358,2.378,2.38,2.582,2.892,2.717,2.662,2.945,1.908,2.671,2.466,2.468,2.386,2.71,2.648,2.76,2.286,2.461,2.39,3.023,2.556,1.834,2.7,3.431,2.606,2.42,2.149,2.217,3.241,2.71,2.459,3.229,2.829,3.091,2.931,2.387,2.611
sub-33,1.865,2.244,2.391,2.313,2.587,2.51,2.633,2.792,1.653,2.432,2.469,2.651,2.455,2.617,2.63,2.718,2.576,2.803,2.229,2.606,2.665,2.885,2.549,2.569,2.971,2.617,2.668,2.661,2.52,2.854,2.938,3.426,3.147,3.169,2.715,2.546,2.529,2.499,2.537,2.838,2.704,2.416,2.764,2.907,2.585,2.348,2.588,2.666,2.998,2.482,2.404,2.169,1.946,3.022,2.804,3.19,2.938,2.691,3.026,2.464,2.777,2.478,3.069,2.019,2.318,2.097,2.479,2.443,2.887,2.671,2.699,2.529,2.625,2.679,2.439,2.654,2.736,2.721,2.264,2.761,2.46,2.299,2.308,2.471,2.082,2.349,2.383,2.492,2.336,2.467,2.452,2.658,2.309,2.679,2.513,2.575,2.558,2.636,2.34,3.005,2.504,2.661,2.401,2.41,2.537,2.986,3.308,2.765,3.188,3.104,2.679,3.61,3.137,2.619,2.715,2.471,2.379,3.266,2.748,2.78,2.162,3.303,3.394,2.714,3.439,3.342,2.767,2.83,2.607,2.616,3.367,3.337,2.882,2.857,2.588,2.809,2.897,2.589,2.607,2.645,2.347,2.438,2.645,2.507,2.366,2.373,3.125,2.703,2.851,2.743,2.803,2.882,2.615,2.787,2.708,3.019,3.175,2.577,2.579,2.669,2.537,3.148,3.139,3.024,2.392,2.75,2.944,2.799,2.432,2.238,2.517,3.373,2.554,2.455,3.133,2.656,2.969,2.992,2.451,2.885,1.883,2.412,2.273,2.216,2.4,2.466,2.408,2.848,1.809,2.362,2.481,2.805,2.604,2.51,2.585,2.588,2.374,2.91,2.419,2.698,2.847,2.883,2.59,2.232,3.106,2.812,2.508,2.856,2.566,2.984,3.14,2.918,3.078,3.195,2.654,2.683,2.398,2.461,2.443,2.81,2.29,2.738,2.693,2.632,2.68,2.474,2.577,2.232,2.584,2.316,2.62,2.227,2.008,3.014,2.786,3.034,2.886,2.108,2.702,2.669,2.526,2.811,2.723,2.29,2.379,2.646,2.702,2.457,2.752,2.628,2.506,2.461,2.437,2.421,2.653,2.785,2.626,2.624,2.385,2.599,2.302,2.548,2.66,2.198,2.425,2.312,2.402,2.596,1.936,2.583,2.68,2.456,2.144,3.498,2.293,2.46,2.643,2.715,2.574,2.814,3.159,2.714,2.59,2.746,2.785,2.865,3.063,2.969,3.031,2.791,3.036,3.842,2.96,2.679,2.484,2.399,2.355,3.09,2.673,2.865,2.402,3.192,3.269,2.927,3.168,3.821,2.667,2.607,2.625,3.059,3.446,3.236,2.677,2.925,2.809,2.636,2.713,2.945,2.658,2.705,2.405,2.461,2.88,2.532,2.455,2.362,2.84,2.725,2.71,2.721,3.136,2.532,2.259,2.497,2.58,3.223,3.1,2.621,2.136,2.531,2.442,2.904,3.082,3.156,2.186,2.821,2.888,2.727,2.544,2.349,2.488,3.175,2.585,2.602,3.328,2.718,2.73,2.635,2.593,2.943
sub-34,1.627,2.199,2.014,1.719,2.047,2.144,2.334,2.568,1.41,2.285,2.474,2.733,2.379,2.069,2.322,2.116,1.964,2.722,1.885,2.279,2.907,2.847,2.221,2.132,2.876,2.656,2.308,3.306,2.123,2.477,2.7,2.905,2.847,3.044,2.468,2.076,2.076,2.332,2.075,2.673,2.33,1.933,2.555,2.618,2.109,2.324,2.44,2.243,2.421,1.921,2.115,2.034,1.931,2.703,2.492,3.13,2.765,2.041,2.607,2.655,2.736,2.606,2.549,2.2,2.215,2.314,2.434,2.364,2.534,2.831,2.341,2.48,2.396,2.432,2.395,2.483,2.524,2.311,2.421,2.363,2.391,2.164,2.143,2.36,2.333,2.155,2.363,2.453,2.184,2.444,2.751,2.513,2.015,2.681,2.224,2.482,2.323,2.511,2.953,2.695,2.475,2.119,2.397,2.471,2.574,3.453,2.886,2.51,2.915,2.367,2.689,3.74,2.803,2.559,2.532,2.423,2.362,3.397,2.278,2.385,2.037,3.347,3.224,2.628,3.003,2.982,3.046,2.537,2.747,2.612,3.156,3.141,2.98,2.998,2.802,2.486,2.964,2.482,2.616,2.409,2.29,2.29,2.475,2.397,2.444,2.264,2.68,2.701,2.691,2.448,2.856,2.394,2.29,2.686,2.629,2.594,2.432,2.122,2.375,2.612,2.188,2.495,2.953,2.612,2,2.529,3.036,2.418,2.354,2.18,2.273,3.473,2.215,2.37,2.966,2.759,2.998,2.728,2.5,2.637,1.791,2.444,1.978,1.855,2.131,2.291,2.705,2.596,1.403,2.41,2.373,2.913,2.246,2.4,2.173,2.322,1.873,2.695,2.136,2.691,2.227,2.384,2.365,2.431,2.938,2.607,2.24,2.738,2.141,2.601,2.673,2.679,2.902,2.885,2.304,2.017,2.036,2.321,2.035,2.61,2.316,1.921,2.588,2.456,1.989,2.49,2.26,2.119,2.311,2.249,1.973,1.906,1.884,2.69,2.418,2.986,2.332,2.042,2.891,2.37,2.512,2.374,2.631,2.275,2.046,2.4,2.591,2.348,2.814,2.562,2.365,2.202,2.232,2.727,2.512,2.564,2.277,2.609,2.526,2.348,2.167,2.168,2.237,2.178,1.988,2.147,2.367,2.555,2.298,2.402,2.287,2.437,2.115,2.63,2.248,2.386,2.674,2.586,2.517,2.501,2.645,2.437,2.525,2.731,2.702,2.918,3.058,2.836,2.81,2.885,2.75,3.411,2.849,2.399,2.544,2.239,2.38,3.411,2.357,2.366,2.197,3.312,3.136,2.925,3.107,2.838,2.669,2.58,2.942,3.209,3.431,3.222,2.755,2.376,2.819,2.62,2.947,2.596,2.674,2.518,2.292,2.288,2.678,2.352,2.39,2.372,2.824,2.612,2.509,2.585,2.71,2.315,2.963,2.577,2.54,2.207,2.679,2.443,2.677,2.719,2.367,2.478,2.729,2.845,2.466,2.366,3.465,2.895,2.176,1.927,2.097,3.608,2.457,2.846,2.797,2.811,2.947,2.649,2.305,2.868
sub-38,1.914,2.287,2.218,2.135,2.386,2.395,2.72,2.635,1.687,2.61,2.569,2.713,2.242,2.506,2.344,2.195,2.121,2.793,2.476,2.283,2.722,3.114,2.552,2.416,2.646,2.892,2.418,2.937,2.641,2.74,2.701,2.875,2.883,3.201,2.402,2.529,2.164,2.588,2.36,2.553,2.655,2.322,2.649,2.675,2.319,2.645,2.364,1.925,2.167,2.492,2.397,2.261,2.143,2.711,2.566,2.809,2.672,2.372,2.496,2.913,2.453,2.53,2.693,2.294,1.928,2.314,2.719,2.568,2.608,3.063,2.628,2.585,2.473,2.59,2.6,2.444,2.613,2.416,2.407,2.572,2.258,2.331,2.36,2.478,2.184,2.193,2.28,2.733,2.166,2.426,2.679,2.884,2.219,3.019,2.277,2.481,2.537,2.614,2.561,2.563,2.613,2.421,2.361,2.52,2.702,3.262,2.5,2.802,3.255,2.47,2.646,3.98,2.404,2.586,2.411,2.481,2.286,3.426,2.568,2.58,2.484,3.287,3.003,2.417,3.237,2.798,2.749,2.73,2.512,2.637,3.097,2.942,2.901,2.75,2.739,2.733,3.027,2.454,2.608,2.472,2.431,2.199,3.023,2.398,2.377,2.396,2.926,2.705,2.448,2.441,2.55,2.054,2.561,2.769,2.433,2.987,2.66,2.333,2.719,2.391,2.438,2.625,2.886,2.807,2.052,2.513,3.084,2.564,2.28,2.311,2.541,3.187,2.48,2.56,2.86,2.596,2.871,2.572,2.809,3.253,1.936,2.342,2.212,2.195,2.418,2.511,2.599,2.578,1.793,2.811,2.497,2.691,2.128,2.482,2.369,1.965,2.28,2.707,2.109,2.423,3.292,2.612,2.347,2.572,2.727,2.825,2.569,2.587,2.419,2.817,2.997,3.028,2.86,2.976,2.593,2.663,2.521,2.432,2.559,2.715,2.511,2.433,2.933,2.691,2.529,2.564,2.376,1.872,2.351,2.328,2.423,2.185,2.042,2.901,2.735,2.794,2.8,2.27,3.032,2.73,2.802,2.609,2.814,2.547,2.191,2.691,2.625,2.471,2.76,2.883,2.746,2.741,2.516,2.531,2.478,2.71,2.64,2.622,2.399,2.512,2.396,2.58,2.661,2.51,2.357,2.414,2.575,2.83,2.256,2.632,2.822,2.554,2.328,3.091,2.189,2.658,2.642,2.638,2.695,2.583,2.799,2.709,2.326,2.439,2.438,3.216,2.662,2.723,3.318,3.429,2.717,3.623,2.537,2.721,2.508,2.559,2.28,3.683,2.302,2.867,2.318,3.177,2.834,2.334,2.985,3.099,2.627,2.84,2.717,2.942,3.198,3.032,2.684,2.707,2.687,2.503,3.01,2.551,2.602,2.54,2.298,2.401,2.507,2.338,2.487,2.341,2.562,2.549,2.585,2.549,2.644,2.301,3.184,2.725,2.353,2.776,2.643,2.427,2.248,2.266,2.353,2.692,3.159,2.943,2.254,2.714,3.173,2.803,2.391,2.397,2.43,3.035,2.665,2.314,2.762,2.549,2.731,2.459,2.634,3.016
sub-39,1.94,2.469,2.683,2.182,2.259,2.46,2.536,2.916,2.032,2.321,2.711,2.673,2.384,2.02,2.463,2.627,2.227,2.817,2.47,2.317,2.863,2.973,2.43,2.613,2.93,2.812,2.483,2.773,2.534,2.454,2.764,3.005,2.832,3.075,2.594,2.414,2.212,2.243,2.418,2.607,2.29,1.961,2.915,2.711,2.383,2.658,2.473,2.408,2.649,2.389,2.731,2.262,2.017,3.055,2.648,3.415,3.076,2.438,3.116,2.526,2.819,2.453,2.723,2.702,2.324,2.71,2.544,2.213,2.718,2.663,2.414,2.63,2.521,2.401,2.285,2.467,2.768,2.648,2.203,2.418,2.502,2.307,2.482,2.386,2.179,2.129,2.388,2.745,2.304,2.933,2.654,2.541,2.151,2.768,2.415,2.345,2.516,2.483,2.977,2.857,2.88,2.565,2.341,2.687,2.509,3.661,2.952,2.668,3.303,2.753,2.696,3.511,2.784,2.481,2.509,2.328,2.377,3.972,2.609,2.891,2.3,2.966,3.699,2.665,3.221,3.245,2.694,2.772,2.574,2.6,3.645,3.221,2.88,2.677,2.672,2.507,2.936,2.577,2.552,2.449,2.489,2.35,3.002,2.567,2.313,2.483,2.653,2.531,2.65,2.436,2.751,2.772,2.202,2.306,2.589,2.817,2.561,2.452,2.609,2.305,2.296,2.717,3.027,3.855,2.696,2.73,3.507,2.838,2.429,2.283,2.206,3.396,2.933,2.808,3.031,2.664,3.289,2.804,2.407,3.225,1.89,2.407,2.328,2.065,2.315,2.448,2.864,2.856,1.807,2.804,2.407,2.931,2.374,2.17,2.545,2.404,2.204,3.193,2.425,2.283,2.561,2.829,2.504,2.572,2.911,2.715,2.345,2.868,2.309,2.839,3.037,2.976,3.228,3.056,2.411,2.5,2.208,2.412,2.357,2.7,2.61,2.409,2.613,2.641,2.632,2.697,2.449,2.321,2.21,2.222,2.615,2.217,2.09,3.18,2.925,2.853,2.806,2.325,2.372,2.285,2.481,2.721,2.511,2.375,2.267,2.768,2.689,2.446,2.63,2.603,2.484,2.721,2.639,2.613,2.454,2.957,2.537,2.668,2.3,2.371,2.292,2.462,2.55,2.404,2.499,2.325,2.658,2.597,2.292,2.78,2.556,2.617,1.943,3.042,2.127,2.503,2.603,2.753,2.84,2.948,2.913,2.647,2.402,2.707,2.719,3.77,3.043,2.839,3.227,2.76,3.295,3.615,3.293,2.516,2.674,2.452,2.378,3.944,2.524,3.103,2.401,3.103,3.735,2.957,3.182,3.26,2.571,3.078,2.809,2.903,3.655,3.336,2.999,2.742,2.603,2.575,2.959,2.6,2.729,2.678,2.358,2.281,2.599,2.38,2.368,2.476,3.168,2.688,2.698,2.495,2.674,2.712,2.79,2.548,2.489,3.188,2.333,2.398,2.384,2.601,2.405,2.464,3.046,3.214,2.275,2.869,3.307,2.636,2.634,2.216,2.469,3.351,2.665,3.222,3.008,2.699,2.918,2.71,2.573,3.087
sub-40,1.866,2.208,2.21,2.052,2.219,2.235,2.662,2.685,1.702,2.713,2.546,2.891,2.268,2.598,2.304,2.479,2.332,2.708,2.104,2.597,2.468,2.369,2.401,2.394,2.609,2.537,2.275,2.734,1.915,2.387,2.701,2.923,2.946,2.781,2.277,2.09,1.958,2.139,1.852,2.312,2.433,1.999,2.659,2.542,2.233,2.463,2.477,2.092,2.435,2.001,2.348,2.104,1.887,2.983,2.409,3.097,2.819,2.421,2.575,2.32,2.783,2.762,2.415,2.211,2.035,2.307,2.482,2.507,2.608,2.622,2.485,2.407,2.546,2.481,2.45,2.582,2.325,2.636,2.398,2.245,2.338,2.279,2.386,2.427,2.267,2.337,2.361,2.605,2.089,2.365,2.53,2.61,2.026,2.745,2.232,2.445,2.49,2.8,2.655,2.685,2.876,2.644,2.428,2.384,2.545,3.03,3.18,2.621,3.097,2.975,2.463,3.41,2.923,2.593,2.716,2.43,2.294,3.186,2.303,2.613,2.611,3.09,3.588,2.255,2.956,3.111,2.579,2.662,2.609,2.35,3.44,3.039,2.763,2.646,3.099,2.54,2.953,2.461,2.576,2.482,2.412,2.311,2.782,2.34,2.244,2.328,2.574,2.629,2.521,2.513,2.438,2.697,2.477,2.643,2.51,2.678,2.372,2.49,2.464,2.756,2.18,2.397,2.977,2.96,2.245,2.632,3.243,2.443,2.32,2.328,2.3,3.453,2.45,2.398,2.602,2.522,2.719,2.852,2.55,2.598,2.01,2.197,2.05,2.054,2.216,2.3,2.731,2.682,1.705,2.539,2.406,2.821,2.373,2.582,2.341,2.442,2.16,3.062,2.153,2.125,2.492,2.618,2.161,1.862,2.64,2.404,2.247,2.59,2.114,2.611,2.551,2.878,3.047,2.934,2.371,2.419,2.231,2.457,2.109,2.704,2.505,2.045,2.533,2.315,2.197,2.39,2.357,2.049,2.548,2.198,2.269,2.033,1.874,2.851,2.294,2.837,2.537,2.444,2.919,2.331,2.583,2.691,2.493,2.313,2.165,2.354,2.416,2.183,2.567,2.65,2.237,2.423,2.339,2.459,2.428,2.435,2.256,2.435,2.16,2.347,2.244,2.242,2.215,2.122,2.1,2.147,2.335,2.389,2.17,2.524,2.649,2.245,2.079,2.62,2.109,2.421,2.611,2.555,2.52,2.376,2.599,2.344,2.312,2.216,2.648,3.545,2.991,2.785,3.104,3.134,2.456,3.158,2.836,2.437,2.366,2.419,2.168,3.431,2.151,2.784,2.302,3.039,3.05,2.422,3.028,2.457,2.541,2.585,2.428,2.786,2.986,3.131,2.739,2.753,3.132,2.979,2.898,2.492,2.515,2.444,2.392,2.263,2.709,2.214,2.368,2.324,2.886,2.593,2.248,2.416,2.48,1.871,2.61,2.404,2.255,2.771,2.498,2.295,2.751,2.461,2.118,2.605,2.973,2.962,2.076,2.655,3.383,2.468,2.299,2.305,2.036,3.333,2.345,2.225,3.029,2.424,2.741,2.343,2.35,2.767
sub-41,2.067,2.333,2.407,2.224,2.457,2.571,2.657,2.915,1.832,2.559,2.439,2.624,2.517,2.349,2.581,2.544,2.538,2.78,2.252,2.323,2.763,2.717,2.357,2.648,2.752,2.888,2.514,3.245,2.502,2.805,2.753,2.919,3.066,3.03,2.376,2.315,2.142,2.413,2.207,2.851,2.501,2.389,2.924,2.639,2.429,2.552,2.543,2.434,2.252,2.356,2.514,2.272,1.958,2.928,2.81,3.444,2.814,2.312,2.997,2.69,2.872,2.878,2.841,2.07,2.226,2.8,2.857,2.56,3.02,3.14,2.682,2.565,2.652,2.566,2.748,3.026,2.697,2.685,2.507,2.76,2.667,2.663,2.552,2.619,2.508,2.383,2.65,2.446,2.408,2.631,2.841,2.728,1.964,3.049,2.374,2.627,2.621,2.924,3.164,3.191,2.925,2.861,2.395,2.66,2.818,3.557,3.079,3.006,2.91,3.137,2.863,3.485,3.203,2.687,2.522,2.694,2.451,3.519,2.577,2.723,2.167,3.326,3.461,2.484,3.099,3.182,3.022,2.801,2.459,2.509,3.427,3.283,3.182,3.028,2.692,2.683,2.817,2.924,2.621,2.807,2.563,2.457,2.887,2.497,2.432,2.477,2.839,2.839,2.72,2.633,2.662,2.791,2.811,2.323,2.522,2.984,2.536,2.66,2.461,2.391,2.428,2.726,3.19,2.689,2.549,2.461,3.155,2.793,2.659,2.459,2.285,3.275,2.7,2.478,2.882,2.528,2.894,2.684,2.729,3.049,2.137,2.564,2.249,2.153,2.409,2.538,2.541,2.954,1.839,2.795,2.512,2.951,2.511,2.532,2.431,2.591,2.408,3.002,2.465,2.331,2.809,3.013,2.714,2.712,2.934,2.92,2.581,2.831,2.474,2.606,2.759,2.934,2.995,2.955,2.37,2.325,2.201,2.466,2.278,2.746,2.84,2.449,2.687,2.511,2.412,2.21,2.54,2.186,2.074,2.357,2.556,2.244,2.058,2.69,2.92,3.161,2.632,2.249,2.602,2.747,2.65,3.001,2.96,2.523,2.406,2.783,2.602,2.531,2.737,2.783,2.581,2.594,2.645,2.882,2.71,2.763,2.5,2.755,2.458,2.332,2.453,2.545,2.585,2.448,2.288,2.393,2.622,2.454,2.416,2.564,2.669,2.507,2.076,3.482,2.357,2.5,2.709,2.963,2.763,2.755,2.892,2.727,2.557,2.642,2.728,3.273,3.122,2.948,3.147,3.1,2.768,3.319,3.082,2.679,2.599,2.75,2.336,3.656,1.998,2.734,2.041,3.232,3.177,2.756,3.038,2.964,2.637,2.889,2.634,2.853,3.196,3.282,2.958,2.964,2.674,2.59,2.852,3.06,2.771,2.812,2.607,2.508,2.821,2.399,2.649,2.56,2.637,2.919,2.699,2.833,2.847,2.56,2.709,2.816,2.385,3.182,2.518,2.745,2.78,2.501,2.346,2.701,3.152,2.746,2.112,2.746,3.424,2.941,2.908,2.147,2.492,3.056,2.58,2.562,2.985,2.404,3.329,2.547,2.623,3.074
sub-42,1.674,2.442,2.369,2.093,2.335,2.428,2.505,2.387,1.61,2.253,2.802,2.456,2.326,2.92,2.535,2.188,2.491,2.774,2.601,2.386,2.803,2.691,1.941,2.409,2.742,2.719,2.556,2.505,2.472,2.472,2.811,2.712,3.153,3.129,2.669,2.303,2.49,2.687,2.03,2.943,2.725,1.813,2.679,2.521,2.304,2.751,2.19,2.538,2.426,2.075,2.238,1.955,2.023,2.428,2.367,2.994,2.692,2.684,2.995,2.709,3.038,2.931,2.697,2.263,1.935,2.343,2.167,2.305,2.654,2.626,2.442,2.588,2.215,2.57,2.634,2.583,2.581,2.441,2.447,2.39,2.159,2.336,2.291,2.393,2.512,2.201,2.308,2.738,2.19,2.706,2.672,2.622,2.072,2.965,1.996,2.387,2.385,2.5,3.297,2.672,2.299,2.941,2.408,2.664,2.454,3.345,2.755,2.977,3.011,2.932,2.741,3.503,2.799,2.704,2.801,2.043,2.45,3.4,2.348,2.578,2.743,3.112,3.729,2.864,3.217,2.862,2.662,2.937,2.617,2.73,3.097,3.035,2.774,2.612,2.778,2.665,3.152,2.542,2.942,2.573,2.301,2.361,2.815,2.341,2.317,2.491,2.828,2.339,2.487,2.628,2.612,2.275,2.318,2.53,2.506,3.077,2.682,2.429,2.328,2.492,2.532,2.837,2.885,3.003,2.601,2.624,2.891,2.932,2.517,2.326,2.614,3.241,2.457,2.456,3.054,2.509,3.095,2.746,2.777,3.335,1.75,2.466,2.413,2.119,2.363,2.369,2.769,2.553,1.532,2.371,2.493,2.674,2.347,2.256,2.305,2.561,2.239,3.071,2.404,2.398,3.064,2.556,2.594,2.473,3.105,2.606,2.273,2.781,2.453,2.886,2.609,2.835,2.714,3.085,2.598,2.24,2.285,2.381,2.005,2.542,2.463,2.158,2.699,2.336,2.231,2.482,2.369,2.138,2.428,2.34,2.205,2.011,2.006,2.541,2.549,2.803,2.774,2.027,2.66,2.776,2.753,2.675,2.712,2.188,2.243,2.709,2.394,2.008,2.483,2.32,2.279,2.649,2.085,2.598,2.595,2.755,2.582,2.375,2.154,2.044,2.369,2.347,2.25,2.389,2.022,2.275,2.592,2.592,2.473,2.687,2.766,2.691,2.255,3.091,2.107,2.391,2.409,2.225,2.793,2.727,2.974,2.831,2.798,2.583,2.724,3.311,2.748,2.988,3.281,3.041,3.062,3.782,2.844,2.832,2.919,2.554,2.107,3.113,1.907,2.719,2.175,3.198,3.387,2.562,2.657,3.116,2.788,2.738,2.488,2.703,3.09,2.976,2.879,2.756,2.888,3.114,3.145,2.579,2.64,2.72,2.544,2.342,2.858,2.467,2.584,2.392,2.631,2.509,2.64,2.725,2.779,2.607,2.641,2.655,2.482,3.005,2.789,2.343,2.303,2.392,2.478,2.682,2.712,3.012,2.411,2.502,3.185,2.805,2.532,2.204,2.582,3.213,2.466,2.662,2.612,2.372,2.97,2.743,2.909,2.986
sub-43,1.789,2.29,1.84,2.009,2.128,2.213,2.222,2.531,1.676,2.423,2.383,2.705,2.224,2.769,2.296,2.316,2.13,2.639,2.756,2.194,2.828,2.915,2.701,2.55,2.628,2.924,2.489,2.879,2.638,2.63,2.66,2.981,2.999,3.084,2.614,2.444,2.345,2.781,2.399,2.941,2.835,2.499,2.693,2.613,2.361,2.106,2.214,2.583,2.394,2.441,2.284,2.012,1.977,2.861,2.573,3.131,2.863,2.948,2.979,2.562,3.136,2.863,2.778,2.289,2.42,2.682,2.762,2.615,3.097,2.965,2.744,2.54,2.398,2.886,2.622,2.733,2.577,2.92,2.616,2.697,2.544,2.416,2.384,2.252,2.326,2.402,2.334,2.828,2.202,2.56,2.997,2.786,2.227,2.721,2.34,2.304,2.53,2.902,2.606,2.888,2.829,3.072,2.861,2.61,2.594,3.68,3.201,3.001,2.92,2.897,2.624,3.767,2.95,2.68,2.743,2.555,2.29,3.735,2.752,2.636,2.263,3.085,3.849,2.724,3.057,2.738,2.815,2.563,2.869,2.784,3.723,3.117,2.848,2.822,2.816,2.655,3.302,2.667,2.821,2.675,2.084,2.352,2.518,2.406,2.394,2.231,2.926,2.898,2.576,2.508,3.034,2.013,2.551,2.701,2.565,3.177,2.353,2.373,2.146,2.43,2.527,2.902,3.085,3.345,2.548,2.83,3.216,2.764,2.451,2.206,2.107,3.22,2.69,2.556,2.738,2.6,2.521,2.948,2.812,3.27,1.734,2.494,2,2.019,2.084,2.26,2.264,2.354,1.69,2.306,2.417,2.437,2.182,2.626,2.559,2.874,2.308,2.951,2.721,2.331,2.733,2.482,2.679,2.359,2.917,2.785,2.449,2.929,2.475,2.667,2.75,3.013,2.97,3.11,2.665,2.259,2.276,2.518,2.426,2.815,2.451,2.468,2.86,2.694,2.262,2.257,2.262,2.29,2.506,2.185,2.426,2.178,1.897,2.795,2.634,2.937,2.713,2.457,2.849,2.748,2.527,2.736,2.609,2.333,2.059,2.34,2.531,2.253,2.576,2.689,2.331,2.306,2.358,2.516,2.576,2.675,2.274,2.728,2.538,2.48,2.449,2.374,2.155,2.293,1.981,2.282,2.318,2.416,2.022,2.571,2.47,2.756,2.031,3.074,2.201,2.386,2.539,2.644,2.886,2.792,2.85,2.838,2.426,2.795,2.797,3.523,3.053,2.919,3.188,3.008,2.687,3.501,2.953,2.834,2.799,2.824,2.231,3.489,2.112,2.777,2.27,3.478,3.484,2.972,3.145,2.854,2.635,2.823,2.847,2.847,3.491,3.538,3.057,3.286,2.868,2.86,3.135,2.698,2.916,2.848,2.541,2.523,2.605,2.201,2.325,2.519,2.42,2.775,2.667,2.727,2.575,2.244,2.929,2.45,2.379,2.848,2.504,2.319,2.192,2.101,2.478,2.498,3.013,2.76,2.38,2.686,3.259,2.803,2.297,2.113,2.686,3.6,2.649,2.963,3.137,2.893,3.209,2.644,2.383,3.096
sub-44,1.969,2.641,2.486,2.177,2.403,2.663,2.807,2.632,1.696,2.202,2.686,2.781,2.364,2.502,2.662,2.539,2.162,2.634,2.256,2.488,2.727,3.205,2.774,2.925,2.904,2.764,2.438,2.8,2.527,2.697,2.974,3.01,2.952,3.125,2.59,2.239,2.224,2.432,2.165,2.717,2.566,2.384,2.61,2.854,2.416,2.627,2.587,2.681,2.557,2.262,2.521,2.308,2.158,2.682,2.418,2.918,2.59,2.58,2.807,2.261,2.284,2.599,2.682,2.654,2.301,2.354,2.617,2.265,2.728,2.655,2.461,2.585,2.22,2.864,2.66,2.77,2.729,2.489,2.403,2.238,2.53,2.475,2.385,2.514,2.324,2.329,2.369,2.652,2.395,2.493,2.635,2.538,2.147,2.943,2.447,2.328,2.354,2.276,2.939,3.082,2.772,2.825,2.485,2.673,2.752,3.369,3.011,2.801,3.325,2.594,2.675,3.778,2.64,2.526,2.513,2.504,2.47,2.633,2.663,2.563,2.721,2.765,3.836,2.79,3.165,3.019,2.79,2.851,2.737,2.713,3.582,3.2,3.111,2.868,3.065,2.799,2.912,2.794,2.514,2.742,2.625,2.489,2.78,2.442,2.281,2.511,3.199,2.617,2.624,2.529,2.739,2.861,2.524,2.703,2.622,2.568,2.632,2.564,2.551,2.63,2.473,2.557,2.785,2.882,2.493,2.384,3.285,2.846,2.504,2.377,2.486,3.687,2.718,2.715,2.906,2.729,2.93,3.073,2.485,2.998,1.859,2.711,2.344,2.073,2.439,2.574,2.689,2.769,1.73,2.583,2.372,2.607,2.55,2.612,2.315,2.529,2.168,2.893,2.249,2.428,2.662,3.265,2.522,3.146,3.08,2.601,2.448,2.861,2.511,2.64,3.057,2.673,2.608,3.046,2.53,2.385,2.253,2.474,2.289,2.647,2.479,2.134,2.675,2.554,2.47,2.53,2.588,2.121,2.305,2.415,2.556,2.24,1.963,2.753,2.484,3.244,2.956,2.465,2.955,2.421,2.587,2.641,2.755,2.659,2.253,2.513,2.634,2.06,2.548,2.698,2.472,2.671,2.224,2.721,2.734,2.844,2.405,2.66,2.539,2.284,2.689,2.367,2.364,2.288,2.492,2.216,2.449,2.638,2.421,2.423,2.661,2.61,2.264,3.085,2.128,2.322,2.153,2.772,2.925,2.946,2.89,2.724,2.556,2.861,2.621,3.144,3.042,2.844,3.017,2.696,2.863,3.613,2.824,2.501,2.658,2.849,2.43,3.312,2.43,2.379,2.457,3.154,3.668,3.107,3.28,3.072,2.875,2.83,2.711,2.955,3.334,3.347,3.092,2.905,2.995,2.663,2.936,2.859,2.801,2.491,2.48,2.467,2.787,2.444,2.454,2.359,2.826,2.733,2.707,2.562,2.631,2.445,2.775,2.843,2.751,2.749,3.018,2.477,2.339,2.562,2.37,2.49,3.054,2.826,2.519,2.846,3.028,2.839,2.624,2.144,2.387,3.443,3.092,2.848,3.51,2.771,2.921,2.728,2.418,2.673
sub-45,1.844,2.438,2.19,2.092,2.376,2.433,2.517,2.752,1.748,2.515,2.324,2.59,2.236,2.765,2.237,2.477,2.174,2.587,2.295,2.323,2.406,2.964,2.588,2.577,2.547,2.962,2.783,2.595,2.6,2.758,2.783,3.12,3.092,3.146,2.574,2.27,2.267,2.534,2.212,2.763,2.731,2.246,2.517,2.739,2.328,2.574,2.418,2.261,2.297,2.346,2.491,2.178,1.976,3.004,2.79,3.058,2.821,2.499,3.054,3.108,2.864,3.043,2.748,2.4,2.133,2.572,2.53,2.394,2.772,2.852,2.445,2.733,2.583,2.531,2.521,2.648,2.615,2.786,2.582,3.03,2.643,2.388,2.422,2.347,2.404,2.32,2.432,2.82,2.495,2.722,2.852,2.903,2.372,2.901,2.264,2.484,2.474,2.668,2.665,2.623,2.913,2.496,2.403,2.623,2.476,3.566,2.62,2.754,2.938,3.239,2.793,3.635,2.843,2.64,2.578,2.543,2.072,3.462,2.398,2.865,2.392,3.383,3.429,2.606,3.067,3.123,2.841,3.159,2.46,2.585,3.657,3.161,2.871,2.987,2.816,2.531,2.692,2.454,2.497,2.817,2.464,2.344,2.94,2.171,2.35,2.251,2.624,2.639,2.703,2.539,2.67,2.505,2.936,2.31,2.437,2.286,2.35,2.296,2.535,2.364,2.441,2.576,2.944,3.36,2.332,2.682,3.267,2.605,2.56,2.382,2.288,3.469,2.662,2.537,2.962,2.629,2.972,2.769,2.792,3.096,2.046,2.468,2.377,2.163,2.322,2.394,2.706,2.751,1.754,2.783,2.558,3.041,2.334,2.646,2.24,2.339,2.352,2.886,2.403,2.361,2.67,2.318,2.437,2.354,2.835,2.987,2.593,2.86,2.12,2.561,2.98,3.172,3.026,3.139,2.452,2.219,2.029,2.513,2.385,2.629,2.835,2.293,2.756,2.847,2.324,2.575,2.519,2.216,2.778,2.307,2.552,2.266,1.923,2.985,2.416,3.165,3.016,2.708,3.026,2.651,3.089,2.791,2.885,2.664,2.32,2.667,2.62,2.455,2.766,2.752,2.482,2.525,2.542,2.795,2.374,3.05,2.485,2.499,2.382,2.519,2.331,2.455,2.58,2.311,2.521,2.447,2.373,2.925,2.245,2.854,2.944,2.86,2.52,2.981,2.105,2.478,2.776,2.724,3.099,2.729,3.173,2.576,2.603,2.476,2.797,3.268,2.944,3.013,3.134,3.634,2.982,3.673,2.827,2.607,2.455,2.65,2.334,3.338,2.034,2.663,2.195,3.659,3.567,2.786,3.159,3.073,2.668,3.38,2.754,2.962,3.504,3.445,2.962,2.934,2.792,2.745,2.985,2.976,2.711,2.962,2.588,2.305,3.059,2.255,2.316,2.432,2.591,2.842,2.706,2.646,2.532,2.455,2.913,2.527,2.531,2.325,2.416,2.466,2.704,2.55,2.283,2.633,2.873,3.044,2.66,2.785,3.414,2.877,2.675,2.407,2.384,3.561,2.455,2.537,3.084,3.026,3.067,2.637,2.654,3.3
sub-46,1.89,2.382,2.172,2.105,2.231,2.364,2.575,2.685,1.722,2.816,2.479,2.705,2.142,2.418,2.57,2.345,2.476,2.722,2.345,2.419,3.036,2.575,2.463,2.421,2.653,2.707,2.481,2.83,2.376,2.551,2.697,3.082,2.936,3.153,2.44,2.042,2.081,2.331,2.187,2.476,2.427,2.276,2.73,2.666,2.414,2.674,2.426,2.345,2.439,2.239,2.521,2.288,1.938,2.787,2.665,3.1,2.581,2.873,3.172,2.423,2.664,2.373,2.626,2.268,2.225,2.441,2.616,2.569,2.673,2.845,2.343,2.41,2.579,2.83,2.821,3.014,2.536,2.841,2.416,2.147,2.331,2.597,2.503,2.397,2.282,2.21,2.297,2.411,2.385,2.554,2.599,2.455,2.173,3.091,2.125,2.341,2.584,2.474,2.811,2.746,2.805,2.74,2.174,2.404,2.603,3.007,2.89,2.911,3.003,2.87,2.887,3.271,2.881,2.558,2.72,2.453,2.333,3.169,2.332,2.486,2.078,3.021,3.24,2.75,3.067,2.89,2.693,3.24,2.619,2.683,3.331,3.117,2.552,2.702,2.804,2.562,2.725,2.496,2.746,2.591,2.284,2.144,2.531,2.208,2.413,2.376,2.776,2.788,2.583,2.679,2.679,2.479,2.439,2.571,2.478,2.789,2.509,2.364,2.507,2.419,2.447,2.462,2.897,3.038,2.304,2.717,3.288,2.525,2.445,2.251,2.252,3.249,2.642,2.699,3.019,2.642,2.894,2.845,2.548,2.943,2.024,2.448,2.381,2.22,2.195,2.338,2.608,2.707,1.622,2.63,2.27,2.681,2.358,2.387,2.559,2.509,2.297,2.886,2.15,2.688,2.551,2.311,2.578,2.311,2.873,2.628,2.554,2.816,1.927,2.701,2.892,2.79,2.752,2.891,2.454,2.221,2.065,2.369,2.367,2.349,2.571,2.16,2.546,2.504,2.197,2.568,2.578,2.178,2.498,2.441,2.402,2.245,1.943,2.785,2.691,2.699,2.674,2.196,2.854,2.454,2.543,2.661,2.609,2.449,2.021,2.684,2.478,2.39,2.602,2.528,2.453,2.464,2.472,2.8,2.982,2.984,2.301,2.513,2.42,2.271,2.333,2.494,2.313,2.305,2.295,2.033,2.434,2.612,2.353,2.645,2.569,2.426,2.059,3.062,2.376,2.467,2.483,2.473,2.885,2.927,2.712,2.872,2.301,2.558,2.666,2.995,2.552,2.705,3.145,2.916,3.02,3.318,3.013,2.588,2.464,2.385,2.292,3.276,2.377,2.581,2.254,3.121,3.21,2.816,3.043,2.919,2.589,2.92,2.74,3.018,3.188,3.337,2.863,2.799,2.759,2.627,2.724,2.409,2.666,2.746,2.418,2.286,2.694,2.512,2.483,2.464,2.814,2.834,2.682,2.555,2.723,2.725,2.923,2.551,2.418,2.631,2.5,2.222,2.867,2.596,2.362,2.389,2.969,2.804,2.232,2.568,2.845,2.732,2.193,2.261,2.325,3.314,2.378,2.646,2.831,2.64,2.791,2.595,2.475,2.935
sub-47,1.952,2.383,2.114,2.116,2.364,2.503,2.768,2.652,1.872,2.486,2.366,2.364,2.201,2.246,2.349,2.328,2.359,2.971,2.529,2.636,2.468,2.795,2.289,2.506,2.359,2.518,2.205,2.602,2.537,2.761,2.693,3.019,2.861,3.385,2.757,1.898,1.949,2.204,2.014,2.749,2.448,1.95,2.637,2.428,2.266,2.481,2.107,2.053,2.538,2.208,2.202,2.054,2.014,2.771,2.474,2.907,2.753,2.475,3.169,2.323,2.605,2.415,2.826,2.033,1.835,2.48,2.343,2.261,2.721,2.66,2.217,2.278,2.387,2.585,2.356,2.782,2.349,2.618,2.504,2.459,2.332,2.292,2.412,2.399,1.968,2.235,2.256,2.566,1.975,2.252,2.705,2.445,2.023,2.779,2.3,2.237,2.242,2.267,2.549,2.591,3.079,2.435,2.398,2.59,2.351,3.515,2.733,2.775,3.148,3.182,2.658,3.822,3.051,2.65,2.79,2.526,2.213,3.135,2.656,2.805,1.991,2.619,3.447,2.82,2.86,2.912,2.868,2.627,2.471,2.672,2.899,3.066,2.817,2.693,2.863,2.773,2.919,2.554,2.495,2.684,2.454,2.497,2.952,2.264,2.381,2.43,2.566,2.772,2.482,2.35,2.612,2.05,2.442,2.656,2.429,2.721,2.676,2.489,2.307,2.355,2.291,2.789,3.145,2.98,2.484,2.627,3.252,2.595,2.402,2.168,2.179,1.968,2.461,2.648,2.854,2.781,2.576,2.626,2.395,3.222,1.931,2.457,2.234,2.12,2.319,2.543,2.89,2.716,1.661,2.345,2.414,2.403,2.423,2.441,2.274,2.175,2.172,3.165,2.043,2.321,2.784,2.852,2.345,2.424,2.555,2.434,2.208,2.594,2.237,2.67,2.652,2.83,3.018,3.078,2.27,2.023,2.183,2.348,2.016,2.424,2.468,2.112,2.559,2.167,2.188,2.063,2.338,1.824,2.117,2.148,2.319,1.99,1.914,2.51,2.359,2.915,2.595,2.119,2.969,2.361,2.31,2.385,2.469,2.364,2.084,2.562,2.303,2.205,2.643,2.553,2.257,2.524,2.395,2.483,2.452,2.59,2.048,2.553,2.368,2.41,2.436,2.289,2.36,2.206,2.14,2.114,2.57,2.487,1.934,2.316,2.579,2.483,2.085,2.862,1.917,2.178,2.226,2.108,3.093,2.771,2.865,2.517,2.393,2.509,2.299,3.369,2.811,2.512,2.859,2.979,2.504,3.2,2.543,2.46,2.452,2.454,2.184,3.529,2.58,2.604,1.968,2.828,2.78,2.886,3.052,3.127,2.724,2.744,2.463,2.788,3.215,3.157,2.712,2.536,3.029,2.671,2.823,2.649,2.49,2.606,2.404,2.412,2.677,2.081,2.159,2.316,2.802,2.556,2.467,2.496,2.411,2.336,2.731,2.64,2.618,2.869,2.902,2.51,2.264,2.705,2.204,2.681,3.03,2.716,2.297,2.859,2.989,2.762,2.525,1.955,2.433,2.981,2.629,2.666,2.95,2.757,2.884,2.737,2.17,3.024
sub-48,1.89,2.191,2.183,2.001,2.367,2.383,2.597,2.741,1.767,2.578,2.559,2.592,2.421,2.415,2.325,2.093,2.275,2.892,2.392,2.488,3.163,2.354,2.574,2.664,2.782,2.739,2.435,2.637,2.508,2.756,2.648,2.889,2.773,3.062,2.475,2.353,2.205,2.273,2.269,2.7,2.621,2.222,2.764,2.468,2.438,2.209,2.418,2.329,2.335,2.207,2.327,2.276,1.985,2.812,2.577,2.941,2.5,2.776,2.846,2.724,2.535,2.506,2.735,2.324,2.1,2.327,2.605,2.236,2.495,2.517,2.44,2.474,2.384,2.764,2.443,2.719,2.331,2.614,2.482,2.575,2.487,2.286,2.34,2.191,2.248,2.205,2.367,2.853,2.369,2.468,2.577,2.785,2.231,2.917,2.243,2.394,2.496,2.426,2.708,2.692,2.733,2.898,2.466,2.582,2.556,3.245,2.996,2.703,3.04,3.092,2.782,3.515,2.777,2.679,2.872,2.554,2.394,3.435,2.642,2.657,2.288,2.95,3.654,2.406,2.877,2.781,2.756,2.665,2.524,2.657,3.235,3.349,3.052,2.688,2.848,2.676,2.671,2.589,2.505,2.433,2.436,2.204,2.77,2.395,2.345,2.366,2.939,2.662,2.689,2.525,2.677,2.386,2.261,2.585,2.681,2.88,2.477,2.692,2.421,2.279,2.427,2.53,3.032,2.555,2.121,2.641,3.299,2.708,2.574,2.14,2.303,3.31,2.699,2.633,2.755,2.65,3.05,2.914,2.497,3.122,1.942,2.398,2.173,2.064,2.351,2.4,2.537,2.662,1.649,2.567,2.456,2.393,2.303,2.568,2.416,2.15,2.136,3.114,2.254,2.424,2.811,3.056,2.702,2.39,3.095,2.651,2.32,2.854,2.471,2.622,2.681,2.864,3.029,2.822,2.393,2.128,2.331,2.604,2.313,2.439,2.617,2.149,2.459,2.446,2.311,2.322,2.4,2.231,2.593,2.331,2.348,2.238,1.961,2.762,2.605,2.835,2.858,2.293,2.965,2.632,2.592,2.835,2.6,2.041,2.161,2.501,2.434,2.425,2.487,2.631,2.317,2.622,2.293,2.742,2.484,2.979,2.394,2.63,2.195,2.363,2.255,2.404,2.344,2.237,2.191,2.153,2.243,2.319,2.481,2.6,2.525,2.65,1.844,2.876,2.266,2.257,2.628,2.761,2.758,2.55,2.8,2.62,2.454,2.432,2.725,3.383,3.018,2.899,3.173,3.165,2.908,3.544,3.268,2.52,2.924,2.53,2.455,3.071,2.368,2.552,2.44,3.179,3.378,2.537,2.96,3.176,2.72,2.596,2.549,2.893,3.455,3.45,2.934,2.841,2.957,2.614,3.105,2.628,2.722,2.501,2.556,2.156,2.763,2.637,2.492,2.37,2.87,2.986,2.779,2.631,2.792,2.414,2.22,2.487,2.559,2.52,2.456,2.7,2.472,2.552,2.261,2.442,3.085,2.732,2.244,2.598,3.371,2.845,2.662,2.103,2.363,3.375,2.499,2.542,2.921,2.664,2.937,2.639,2.555,2.689
sub-49,1.841,2.277,2.03,1.985,2.103,2.329,2.313,2.85,1.666,2.608,2.223,2.485,2.314,2.659,2.475,2.235,2.018,2.952,2.272,2.517,2.661,2.692,2.133,2.907,2.671,3.34,2.07,2.722,2.531,2.869,2.976,3.108,3.164,3.013,2.628,2.264,2.175,2.362,2.047,2.799,2.527,2.267,2.958,2.73,2.526,2.515,2.479,2.035,2.33,2.258,2.352,2.186,1.916,2.809,2.512,3.194,3.072,2.693,2.715,2.518,2.963,2.66,2.746,2.395,2.445,2.131,2.416,2.437,2.782,3.165,2.554,2.696,2.352,2.426,2.41,2.64,2.505,2.648,2.483,2.545,2.157,2.444,2.362,2.264,2.002,2.339,2.525,2.808,2.328,2.19,2.641,2.262,2.087,2.926,2.407,2.477,2.43,2.517,2.882,2.751,2.809,2.814,2.762,2.753,2.521,2.807,3.119,2.905,2.884,3.028,2.803,3.256,2.586,2.636,2.824,2.466,2.199,3.556,2.325,2.823,2.518,3.16,3.523,2.646,3.056,3.207,2.938,2.898,2.538,2.539,3.532,3.136,3.149,2.784,2.591,2.722,2.757,2.738,2.78,2.578,2.273,2.308,2.692,2.056,2.414,2.311,2.933,2.755,2.694,2.333,2.749,2.262,2.319,2.383,2.852,2.79,2.44,2.248,2.601,2.291,2.317,2.75,3.323,3.664,2.476,2.985,3.051,2.839,2.171,2.469,2.51,3.312,2.886,2.624,2.889,2.53,2.364,2.876,2.72,3.488,2.043,2.422,2.005,1.948,2.048,2.371,2.941,2.69,1.574,2.894,2.304,2.498,2.462,2.802,2.441,2.56,1.712,3.125,1.908,2.154,2.425,2.726,2.404,3.079,2.694,3.019,2.548,2.545,2.205,2.938,3.048,3.321,2.943,3.124,2.546,2.449,2.154,2.338,2.262,2.792,2.548,2.285,2.867,2.598,2.292,2.715,2.316,2.024,2.543,2.294,2.222,2.097,1.862,2.792,2.651,3.078,2.705,2.42,3.022,2.834,3.084,2.691,2.823,1.855,2.472,2.34,2.737,2.323,2.655,2.936,2.111,2.388,2.298,2.513,2.347,2.554,2.553,2.574,2.401,2.271,2.732,2.395,2.114,2.489,1.976,2.327,2.26,2.336,2.287,2.534,2.351,2.167,2.334,3.102,2.046,2.413,2.959,2.884,2.865,2.738,2.907,2.308,2.177,2.314,2.754,3.266,2.673,2.76,3.134,2.785,2.842,3.788,3.137,2.533,2.898,2.533,2.238,3.636,2.203,2.609,2.573,3.455,3.19,2.856,2.963,3.009,2.802,2.71,2.678,2.886,3.182,3.485,3.157,2.815,2.775,2.916,3.081,2.74,2.28,2.64,2.123,2.354,3.03,2.534,2.45,2.183,2.426,2.708,2.624,2.429,2.731,2.308,2.663,2.364,2.208,2.915,2.871,2.353,2.593,2.305,2.486,2.748,3.163,3.107,1.986,2.617,3.107,2.641,2.298,2.184,2.302,3.456,2.742,3.111,3.048,2.696,3.238,2.426,2.474,3.141
sub-50,1.916,2.443,2.118,2.128,2.36,2.675,2.59,2.804,1.758,2.493,2.861,2.592,2.442,2.518,2.571,2.218,2.39,3.003,2.383,2.422,3.203,3.055,2.469,2.82,2.717,2.806,2.473,2.593,2.522,2.54,2.836,3.239,2.724,3.576,2.908,2.456,2.23,2.435,2.048,2.554,2.752,1.857,2.584,2.663,2.537,2.599,2.461,2.201,2.638,2.324,2.472,2.284,2.187,2.723,2.622,3.093,2.815,2.63,2.446,2.683,2.865,2.589,2.859,2.245,2.329,2.289,2.621,2.278,2.751,2.895,2.349,2.433,2.517,2.466,2.408,2.648,2.869,2.63,2.392,2.38,2.471,2.435,2.472,2.417,2.417,2.278,2.411,2.631,2.24,2.582,2.677,2.765,1.886,3.095,2.225,2.452,2.628,2.592,3.073,3.12,3.372,3.414,2.343,2.679,2.443,4.331,2.966,2.795,3.022,3.359,2.735,3.546,2.914,2.716,3.208,2.564,2.467,3.449,2.515,2.548,2.441,3.08,3.924,2.807,3.159,3.291,2.919,2.7,2.704,2.72,3.522,3.112,2.945,2.796,2.983,2.706,2.936,2.705,2.604,2.669,2.772,2.354,2.728,2.557,2.388,2.6,2.724,2.743,2.804,2.463,2.691,2.156,2.873,2.562,2.631,2.858,2.755,3.125,2.623,2.588,2.324,2.775,3.181,2.821,2.454,2.849,3.598,3.138,2.469,2.416,2.285,3.174,2.952,2.686,3.007,2.57,2.912,2.757,2.809,3.055,1.933,2.615,2.219,2.166,2.391,2.523,2.714,2.742,1.693,2.57,2.408,2.827,2.39,2.605,2.513,2.448,2.273,2.983,2.271,2.429,2.929,2.758,2.568,2.58,2.823,2.638,2.277,2.463,2.456,2.901,2.86,3.112,2.872,2.98,2.43,2.389,2.188,2.475,2.147,2.667,2.602,2.332,2.588,2.455,2.47,2.485,2.302,1.912,2.071,2.305,2.466,2.207,2.128,2.75,2.495,2.835,2.912,2.48,3.04,2.314,2.369,2.389,2.766,2.426,1.996,2.581,2.384,2.282,2.59,2.759,2.279,2.527,2.264,2.559,2.518,2.69,2.597,2.599,2.103,2.331,2.091,2.488,2.314,2.243,2.374,2.157,2.418,2.601,2.239,2.367,2.556,2.595,1.923,3.118,2.122,2.432,2.569,2.398,2.812,2.886,3.249,2.902,2.614,2.412,2.955,3.853,2.821,2.822,3.359,3.443,2.747,3.331,2.896,2.836,2.968,2.448,2.28,3.262,2.452,2.535,2.324,2.887,3.491,2.813,3.005,3.231,2.666,2.888,2.674,2.802,3.194,3.323,2.998,2.812,2.616,2.986,2.808,2.764,2.802,2.869,2.696,2.402,2.805,2.356,2.361,2.386,2.871,2.77,2.717,2.713,2.87,2.466,2.655,2.506,2.443,2.994,3.021,2.498,2.27,2.616,2.197,2.314,2.861,2.891,2.639,2.657,3.553,2.914,2.36,2.045,1.905,3.162,2.7,2.937,2.909,2.566,3.041,2.618,2.403,2.883
sub-51,1.877,2.612,2.226,2.019,2.295,2.339,2.512,2.695,1.721,2.649,2.696,3.145,2.262,2.505,2.702,2.484,2.374,3.059,2.24,2.461,2.476,2.76,2.358,2.573,2.643,3.253,2.583,3.221,2.802,2.954,3.018,3.226,3.498,3.28,2.492,2.121,2.403,2.639,2.13,2.908,2.594,2.405,2.922,2.67,2.667,2.737,2.604,2.412,2.604,2.438,2.42,2.226,2.13,2.995,2.734,3.568,3.027,3.382,3.011,2.804,3.186,3.136,3.064,2.428,2.671,3.146,2.771,2.391,2.813,2.8,2.743,2.717,2.625,2.996,2.857,3.329,2.719,3.014,2.698,2.553,2.49,2.501,2.552,2.615,2.54,2.515,2.7,2.686,2.561,2.961,2.935,2.86,1.988,3.192,2.464,2.564,2.673,2.99,3.351,3.087,2.583,3.167,2.615,2.334,2.595,3.874,3.011,3.045,3.014,3.988,2.951,4.184,3.425,2.628,3.095,2.493,2.398,3.857,2.456,2.944,2.544,3.019,3.692,2.734,3.539,2.966,2.773,3.225,2.968,2.978,3.874,3.353,3.077,2.949,3.095,3.01,2.825,2.694,2.609,2.918,2.715,2.449,2.615,2.538,2.507,2.247,2.834,2.951,2.921,2.687,2.773,3.07,2.276,2.435,2.628,2.478,2.667,2.371,2.873,2.507,2.595,2.511,2.779,3.271,2.825,3.014,3.402,2.819,2.717,2.514,2.588,3.319,2.79,2.454,3.237,3.352,3.227,3.247,2.784,3.509,1.828,2.6,2.371,2.172,2.311,2.336,2.663,2.75,1.669,2.867,2.579,2.973,2.366,2.704,2.473,2.263,2.651,2.946,2.196,2.352,2.686,3.234,2.387,2.602,2.767,3.037,2.508,2.843,3.223,2.993,3.122,3.117,3.366,3.229,2.628,2.251,2.277,2.558,2.425,2.717,2.687,2.386,2.84,2.657,2.86,2.199,2.798,2.409,2.678,2.343,2.596,2.228,2.072,2.901,2.747,3.165,3.09,2.776,3.143,2.613,2.82,3.013,2.956,2.675,2.538,2.836,2.645,2.606,2.764,2.915,2.611,2.784,2.422,2.833,2.659,2.911,2.812,2.715,2.433,2.437,2.281,2.193,2.621,2.465,2.436,2.314,2.585,2.57,2.505,2.89,3.01,2.638,2.076,3.114,2.435,2.473,2.992,2.772,3.085,3.119,3.015,2.904,2.441,2.716,2.845,3.758,2.829,2.837,3.189,3.442,2.889,3.876,2.872,2.615,2.921,2.981,2.531,3.914,2.633,3.087,2.85,3.353,3.604,2.636,3.151,3.466,2.685,3.105,2.728,3.215,3.499,3.493,2.934,3.016,2.85,2.778,2.877,2.978,2.968,2.824,2.686,2.512,2.898,2.588,2.593,2.43,2.686,2.878,2.8,2.753,3.072,2.622,3.083,2.67,2.51,2.72,2.403,2.734,2.318,2.713,2.532,2.597,3.05,2.73,2.354,3.032,3.192,2.655,2.739,2.164,2.511,3.502,2.642,2.55,3.062,2.806,2.948,2.634,2.691,3.293
sub-52,1.685,2.586,2.226,1.958,2.345,2.5,2.457,2.853,1.743,2.416,2.627,2.98,2.299,3.027,2.618,2.407,2.218,2.926,2.45,2.246,2.882,2.942,3.352,2.318,3.053,3.209,2.595,3.013,2.656,3.033,2.886,3.148,3.061,3.141,2.61,2.325,2.403,2.689,2.43,3.072,2.749,2.474,2.904,2.781,2.266,2.077,2.492,2.585,2.222,2.2,2.54,2.37,1.89,3.058,2.882,2.761,2.807,2.693,2.719,3.044,2.663,3.019,2.804,2.802,2.191,2.684,2.946,2.348,2.794,2.948,2.552,2.618,2.493,2.832,2.611,2.715,2.583,2.621,2.446,2.529,2.624,2.317,2.555,2.506,2.545,2.335,2.448,3.056,2.202,2.62,2.526,2.941,2.315,3.283,2.063,2.42,2.788,2.555,2.715,2.93,2.793,2.841,2.398,2.887,2.459,3.22,2.956,2.756,3.348,3.563,2.913,3.806,3.135,2.628,2.658,2.766,2.368,3.595,2.622,2.716,2.427,3.132,3.605,2.764,3.169,3.647,2.925,2.625,2.882,2.501,3.513,3.154,3.036,2.906,2.766,2.558,2.653,2.9,2.67,3.095,2.646,2.507,2.715,2.443,2.487,2.675,2.719,2.607,2.88,2.622,2.841,2.417,3.093,2.427,3.024,2.835,2.449,2.612,1.971,2.213,2.624,2.542,2.871,2.979,2.601,2.914,3.319,2.654,2.618,2.125,2.406,3.363,2.567,2.482,2.807,2.732,3.074,2.929,2.79,3.262,1.786,2.468,2.286,2.186,2.292,2.561,2.91,2.888,1.594,2.747,2.589,3.102,2.369,2.875,2.628,2.609,1.932,2.993,2.435,2.344,2.738,2.989,2.507,2.081,2.755,2.953,2.512,2.77,2.423,2.929,2.819,3.31,3.106,3.116,2.754,2.58,2.335,2.594,2.461,2.861,2.963,2.205,2.629,2.741,2.416,2.454,2.197,2.861,2.486,2.274,2.349,2.243,2.169,3.145,2.52,2.898,2.786,2.22,3.02,2.802,2.452,2.554,2.382,2.55,1.936,3.052,2.787,2.436,2.679,2.809,2.202,2.265,2.703,2.72,2.591,2.908,2.631,2.722,2.487,2.507,2.517,2.57,2.518,2.367,2.243,2.206,2.408,3.096,2.399,2.68,2.813,2.795,2.374,3.292,2.449,2.536,2.779,2.49,2.877,2.925,3.079,2.745,2.329,2.342,2.776,3.604,2.639,3.092,3.301,2.833,3.098,3.623,3.04,2.73,2.794,2.559,2.275,3.494,2.516,2.793,2.466,3.444,3.308,2.724,3.401,3.432,2.55,2.691,2.724,2.904,3.77,3.214,2.808,3.026,2.655,2.683,3.212,2.87,2.705,2.661,2.39,2.287,2.716,2.552,2.695,2.352,2.934,2.607,2.73,2.591,2.801,2.123,3.098,2.631,2.577,2.33,2.713,3.004,2.57,2.297,2.296,2.795,3.027,3.2,2.48,2.989,3.339,2.944,2.635,2.171,2.335,3.603,2.6,2.212,3.059,2.775,3.357,2.729,2.664,2.689
sub-53,1.878,2.351,2.255,2.15,2.314,2.501,2.731,2.748,1.845,2.614,2.542,2.581,2.307,2.3,2.439,2.465,2.172,2.767,2.363,2.423,3.076,2.733,2.5,2.477,2.83,2.74,2.549,3.119,2.336,2.947,2.732,2.776,3.275,3.096,2.503,2.381,2.263,2.44,2.295,2.86,2.506,2.218,2.599,2.914,2.088,2.507,2.448,2.349,2.084,2.131,2.499,2.285,1.958,3.124,2.536,3.17,2.731,2.358,2.617,2.613,2.688,2.901,2.946,2.163,2.012,2.345,2.559,2.39,2.805,2.758,2.49,2.764,2.627,2.957,2.631,3.105,2.908,2.699,2.446,2.427,2.651,2.497,2.396,2.484,2.502,2.348,2.77,2.512,2.314,2.694,2.691,2.758,2.17,2.884,2.233,2.521,2.413,2.62,3.167,2.973,2.819,2.61,2.286,2.515,2.812,3.737,2.943,2.82,3.319,2.493,2.905,3.801,3.206,2.69,2.686,2.493,2.379,3.45,2.346,2.483,2.53,3.138,3.571,3.003,3.151,2.753,2.677,3.15,2.651,2.713,3.548,3.302,2.951,2.685,2.684,2.52,2.899,2.551,2.898,2.954,2.959,2.462,2.684,2.535,2.669,2.464,2.879,2.78,2.711,2.642,2.817,2.532,2.885,2.84,2.266,3.046,2.715,2.531,2.667,2.518,2.453,2.544,3.245,3.164,2.374,2.669,3.292,2.829,2.68,2.45,2.253,3.249,2.504,2.544,3.27,2.653,3.124,3.152,2.907,2.868,1.892,2.249,2.18,2.103,2.33,2.485,2.742,2.682,1.874,2.302,2.391,2.475,2.568,2.353,2.628,2.78,2.44,2.823,2.356,2.186,2.927,2.91,2.486,2.695,3.11,2.927,2.462,2.778,2.35,2.826,2.971,3.067,2.84,2.832,2.507,2.207,2.272,2.404,2.347,2.5,2.69,2.474,2.597,2.506,2.147,2.45,2.413,2.398,2.188,2.448,2.507,2.042,1.873,2.779,2.651,2.961,2.476,2.482,2.815,2.48,2.79,2.533,2.932,2.209,2.506,2.888,2.541,2.246,2.823,2.928,2.398,2.451,2.23,2.57,2.724,2.93,2.558,2.6,2.222,2.414,2.326,2.456,2.394,2.414,2.191,2.306,2.448,2.583,2.329,2.73,2.975,2.372,2.342,3.081,2.082,2.231,2.846,2.717,2.897,2.855,2.883,2.557,2.16,2.454,2.552,4.001,2.842,2.807,3.26,2.642,2.916,3.63,3.153,2.348,2.514,2.53,2.296,3.265,2.182,2.668,2.303,3.237,3.326,2.896,3.261,2.644,2.489,2.793,2.605,2.823,3.604,3.258,2.823,2.854,2.775,2.612,2.895,2.569,2.735,2.761,2.446,2.266,2.478,2.304,2.563,2.615,2.929,2.636,2.431,2.572,2.801,2.754,2.244,2.636,2.398,2.921,2.682,2.209,2.64,2.553,2.264,2.573,2.781,3.113,2.25,2.527,3.005,2.899,2.365,2.33,2.591,3.283,2.453,2.479,3.326,2.886,2.62,2.399,2.611,3.1
sub-54,1.856,2.468,2.46,2.083,2.324,2.471,2.406,2.66,1.693,2.43,2.386,2.891,2.496,2.601,2.489,2.263,2.285,2.851,2.359,2.107,2.853,2.744,2.594,2.403,2.902,2.707,2.326,2.855,2.948,2.62,2.933,3.04,2.812,3.197,2.563,2.087,2.409,2.462,1.88,2.768,2.594,2.458,2.559,2.665,2.571,2.356,2.326,2.311,2.622,2.268,2.372,2.196,1.93,2.999,2.679,3.235,2.887,2.283,2.817,2.788,2.808,2.876,2.958,2.415,2.317,2.406,2.57,2.383,2.935,2.827,2.546,2.57,2.516,2.831,2.84,2.876,2.725,2.614,2.527,2.522,2.417,2.569,2.377,2.475,2.222,2.527,2.657,2.869,2.314,2.963,2.809,2.841,2.183,3.114,1.992,2.331,2.591,2.7,2.885,2.89,2.818,2.792,2.536,2.608,2.733,3.145,3.109,2.794,3.194,3.184,2.834,3.97,2.885,2.661,2.858,2.598,2.32,3.551,2.592,2.658,2.386,3.06,4.096,2.556,3.443,3.15,2.863,3.133,2.739,2.675,3.49,3.158,3.162,2.856,2.912,2.755,2.932,2.791,2.678,2.767,2.606,2.226,2.948,2.296,2.28,2.396,3.158,2.672,2.684,2.639,2.793,2.361,2.27,2.414,2.681,3.173,2.691,2.371,2.675,2.085,2.432,2.892,3.044,2.911,2.289,2.637,3.137,2.898,2.562,2.358,2.534,3.188,2.671,2.451,3.045,2.632,3.126,2.788,2.883,3.388,1.828,2.228,2.05,1.938,2.149,2.463,2.423,2.575,1.618,2.653,2.387,2.579,2.476,2.568,2.386,2.534,2.179,3.003,2.221,2.386,2.669,3.062,2.752,2.472,3.213,2.571,2.562,2.675,2.605,2.676,2.899,2.947,3.367,3.094,2.563,2.292,2.216,2.434,1.946,2.69,2.459,2.2,2.715,2.632,2.224,2.109,2.512,2.128,2.318,2.209,2.282,2.136,1.977,2.828,2.545,3.139,3.028,2.512,2.939,2.817,2.548,2.82,2.983,1.948,2.154,2.787,2.418,2.498,2.62,2.685,2.706,2.529,2.634,3.209,2.65,3.118,2.735,2.757,2.586,2.606,2.37,2.539,2.437,2.408,1.939,2.345,2.384,2.556,2.415,2.892,3.02,2.768,2.115,3.168,2.17,2.408,2.637,2.585,2.846,2.86,3.08,2.665,2.503,2.584,2.676,3.897,3.009,2.979,3.545,2.343,2.933,3.612,2.745,2.705,2.722,2.657,2.272,3,2.283,2.944,2.336,2.882,3.568,2.826,3.163,3.395,2.613,3.054,2.946,3.148,3.476,3.279,2.908,2.778,2.682,2.505,2.767,2.973,2.822,2.872,2.583,2.146,2.705,2.368,2.467,2.437,3.251,2.837,2.545,2.621,2.685,2.561,2.706,2.452,2.44,2.667,2.528,2.649,2.525,2.454,2.266,2.449,3.035,2.749,2.498,2.515,3.305,3.012,2.772,2.174,2.409,3.426,2.569,2.715,3.185,2.763,3.041,2.828,2.635,3.008
sub-55,1.882,3.072,2.355,1.927,2.171,2.446,2.543,2.815,1.816,2.479,2.271,2.724,2.209,2.838,2.539,2.366,2.233,2.895,2.234,2.268,2.781,2.952,3.138,2.687,2.704,2.824,2.4,3.2,2.571,2.575,2.973,3.164,2.864,3.145,2.59,2.375,2.21,2.418,2.352,2.836,2.656,2.134,2.457,2.805,2.22,2.569,2.447,2.223,2.724,2.329,2.37,2.162,2.199,2.738,2.632,2.854,2.607,3.066,2.694,2.596,2.51,2.535,2.633,2.157,2.407,2.504,2.51,2.557,2.674,2.866,2.56,2.621,2.567,2.828,2.627,2.86,2.591,2.614,2.374,2.399,2.572,2.389,2.521,2.663,2.395,2.238,2.36,2.708,2.566,2.865,2.609,2.715,2.23,3.18,2.236,2.407,2.686,2.507,2.951,2.875,2.77,2.635,2.686,2.833,2.672,3.61,3.262,3.029,3.188,3.125,2.82,3.697,3.05,2.79,3.024,2.43,2.274,3.205,2.587,2.587,2.516,2.969,3.975,2.613,3.334,2.963,2.865,2.858,2.798,2.496,3.526,3.396,2.996,2.74,3.005,2.728,2.828,2.765,2.809,2.589,2.672,2.398,2.584,2.453,2.557,2.348,2.716,2.896,2.753,2.551,2.829,2.863,2.343,2.586,2.645,3.183,2.408,2.582,2.572,2.492,2.462,2.481,3.117,2.888,2.573,2.79,3.387,2.844,2.701,2.354,2.527,3.254,2.795,2.48,3.056,2.66,3.327,3.109,2.669,2.777,1.955,2.417,2.241,2.075,2.274,2.41,2.494,2.677,1.759,2.511,2.174,2.613,2.353,2.811,2.661,2.562,2.226,3.046,2.27,2.279,2.842,3.132,2.311,2.811,3.127,3.03,2.554,3.039,2.557,2.745,2.938,3.046,2.78,3.135,2.639,2.349,2.198,2.494,2.122,2.649,2.829,2.387,2.693,2.628,2.337,2.306,2.27,2.224,2.478,2.491,2.313,2.091,2.09,2.805,2.615,2.861,2.629,2.85,2.594,2.623,2.674,2.723,2.528,2.537,1.941,2.811,2.496,2.234,2.734,2.759,2.537,2.579,2.476,2.589,2.734,3.015,2.457,2.733,2.468,2.437,2.477,2.502,2.509,2.44,2.568,2.336,2.547,2.7,2.582,2.702,2.699,2.549,2.183,3.22,2.114,2.344,2.582,2.59,3.035,3.124,2.82,2.708,3.036,2.721,2.743,3.189,3.508,2.826,3.154,2.741,2.968,3.839,3.26,2.647,2.836,2.296,2.17,3.752,2.301,2.289,2.537,3.339,3.73,2.757,3.106,3.155,2.795,3.35,2.764,3.063,3.234,3.651,2.779,2.967,3.135,2.821,2.707,2.604,2.771,2.601,2.474,2.42,2.833,2.217,2.196,2.572,2.965,2.711,2.746,2.463,2.932,2.573,2.932,2.515,2.727,2.412,2.494,2.273,2.391,2.298,2.381,2.405,3.132,2.849,2.526,2.712,3.865,3.086,2.63,2.244,2.457,3.141,2.763,2.538,2.999,2.981,3.283,3.159,2.566,2.93
sub-56,2.084,2.527,2.106,2.131,2.38,2.536,2.593,2.965,2.112,2.425,2.549,2.517,2.188,2.465,2.529,2.436,2.473,2.997,2.332,2.131,2.685,2.607,2.792,2.91,2.937,2.909,2.395,2.834,2.944,2.783,2.62,2.871,2.947,3.369,2.631,2.224,2.456,2.579,2.421,2.938,2.542,2.404,2.668,2.753,2.618,2.262,2.523,2.396,2.296,2.366,2.438,2.228,2.378,3.115,2.818,3.373,2.899,2.438,2.648,2.745,2.668,2.753,2.925,2.351,2.321,2.301,2.466,2.567,2.94,2.755,2.664,2.706,2.778,2.946,2.588,2.834,2.586,2.778,2.584,2.516,2.581,2.608,2.583,2.706,2.472,2.376,2.475,2.543,2.365,2.611,2.556,2.693,2.135,3.13,2.298,2.38,2.82,2.973,3.07,2.968,2.82,2.679,2.516,2.734,2.784,3.437,3.587,2.987,3.448,3.027,2.991,4.024,3.062,2.867,3.046,2.539,2.344,3.637,2.62,2.987,2.144,3.176,4.095,2.933,3.399,3.293,2.928,3.126,2.654,2.743,3.627,3.398,2.881,2.909,2.94,2.57,3.195,2.62,2.729,2.771,2.575,2.408,2.731,2.475,2.5,2.396,2.954,2.828,2.756,2.699,2.857,2.708,2.54,2.625,2.589,2.916,2.664,2.575,2.183,2.426,2.464,2.584,3.077,3.041,2.188,2.792,3.241,2.886,2.586,2.464,2.268,3.304,2.94,2.675,3.118,2.847,3.204,3.15,3.111,3.103,2.144,2.492,2.204,2.103,2.302,2.28,2.846,2.935,1.827,2.518,2.496,3.275,2.385,2.491,2.347,2.522,2.28,2.948,2.3,2.305,2.883,2.99,2.87,2.713,2.849,2.727,2.306,2.945,2.634,2.715,2.788,2.941,3.224,3.331,2.55,2.239,2.291,2.476,2.488,2.598,2.792,2.185,2.71,2.828,2.28,2.52,2.425,2.43,2.519,2.346,2.31,2.181,2.217,2.897,2.722,2.897,2.754,2.311,3.151,2.933,2.385,2.871,2.639,2.545,2.095,2.408,2.678,2.335,2.697,2.823,2.43,2.749,2.66,2.764,2.636,2.795,2.464,2.634,2.447,2.382,2.395,2.535,2.551,2.327,2.384,2.41,2.272,2.449,2.463,2.552,2.708,2.607,2.438,3.203,2.256,2.485,2.765,2.592,2.77,2.706,2.969,2.642,2.532,2.571,2.872,3.44,3.667,2.812,3.227,2.866,2.873,3.466,3.224,2.698,2.651,2.62,2.381,3.404,2.393,2.586,2.424,3.308,3.454,2.62,3.222,3.218,2.788,2.868,2.77,2.864,3.485,3.352,2.69,3.119,2.984,2.716,2.939,2.69,2.696,2.656,2.39,2.456,2.672,2.402,2.499,2.422,2.724,2.749,2.731,2.489,2.74,2.575,2.728,2.587,2.598,2.979,2.472,2.241,2.761,2.507,2.387,2.361,3.341,3.05,2.52,2.807,3.523,2.935,2.541,2.187,2.47,3.487,2.858,2.718,3.38,2.793,3.179,3.035,2.843,3.19
sub-57,1.959,2.278,2.266,2.089,2.48,2.439,2.471,2.746,1.81,2.453,2.841,3.057,2.461,2.774,2.293,2.139,2.412,2.925,2.4,2.418,2.865,3.025,2.751,2.351,2.651,2.885,2.252,2.556,2.673,2.506,2.841,3.065,3.033,3.095,2.496,2.326,2.274,2.42,2.317,2.744,2.536,2.1,2.891,2.754,2.597,2.868,2.392,2.434,2.355,2.352,2.502,2.19,2.011,2.946,2.497,2.991,2.788,2.538,3.206,2.574,2.86,2.479,2.739,2.496,2.192,2.439,2.322,2.339,2.68,2.956,2.469,2.613,2.378,2.573,2.519,2.883,2.715,2.883,2.563,2.492,2.342,2.194,2.356,2.516,2.338,2.238,2.371,2.875,2.273,2.778,3.173,2.604,2.209,2.739,2.471,2.441,2.324,2.534,2.804,2.952,2.695,2.654,2.518,2.582,2.36,3.746,3.023,2.753,3.187,2.892,2.412,3.744,2.998,2.511,2.613,2.602,2.312,3.468,2.618,2.7,2.452,3.19,3.84,2.496,3.038,3.459,3.032,2.932,2.574,2.555,3.435,3.464,2.8,2.974,2.647,2.613,2.837,2.887,2.469,2.8,2.319,2.268,2.782,2.437,2.452,2.551,2.455,2.626,2.732,2.515,2.801,2.807,2.787,2.684,2.734,2.792,2.366,2.529,2.663,2.48,2.492,2.469,2.876,3.509,2.742,2.748,3.341,2.668,2.381,2.418,2.287,3.143,2.752,2.523,2.904,2.777,2.93,3.04,2.773,3.32,2.088,2.467,2.314,2.083,2.493,2.518,2.731,2.861,1.687,2.494,2.816,2.603,2.535,2.328,2.507,2.579,2.415,2.897,2.37,2.214,2.782,3.299,2.777,2.45,2.862,3.042,2.53,2.84,2.844,2.753,2.98,3.188,3.053,3.15,2.465,2.324,2.277,2.494,2.01,2.482,2.876,2.191,2.604,2.804,2.413,2.853,2.541,2.097,2.13,2.612,2.432,2.137,2.021,2.851,2.714,3.129,3.058,2.03,3.269,2.541,2.847,2.809,2.89,2.415,2.311,2.721,2.58,2.428,2.544,2.638,2.487,2.547,2.53,2.493,2.887,2.796,2.67,2.745,2.287,2.309,2.228,2.588,2.399,2.322,2.366,2.264,2.556,2.67,2.612,2.53,2.669,2.551,2.058,3.12,2.215,2.443,2.772,2.728,3.097,2.683,2.862,2.59,2.257,2.477,2.895,3.477,2.617,2.742,3.168,2.906,2.657,3.352,3.03,2.567,2.393,2.55,2.232,3.557,2.329,2.591,2.31,3.485,3.592,2.557,3.074,3.262,2.801,2.896,2.594,2.947,3.333,3.409,2.905,3.064,2.756,2.897,2.772,3.058,2.575,2.613,2.209,2.466,2.871,2.412,2.739,2.438,2.335,2.644,2.602,2.529,2.574,2.69,2.62,2.62,2.489,2.727,2.64,2.377,2.616,2.53,2.363,2.328,2.953,2.895,2.175,2.991,3.131,2.763,2.552,2.311,2.678,3.571,2.45,2.522,2.917,2.708,2.975,2.598,2.591,2.976
sub-58,1.622,2.217,2.131,1.963,2.3,2.396,2.347,2.836,1.806,2.556,2.568,3.03,2.483,2.822,2.409,2.886,2.354,2.909,2.699,2.697,3.005,2.708,2.347,2.717,3.237,2.733,2.574,2.924,2.394,2.865,2.554,3.318,2.759,3.133,2.532,2.241,2.464,2.553,2.28,2.835,2.657,2.38,2.855,2.951,2.416,2.734,2.584,2.365,2.749,2.263,2.626,2.334,2.035,3.046,2.738,3.326,2.985,2.674,2.778,2.662,2.467,2.625,2.499,2.593,2.092,2.5,2.713,2.063,2.513,2.872,2.386,2.422,2.423,2.797,2.8,2.979,2.592,2.689,2.522,2.679,2.368,2.41,2.404,2.286,2.182,2.269,2.408,2.675,2.104,2.457,2.715,2.691,2.217,3,2.44,2.554,2.452,2.601,2.787,2.949,3.114,2.964,2.697,2.485,2.91,3.487,2.711,3.024,2.924,3.157,2.873,3.888,2.831,2.586,2.594,2.72,2.399,3.613,2.605,2.315,2.363,3.425,3.577,2.775,2.973,3.253,3.118,2.965,2.745,2.834,3.396,3.553,3.106,3.099,2.851,2.974,2.937,2.881,2.781,2.873,2.4,2.382,2.853,2.482,2.491,2.543,3.14,2.969,2.787,2.599,2.83,2.599,2.563,2.414,2.58,2.715,2.578,2.571,2.832,2.217,2.438,2.646,2.976,3.1,2.223,2.573,3.506,2.718,2.54,2.253,2.434,3.389,2.831,2.405,3.115,2.605,3.249,3.244,2.711,3.036,1.659,2.584,1.972,1.97,2.34,2.545,2.634,2.834,1.763,2.739,2.468,2.77,2.633,2.449,2.318,2.566,2.446,3.072,2.583,2.275,3,2.783,2.547,2.416,2.994,2.793,2.561,2.811,2.232,2.576,2.766,2.952,2.637,2.934,2.564,2.537,2.323,2.516,2.317,2.624,2.768,2.392,2.742,2.859,2.392,2.647,2.338,2.239,2.45,2.7,2.557,2.411,2.017,2.973,2.61,3.057,2.771,2.428,2.9,2.804,2.688,2.619,2.792,2.383,2.153,2.695,2.652,2.182,2.523,2.675,2.424,2.633,2.346,2.806,2.46,2.807,2.693,2.812,2.597,2.407,2.696,2.643,2.416,2.191,1.932,2.326,2.578,2.714,2.456,2.499,2.58,2.471,2.101,3.318,2.233,2.475,2.591,2.443,2.909,2.764,2.835,2.485,2.33,2.613,2.809,3.645,2.83,2.839,3.129,2.92,3.084,3.619,2.811,2.592,2.671,2.589,2.436,3.31,2.681,2.743,2.54,3.583,3.226,2.603,3.125,3.289,2.873,2.901,2.76,3.137,3.389,3.27,2.991,3.045,2.715,2.997,3.072,2.974,2.725,2.949,2.279,2.445,3.013,2.342,2.676,2.589,2.813,2.856,2.659,2.395,2.75,2.221,2.65,2.548,2.453,2.926,2.508,2.346,2.551,2.618,2.273,2.919,3.021,2.881,2.265,2.501,3.146,2.613,2.314,2.367,2.199,3.643,2.673,2.599,3.074,2.58,3.308,2.723,2.634,3.116
sub-59,1.718,2.513,2.335,2.074,2.497,2.4,2.595,2.737,1.677,2.579,2.509,2.756,2.357,2.336,2.396,2.52,2.29,2.942,2.398,2.541,2.781,2.978,2.864,2.309,2.807,2.758,2.225,3.221,2.842,2.675,3.05,3.089,2.939,3.157,2.608,2.56,2.361,2.543,2.391,2.659,2.637,2.363,2.804,2.56,2.387,2.794,2.623,2.366,2.514,2.095,2.47,2.096,2.003,2.709,2.398,3.035,2.851,2.511,2.853,2.746,2.712,2.839,2.567,2.433,2.032,1.962,2.631,2.506,2.87,2.694,2.372,2.618,2.511,2.572,2.874,2.902,2.674,2.603,2.506,2.636,2.435,2.378,2.534,2.388,2.327,2.37,2.56,2.956,2.566,2.789,2.626,2.507,2.245,2.803,2.394,2.503,2.726,2.456,2.653,2.697,2.838,2.762,2.563,2.501,2.658,3.654,2.877,2.861,3.165,3.408,3.189,3.755,3.067,2.689,2.843,2.468,2.424,2.537,2.543,2.512,2.82,2.778,3.937,2.482,3.015,2.499,2.797,3.044,2.452,2.582,3.548,3.121,3.251,2.747,3.127,2.661,2.854,2.66,2.847,2.504,2.404,2.567,2.944,2.469,2.458,2.459,2.597,2.705,2.717,2.52,2.772,2.465,2.756,2.618,2.554,2.486,2.311,2.402,2.492,2.477,2.818,2.437,3.229,3.141,2.519,2.94,3.441,2.852,2.587,2.411,2.309,3.163,2.786,2.453,2.902,2.806,2.87,3.019,2.479,2.863,1.834,2.468,2.319,2.104,2.486,2.407,2.866,2.563,1.6,2.266,2.534,2.728,2.662,2.347,2.393,2.608,2.319,3.162,2.322,2.539,2.711,3.341,2.357,2.56,2.746,2.886,2.449,2.873,2.66,2.771,2.985,2.776,2.802,3.182,2.666,2.262,2.268,2.507,2.298,2.402,2.753,2.272,2.479,2.455,2.587,2.693,2.432,2.151,2.631,2.121,2.235,2.075,1.869,2.656,2.39,2.738,2.846,2.474,3.195,2.529,2.724,2.403,2.653,2.533,2.253,2.302,2.508,2.376,2.772,2.597,2.599,2.587,2.441,2.473,2.508,2.825,2.692,2.689,2.394,2.42,2.546,2.433,2.447,2.328,2.417,2.316,2.366,2.507,2.463,2.614,2.757,2.31,2.25,3.095,2.32,2.389,2.685,2.6,2.932,2.997,2.814,2.809,2.53,2.421,2.666,3.66,2.744,2.876,2.885,3.054,2.947,3.819,3.024,2.553,2.529,2.353,2.395,2.893,2.467,3.21,2.785,3.278,3.33,2.552,2.971,2.942,2.89,2.743,2.563,2.806,3.491,3.357,2.729,2.723,2.756,2.62,2.773,2.351,2.579,2.533,2.694,2.489,2.506,2.515,2.511,2.319,2.848,2.595,2.558,2.534,2.927,2.643,2.826,2.711,2.341,2.455,2.754,2.514,2.407,2.59,2.402,2.633,3.206,2.825,2.401,2.774,3.73,2.783,2.693,2.233,2.274,3.278,2.439,2.701,2.971,2.642,3.082,2.524,2.396,3.034
sub-60,1.629,2.291,2.47,2.047,2.249,2.352,2.32,2.658,1.732,2.356,2.247,2.452,2.139,2.02,2.601,2.37,2.385,2.737,2.176,2.347,2.877,3.233,2.668,2.521,2.789,2.62,2.501,2.864,2.843,2.616,3.365,3.261,3.284,3.625,2.948,2.63,2.546,2.371,2.059,2.796,2.757,2.296,3.14,2.642,2.461,2.186,2.25,2.362,2.593,2.421,2.208,2.146,2.011,2.731,2.505,3.247,2.925,2.258,2.573,2.838,2.839,2.734,2.807,2.328,2.308,2.663,2.586,2.358,2.899,3.131,2.495,2.834,2.299,2.955,2.328,2.469,2.561,2.698,2.281,2.392,2.343,2.119,2.227,2.213,2.255,2.208,2.464,3.03,2.073,2.371,2.857,2.776,2.145,3.076,2.247,2.344,2.607,2.706,3.429,2.894,3.273,3.271,2.503,2.582,2.681,3.358,2.833,3.103,3.207,2.62,2.609,3.799,3.116,2.751,2.937,2.228,2.275,3.329,2.433,2.393,2.466,3.014,3.557,2.389,3.189,3.019,2.784,2.604,2.716,2.376,3.195,2.849,2.627,2.52,3.033,2.429,2.766,2.657,2.488,2.684,2.362,2.511,2.851,2.213,2.428,2.493,2.754,2.617,2.586,2.574,2.53,2.573,3.067,2.6,2.623,2.165,2.302,2.482,2.44,2.654,2.687,2.796,2.68,3.009,2.254,2.43,3.339,3.109,2.733,2.38,2.238,3.357,2.636,2.48,2.763,2.509,2.651,2.316,2.585,2.546,1.777,2.405,2.368,2.141,2.301,2.551,2.463,2.526,1.617,2.348,2.348,2.675,2.162,2.17,2.28,2.572,2.307,2.753,2.041,2.194,3.042,3.123,2.565,2.256,2.959,2.796,2.514,2.73,2.644,2.371,2.929,3.015,3.536,3.256,2.657,2.501,2.548,2.5,2.265,2.555,2.912,2.295,2.489,2.66,2.612,2.532,2.284,2.083,2.267,2.418,2.323,2.284,1.822,2.907,2.601,2.83,2.517,2.094,2.466,2.576,2.932,2.696,2.716,2.638,2.26,2.649,2.36,2.361,2.466,2.537,2.512,2.694,2.256,2.799,2.682,3.075,2.738,2.603,2.482,2.306,2.442,2.531,2.078,2.211,2.163,2.156,2.5,2.86,2.332,2.837,2.699,2.848,2.124,2.641,2.501,2.53,2.391,2.562,2.883,3.695,3.517,3.191,2.396,2.416,2.72,2.76,3.139,3.078,2.767,2.477,3.067,3.421,3.184,2.998,3.157,2.486,2.19,2.566,2.535,2.383,2.454,3.184,3.208,2.611,3.082,3.416,2.32,3.2,2.457,2.386,3.476,2.884,2.68,2.77,2.667,2.645,2.51,2.376,2.643,2.326,2.52,2.426,2.645,2.378,2.379,2.359,2.964,2.722,2.323,2.64,2.42,2.494,3.229,2.771,2.477,2.796,2.667,2.515,1.95,2.554,2.405,2.706,2.712,2.753,2.75,2.784,2.477,3.131,2.73,2.155,2.234,3.092,2.428,2.421,2.869,2.689,3.103,2.396,2.275,2.457
sub-61,1.708,2.667,2.002,1.881,2.292,2.323,2.611,2.788,1.677,2.449,2.453,2.689,2.098,2.39,2.223,2.441,2.224,3.125,2.215,2.413,3.104,2.984,2.334,2.596,2.868,2.877,2.615,3.045,2.617,2.743,2.852,3.094,2.986,3.169,2.588,2.336,2.438,2.662,2.421,2.98,2.586,2.506,2.99,2.958,2.328,2.467,2.704,2.048,2.671,2.338,2.555,2.285,2.077,3.208,2.876,3.058,2.954,2.545,3.115,2.815,2.619,3.098,2.709,2.153,2.383,2.434,2.937,2.432,3.026,2.776,2.422,2.716,2.779,2.384,2.692,2.853,2.649,2.787,2.637,2.873,2.309,2.38,2.209,2.503,2.117,2.208,2.564,2.977,2.265,2.563,2.773,2.966,1.98,2.854,2.106,2.529,2.878,2.511,2.884,2.982,2.605,2.99,2.529,2.503,2.712,3.813,3.025,3.121,3.128,2.599,3.166,3.872,3.438,2.826,3.241,2.513,2.377,3.605,2.765,2.607,2.166,3.256,3.817,2.876,3.324,3.149,2.823,2.889,2.589,2.438,3.521,2.986,3.173,2.701,2.849,2.755,2.817,2.701,2.779,2.77,2.583,2.369,2.877,2.374,2.413,2.652,3.3,2.948,2.815,2.732,2.857,2.575,2.797,2.854,2.357,2.924,2.843,2.523,2.897,3.078,2.56,2.945,3.046,2.619,2.672,2.625,3.869,2.914,2.567,2.475,2.387,3.267,2.824,3.23,3.031,2.588,2.841,2.908,2.779,2.665,1.902,2.313,1.964,2.154,2.241,2.639,3.139,2.818,1.619,2.516,2.661,3.298,2.261,2.736,2.634,2.802,2.258,3.235,2.556,2.459,2.831,2.983,2.416,2.823,2.771,3.188,2.41,2.645,2.53,2.856,2.859,2.796,3.386,3.073,2.631,2.403,2.253,2.569,2.545,3.029,2.807,2.431,2.783,2.975,2.3,2.266,2.538,2.125,2.278,2.306,2.407,2.256,2.01,3.07,2.678,2.98,3.019,2.035,2.949,2.605,2.738,2.857,2.909,1.942,2.114,2.223,2.773,2.635,2.702,2.952,2.499,2.473,2.714,2.733,2.791,3.194,2.543,2.738,2.644,2.597,2.455,2.451,2.246,2.082,2.416,2.151,2.77,2.719,2.476,2.764,2.67,2.466,2.573,3.219,2.308,2.553,2.968,2.734,3.021,2.882,3.318,3.105,2.548,2.733,2.683,3.857,3.103,2.812,2.991,2.855,3.08,3.844,3.007,2.742,2.822,2.647,2.405,3.562,2.795,2.963,2.274,3.36,3.348,3.097,3.184,2.894,2.653,2.783,2.665,2.672,3.471,3.274,3.247,2.719,2.912,2.78,2.743,2.772,2.689,2.775,2.75,2.323,3.053,2.657,2.442,2.495,2.629,3.025,2.56,2.703,2.921,2.87,3.127,2.773,2.273,3.011,2.55,2.536,2.374,2.601,2.495,3.153,2.878,2.949,2.029,2.803,3.79,3.147,2.755,2.292,2.273,3.438,2.714,3.006,3.333,2.645,2.928,2.868,2.762,2.386
sub-62,1.782,2.697,2.282,1.973,2.358,2.418,2.9,2.781,1.543,2.304,2.844,2.924,2.092,2.472,2.38,2.288,2.465,2.699,2.297,2.406,3.23,2.476,2.319,2.996,2.806,2.699,2.51,3.025,2.207,2.924,3.059,3.286,3.863,3.505,2.888,2.249,2.261,2.587,2.326,2.961,2.926,2.163,2.634,2.637,2.139,2.355,2.481,2.49,2.586,2.589,2.26,2.183,2.009,2.827,2.517,3.189,3.266,2.708,3.001,2.856,2.963,2.961,2.937,2.526,2.187,2.529,2.704,2.462,2.691,2.823,2.415,2.871,2.467,2.507,2.627,2.577,2.806,2.587,2.555,2.367,2.827,2.652,2.454,2.425,2.65,2.346,2.563,2.973,2.55,2.571,2.944,2.848,2.153,3.146,2.591,2.611,2.506,3.023,2.576,2.846,2.923,2.766,2.503,2.919,2.655,3.514,3.496,2.987,3.307,3.636,2.856,3.622,3.008,2.724,2.702,2.349,2.363,3.296,2.701,2.689,2.175,2.887,3.987,2.688,3.192,2.945,2.934,3.149,2.576,2.76,3.526,3.605,3.499,2.955,3.238,2.622,3.152,2.65,2.831,2.553,2.468,2.434,2.828,2.561,2.476,2.442,2.867,2.862,2.638,2.598,2.916,2.532,2.467,2.849,2.728,3.003,2.83,2.208,2.885,2.988,2.559,2.897,3.187,3.277,2.414,2.725,3.414,2.816,2.534,2.471,2.414,3.553,2.865,2.773,3.142,2.889,3.52,2.774,2.832,3.272,1.864,2.599,2.325,1.929,2.376,2.492,3.303,2.785,1.619,2.515,2.935,3.025,2.283,2.552,2.572,2.648,2.425,3.16,2.514,2.367,2.872,2.694,2.835,2.89,3.045,3.059,2.424,2.928,2.317,2.939,2.996,2.933,3.26,3.048,2.713,2.109,2.326,2.487,2.37,3.067,2.833,2.199,2.828,2.602,2.431,2.578,2.596,2.196,2.341,2.636,2.148,2.129,1.989,2.795,2.708,3.264,2.869,2.191,3.174,2.57,2.633,2.768,2.815,2.584,2.127,2.825,2.499,2.507,2.753,2.731,2.776,2.737,2.659,2.723,2.813,2.964,2.497,2.705,2.615,2.553,2.289,2.625,2.574,2.479,2.229,2.328,2.484,2.795,2.261,2.81,2.659,2.518,2.142,3.523,2.57,2.626,2.642,2.631,2.518,2.915,2.924,2.945,2.495,2.665,2.877,3.482,3.045,3.102,3.113,3.554,2.808,3.723,2.861,2.834,2.601,2.424,2.362,3.638,2.403,2.971,2.109,3.237,3.574,2.814,3.447,3.266,2.555,2.971,2.725,2.863,3.72,3.527,3.238,2.865,2.854,2.525,3.194,2.791,2.913,2.829,2.626,2.666,2.854,2.426,2.643,2.595,2.997,2.863,2.632,2.78,2.985,2.483,2.991,2.824,2.452,2.743,2.625,2.627,2.816,2.479,2.685,2.76,3.017,2.901,2.664,2.67,3.512,2.798,2.73,2.38,2.502,3.416,2.676,2.836,3.095,2.817,3.232,2.745,2.822,3.087
sub-63,1.746,2.39,2.226,2.057,2.182,2.299,2.635,2.727,1.761,2.615,2.898,2.736,2.457,2.562,2.423,2.597,2.194,2.687,2.284,2.75,2.334,2.445,2.498,2.601,2.892,2.872,2.367,2.839,2.649,2.764,2.85,3.026,2.915,3.257,2.592,2.307,2.397,2.644,2.411,2.769,2.758,2.237,2.939,2.864,2.42,2.451,2.416,2.226,2.364,2.307,2.31,2.196,1.972,3.008,2.791,3.34,2.992,2.782,3.112,2.78,2.722,2.832,2.848,2.45,2.192,2.279,2.887,2.534,2.672,2.856,2.534,2.44,2.406,2.811,2.527,2.768,2.5,2.655,2.463,2.554,2.404,2.384,2.419,2.416,2.12,2.48,2.493,2.58,2.228,2.393,2.349,2.495,2.195,2.861,2.327,2.613,2.866,2.919,3.255,2.583,2.651,2.969,2.57,2.689,2.579,3.405,2.856,2.912,2.968,2.785,2.896,3.581,3.052,2.708,2.754,2.594,2.369,3.054,2.577,2.157,2.054,3.315,3.562,2.758,2.952,3.904,3.088,2.605,2.682,2.799,3.444,3.138,2.83,3.054,2.932,2.782,3.143,2.636,2.651,2.459,2.427,2.303,2.71,2.513,2.443,2.183,2.837,2.624,2.62,2.562,2.745,2.478,2.642,2.559,3.064,2.732,2.745,2.283,2.88,2.718,2.561,2.403,2.974,2.824,2.486,2.629,3.136,2.944,2.703,2.337,2.384,3.336,2.574,2.478,3.034,2.668,3.095,2.841,2.647,3.059,1.907,2.628,2.084,1.975,2.297,2.365,2.881,2.683,1.601,2.613,2.415,2.714,2.467,2.482,2.314,2.096,2.157,3.143,2.196,2.364,2.551,2.402,2.85,2.628,3.14,2.784,2.386,2.782,2.553,2.707,2.848,2.948,2.79,3.22,2.745,2.422,2.267,2.513,2.236,2.777,2.765,2.209,2.858,2.726,2.325,2.425,2.338,2.127,2.595,2.234,2.007,2.082,2.099,3.072,2.788,3.047,3.08,2.101,2.934,2.821,2.656,2.884,2.605,2.403,2.375,2.42,2.755,2.509,2.723,2.849,2.448,2.411,2.421,2.786,2.671,2.942,2.72,2.492,2.477,2.385,2.607,2.617,2.337,2.377,2.546,2.293,2.626,2.343,2.351,2.512,2.909,2.686,2.065,2.918,2.338,2.607,2.768,2.709,2.861,2.748,2.803,2.812,2.411,2.713,2.83,3.672,2.802,3.021,3.311,2.877,2.888,3.344,3.126,2.759,2.777,2.309,2.275,3.449,2.831,2.426,2.164,3.382,3.269,2.689,2.906,3.541,2.68,2.871,2.848,2.971,3.204,3.105,2.844,2.575,2.898,2.788,3.083,2.746,2.811,2.665,2.564,2.204,2.878,2.437,2.446,2.53,2.885,2.836,2.598,2.626,2.704,2.016,2.297,2.707,2.328,3.085,2.766,2.515,2.454,2.634,2.25,2.283,3.337,2.598,2.263,2.321,3.241,2.826,2.833,2.431,2.498,3.352,2.464,2.653,3.022,2.624,2.621,2.516,2.801,2.904
sub-64,1.969,2.34,2.255,2.116,2.5,2.384,2.832,2.672,1.873,2.546,2.763,2.533,2.18,2.619,2.581,2.517,2.137,2.782,2.309,2.338,2.851,2.688,2.394,2.747,2.906,2.734,2.405,2.847,2.596,2.681,2.775,2.945,2.76,3.156,2.524,2.401,2.25,2.434,2.238,2.604,2.456,2.214,2.631,2.538,2.359,2.253,2.405,2.395,2.361,2.257,2.463,2.283,2.056,2.941,2.736,3.244,2.716,2.505,2.996,2.479,2.731,2.745,2.836,2.297,2.082,2.259,2.686,2.339,2.696,2.755,2.611,2.583,2.37,2.318,2.44,2.569,2.575,2.454,2.279,2.334,2.168,2.143,2.209,2.525,2.271,2.247,2.448,2.669,2.245,2.393,2.485,2.475,2.179,3.078,2.198,2.383,2.598,2.777,2.752,2.704,2.741,2.644,2.64,2.536,2.561,3.207,3.074,2.646,2.87,3.155,2.795,3.655,2.691,2.497,2.486,2.373,2.112,3.562,2.487,2.796,2.232,3.087,3.22,2.661,3.267,3.223,2.916,2.821,2.57,2.656,3.348,3.284,2.962,2.745,2.652,2.742,2.869,2.578,2.587,2.856,2.796,2.473,2.702,2.236,2.49,2.303,3.146,2.589,2.723,2.712,2.824,2.375,2.612,2.653,2.566,2.629,2.544,2.533,2.82,2.385,2.377,2.933,3.237,2.928,2.272,2.707,3.462,2.58,2.321,2.34,2.111,3.391,2.909,2.661,3.081,2.607,3.098,2.973,2.543,3.202,1.994,2.362,2.382,2.235,2.35,2.359,2.7,2.643,1.745,2.521,2.41,2.98,2.345,2.653,2.448,2.175,1.958,3.088,2.343,2.319,2.759,2.692,2.745,2.57,3.01,2.732,2.461,2.645,2.336,2.7,2.804,2.705,2.892,2.856,2.702,2.267,2.115,2.5,2.28,2.55,2.578,2.226,2.779,2.377,2.307,2.433,2.455,2.464,2.665,2.101,2.272,2.257,1.942,2.787,2.661,2.685,2.654,2.451,2.787,2.49,3.14,2.642,2.763,2.429,2.033,2.212,2.591,2.467,2.473,2.628,2.796,2.537,2.435,2.544,2.448,2.958,2.357,2.505,2.374,2.514,2.287,2.397,2.379,2.514,2.03,2.047,2.395,2.572,2.374,2.482,2.719,2.446,2.115,2.749,2.467,2.47,2.697,2.649,2.675,2.526,2.716,2.422,2.541,2.456,2.768,3.093,2.978,2.921,2.996,3.165,2.718,4.179,3.105,2.692,2.352,2.546,2.208,3.687,2.502,3.001,2.296,3.362,3.431,2.909,3.05,3.158,2.605,2.642,2.729,2.832,3.406,3.064,2.665,2.862,2.915,2.612,2.871,2.744,2.671,2.546,2.498,2.494,2.723,2.367,2.478,2.516,2.938,2.707,2.695,2.601,2.767,2.329,2.531,2.197,2.512,2.734,2.503,2.27,2.64,2.361,2.384,2.507,3.102,3.18,2.51,2.884,3.125,2.595,2.322,2.436,2.255,3.217,2.868,2.82,3.085,2.73,2.753,2.809,2.587,2.913
sub-65,1.949,2.335,2.346,2.199,2.566,2.596,2.506,2.848,1.804,2.546,3.07,2.863,2.532,2.653,2.767,2.352,2.35,2.89,2.363,2.493,2.907,2.962,2.428,2.916,3.132,2.997,2.746,3.227,3.22,2.788,2.957,3.155,3.311,3.171,2.811,2.469,2.384,2.725,2.397,2.82,2.673,2.592,2.733,2.826,2.484,2.524,2.296,2.496,2.751,2.363,2.559,2.492,2.186,2.979,2.921,3.41,2.775,2.101,2.739,2.661,3.218,3.052,2.751,2.366,2.266,3.233,2.625,2.333,2.934,2.892,2.463,2.877,2.464,2.864,2.779,2.794,2.705,2.826,2.373,2.679,2.516,2.718,2.521,2.422,2.39,2.229,2.314,2.819,2.071,2.6,2.99,2.82,2.259,3.199,2.288,2.587,2.816,2.738,3.237,3.449,2.792,2.993,2.427,2.487,2.869,3.683,2.802,3.169,3.159,3.183,2.597,3.659,3.136,2.65,3.176,2.605,2.389,3.767,2.628,2.981,2.396,3.373,4.014,2.642,3.414,3.26,3.026,3.205,2.72,2.749,3.706,3.443,3.278,3.058,3.146,2.984,3.196,2.705,2.714,2.628,2.496,2.634,2.735,2.561,2.557,2.484,3.003,2.915,2.718,2.729,2.798,2.438,3.311,2.696,2.919,2.977,2.486,2.281,2.58,2.687,2.641,3.096,3.291,2.918,2.45,2.739,3.071,2.764,2.718,2.287,2.53,3.539,2.812,2.651,3.218,2.87,3.569,2.802,2.886,3.346,1.988,2.535,2.346,2.146,2.351,2.579,2.784,2.923,1.788,2.498,2.861,3.152,2.641,2.917,2.677,2.557,2.139,3.045,2.43,2.402,2.932,3.082,2.568,3.081,3.045,3.071,2.734,2.663,2.414,3.139,3.157,3.105,3.298,3.276,2.803,2.404,2.355,2.579,2.41,2.863,2.433,2.317,3.038,2.829,2.643,2.258,2.431,2.378,2.832,2.597,2.456,2.182,2.091,2.929,2.799,3.246,2.918,2.204,2.998,2.777,2.858,2.894,3.147,2.735,2.56,2.714,2.525,2.464,2.933,2.788,2.344,2.898,2.523,2.668,2.474,2.917,2.712,2.859,2.508,2.502,2.466,2.745,2.574,2.513,2.701,2.357,2.637,2.698,2.844,2.77,2.92,2.542,2.183,3.665,2.315,2.533,2.667,2.705,2.747,3.002,2.941,2.858,2.408,2.604,2.762,3.246,2.996,2.982,3.101,3.44,3.092,4.139,3.274,2.58,2.909,2.809,2.374,3.882,2.534,3.478,2.442,3.634,3.97,3.023,3.434,3.786,2.657,2.87,2.629,2.55,3.657,3.503,3.397,3.221,2.986,2.82,3.115,3.213,2.857,2.629,2.494,2.608,2.938,2.581,2.607,2.577,2.849,3.106,2.874,2.724,2.98,2.345,3.406,2.553,2.58,2.796,2.633,2.469,2.34,2.456,2.595,2.847,3.266,3.144,2.746,2.741,3.052,2.824,2.72,2.356,2.549,3.609,2.751,3.132,3.275,2.722,3.446,2.6,2.526,3.055
sub-66,1.823,2.32,2.351,2.167,2.502,2.309,2.845,2.832,1.834,2.506,2.723,2.716,2.272,2.765,2.488,2.342,2.363,2.999,2.387,2.571,2.784,2.491,2.338,2.114,2.782,3.029,2.54,2.914,2.696,2.69,2.79,3.343,2.706,3.238,2.86,2.129,2.343,2.535,2.382,3.004,2.904,2.325,2.872,2.899,2.381,2.663,2.56,2.354,2.755,2.288,2.505,2.299,2.253,2.99,2.752,3.218,2.787,2.418,2.856,3.039,2.865,3.009,2.801,2.486,2.574,2.594,2.759,2.528,2.704,3.135,2.768,2.655,2.511,2.713,2.694,2.769,2.66,2.857,2.575,2.665,2.443,2.464,2.358,2.567,2.295,2.385,2.557,2.8,2.406,2.41,2.537,2.815,2.086,3.068,2.216,2.68,2.786,2.894,3.143,2.835,2.734,2.72,2.495,2.616,2.479,4.156,3.444,2.963,3.268,2.737,2.772,3.8,3.22,2.715,3.069,2.77,2.332,3.214,2.593,2.697,2.83,3.335,3.908,2.548,3.187,3.161,2.833,3.061,2.7,2.644,3.311,3.304,3.312,2.841,2.754,2.63,3.025,2.625,2.712,2.606,2.479,2.412,2.873,2.418,2.405,2.563,2.763,2.698,2.849,2.605,2.647,2.68,2.425,2.573,2.698,2.751,2.25,2.587,2.251,2.426,2.482,2.544,3.107,3.07,2.615,2.649,3.39,2.923,2.521,2.527,2.191,3.218,2.954,2.391,3.224,2.556,2.927,2.957,3.046,3.02,1.972,2.647,2.115,2.214,2.459,2.429,2.803,2.744,1.752,2.668,2.177,2.551,2.404,2.717,2.325,2.127,2.138,3.226,2.254,2.463,3.082,3.349,2.309,2.583,3.187,3.067,2.703,2.499,2.374,2.646,2.866,3.354,3.056,3.18,2.705,2.166,2.427,2.716,2.461,2.792,2.67,2.443,2.797,2.743,2.366,2.651,2.612,2.269,2.516,2.462,2.62,2.335,2.06,3.078,2.523,2.765,2.718,2.668,3.058,2.618,2.629,2.837,2.79,2.336,1.808,2.348,2.631,2.445,2.747,2.778,2.418,2.715,2.379,2.632,2.613,2.666,2.3,2.607,2.427,2.71,2.263,2.4,2.428,2.195,2.286,2.161,2.674,2.499,2.309,2.376,2.566,2.616,2.3,2.819,2.383,2.511,2.835,2.796,2.573,2.791,2.974,2.812,2.706,2.744,2.695,3.526,3.502,2.968,3.613,3.22,2.907,3.327,3.14,3.05,2.932,2.677,2.336,3.248,2.723,2.384,2.977,3.376,2.895,2.775,3.314,3.038,2.67,2.702,2.826,3.047,3.366,3.166,3.178,2.872,2.907,2.805,3.022,2.712,2.865,2.531,2.515,2.27,2.943,2.446,2.643,2.443,2.571,2.956,2.816,2.73,2.865,2.106,2.392,2.329,2.665,2.449,2.742,2.567,2.669,2.645,2.455,2.953,3.057,2.87,2.323,2.852,3.58,3.202,2.52,2.104,2.219,3.436,2.848,2.426,3.178,2.599,2.815,3.003,2.607,3.17
sub-67,1.811,2.594,2.632,2.025,2.322,2.463,2.523,2.552,1.663,2.422,2.588,2.67,2.481,2.333,2.736,2.366,2.158,2.869,2.387,2.284,2.963,3.227,2.675,2.197,2.844,2.77,2.44,2.852,2.557,2.669,2.852,2.931,3.234,3.174,2.601,2.132,2.137,2.44,2.148,2.657,2.425,2.424,2.069,2.604,2.526,2.621,2.487,2.317,2.818,2.29,2.375,2.101,2.035,2.986,2.439,3.106,2.669,2.261,2.615,2.545,2.73,2.486,2.479,2.295,2.153,2.094,2.551,2.401,2.712,2.655,2.506,2.404,2.704,2.734,2.622,2.725,2.47,2.719,2.527,2.55,2.519,2.462,2.403,2.503,2.305,2.288,2.452,2.635,2.06,2.476,2.516,2.672,2.167,3.041,2.403,2.509,2.66,2.311,3.116,2.697,2.97,2.453,2.512,2.851,2.568,3.434,3.116,2.658,3.057,3.021,2.815,3.536,2.981,2.491,2.739,2.4,2.326,3.1,2.423,2.358,2.135,2.797,3.784,2.801,3.03,3.386,2.793,2.873,2.585,2.589,3.321,2.923,2.818,2.754,2.673,2.357,2.816,2.453,2.605,2.775,2.531,2.497,2.612,2.399,2.508,2.564,2.676,2.628,2.651,2.594,2.799,2.576,2.675,2.687,2.541,2.6,2.421,2.341,2.476,2.843,2.504,2.615,2.94,2.874,2.177,2.237,3.392,2.718,2.333,2.334,2.192,3.014,2.807,2.694,3.02,2.672,3.017,3.169,2.717,2.837,1.935,2.438,2.521,2.011,2.251,2.537,2.663,2.618,1.628,2.181,2.432,2.574,2.384,2.518,2.805,2.371,2.328,2.972,2.311,2.532,2.45,3.248,2.742,2.4,2.8,2.694,2.482,2.653,2.737,2.702,2.881,2.915,2.962,2.943,2.531,2.121,2.264,2.389,2.412,2.533,2.501,2.299,2.685,2.442,2.376,2.562,2.277,2.414,2.26,2.373,2.289,2.152,1.949,2.711,2.419,2.986,2.543,2.483,2.505,2.477,2.509,2.601,2.54,2.377,2.337,2.433,2.535,2.243,2.745,2.778,2.2,2.526,2.404,2.764,2.606,2.598,2.559,2.552,2.4,2.324,2.329,2.384,2.434,2.152,2.319,2.062,2.455,2.577,2.307,2.707,3.13,2.486,2.056,2.676,2.433,2.208,2.579,2.693,2.925,2.6,2.719,2.445,2.52,2.51,2.583,3.106,3.042,2.841,2.834,2.662,2.913,3.278,2.904,2.436,2.635,2.265,2.412,3.348,2.111,2.421,2.19,3.059,3.408,2.876,3.028,3.406,2.899,2.826,2.719,2.902,3.344,3.03,2.681,2.841,2.753,2.342,2.679,2.629,2.729,2.55,2.399,2.409,2.615,2.563,2.585,2.417,2.897,2.7,2.544,2.625,2.616,2.58,2.443,2.614,2.662,3.18,2.515,2.217,2.696,2.621,2.628,2.599,2.866,3.055,2.39,2.423,3.34,2.763,2.6,2.145,2.523,3.157,2.339,2.811,2.93,2.628,2.98,2.782,2.39,2.688
sub-68,1.779,2.82,2.105,2.134,2.466,2.527,2.708,2.72,1.577,2.291,2.349,2.56,2.004,2.602,2.526,2.16,2.299,2.694,2.655,2.294,3.469,2.954,2.501,2.343,2.837,2.888,2.61,2.402,2.69,2.684,3.142,3.075,3.003,2.954,2.504,2.291,2.272,2.631,2.263,2.695,2.663,2.447,2.576,2.721,2.614,2.522,2.325,2.715,2.4,2.264,2.44,2.237,1.997,2.821,2.566,2.993,2.859,2.414,2.834,2.629,2.568,2.679,2.836,2.333,2.43,2.619,2.236,2.22,2.717,2.984,2.349,2.769,2.649,2.946,2.606,2.583,2.545,2.613,2.636,2.615,2.38,2.414,2.273,2.318,2.357,2.264,2.367,2.929,2.447,2.66,2.61,2.817,2.046,2.935,2.406,2.236,2.373,2.568,3.3,2.779,2.584,2.673,2.586,2.578,2.519,3.802,2.979,2.807,3.255,3.733,2.832,4.164,3.095,2.75,2.92,2.788,2.492,3.424,2.762,2.66,2.48,3.712,3.516,2.806,3.2,3.148,2.824,3.046,2.539,2.676,3.569,3.297,3.092,2.873,2.908,2.581,2.956,2.899,2.382,2.929,2.61,2.24,3.135,2.371,2.427,2.546,2.888,2.653,2.938,2.764,3.03,2.081,3.031,3.074,2.458,2.68,2.718,2.709,2.561,2.545,2.379,3.097,3.115,3.181,2.625,3.093,3.318,3.001,2.344,2.15,2.594,3.098,2.675,2.542,2.88,2.875,3.187,2.877,2.437,3.108,1.749,2.478,2.243,2.168,2.46,2.396,2.796,2.691,1.493,2.352,2.274,2.578,2.361,2.52,2.71,2.577,2.312,3.112,2.424,2.35,2.761,2.875,2.427,2.591,2.941,2.673,2.812,2.599,2.59,2.761,2.95,2.951,3.275,3.132,2.819,2.274,2.144,2.693,2.227,2.454,2.856,2.267,2.536,2.554,2.409,3.112,2.365,2.148,2.598,2.314,2.357,2.089,1.857,2.966,2.464,3.057,3.092,2.437,3.236,2.311,2.911,2.309,2.911,2.551,2.064,2.679,2.51,2.313,2.745,2.714,2.464,2.362,2.308,2.489,2.623,2.772,2.394,2.495,2.364,2.424,2.458,2.383,2.448,2.166,2.185,2.097,2.294,2.553,2.346,2.837,2.832,2.722,2.236,2.672,2.453,2.341,2.586,2.674,2.906,2.805,2.668,2.527,2.313,2.205,2.606,3.411,3.074,2.727,3.279,3.584,2.835,3.836,2.94,2.739,2.755,2.428,2.496,3.394,2.445,2.198,1.955,3.802,3.385,2.593,2.891,3.227,2.718,3.047,2.723,2.955,3.709,3.566,2.886,2.883,3.127,2.868,3.048,2.861,2.822,2.683,2.586,2.226,3.114,2.408,2.297,2.509,3.249,2.818,2.567,2.803,2.804,2.434,3.073,2.787,2.551,2.863,2.515,2.58,2.315,2.505,2.423,3.002,3.073,2.853,2.9,2.738,3.515,2.981,2.654,2.352,2.411,3.483,2.723,3.086,3.03,2.839,3.055,2.609,2.18,3.157
sub-69,1.898,2.343,2.481,2.033,2.312,2.451,2.632,2.776,1.761,2.542,2.818,3.145,2.366,2.458,2.648,2.648,2.392,2.678,2.105,2.271,3.095,2.381,2.74,2.123,2.807,2.856,2.32,2.969,2.579,2.703,2.905,2.908,3.476,2.952,2.277,2.355,2.225,2.354,2.406,2.658,2.726,2.62,2.614,2.71,2.359,2.341,2.323,2.383,2.59,2.272,2.513,2.093,1.882,3.072,2.79,3.213,2.424,2.387,2.615,2.852,2.619,2.514,2.803,2.317,2.297,2.186,2.633,2.356,2.654,2.691,2.441,2.472,2.607,3.037,2.498,2.585,2.544,2.494,2.507,2.364,2.67,2.43,2.388,2.332,2.4,2.304,2.457,2.409,2.27,2.44,2.376,2.787,2.146,3.09,2.218,2.688,2.637,2.7,2.521,2.808,2.604,2.581,2.753,2.526,2.48,3.043,2.747,2.802,2.798,2.939,2.565,3.391,2.731,2.531,2.537,2.361,2.229,3.291,2.408,2.587,2.084,3.227,3.401,2.385,2.943,2.889,2.901,2.903,2.643,2.533,3.339,3.231,2.646,2.626,2.673,2.788,3.036,2.542,2.587,2.685,2.108,2.518,2.699,2.233,2.508,2.234,2.72,2.487,2.683,2.496,2.644,2.964,2.228,2.558,2.318,2.732,2.199,2.51,2.477,2.491,2.401,2.343,2.912,2.655,2.325,2.735,3.11,2.334,2.437,2.296,2.257,3.094,2.535,2.193,2.693,2.785,2.881,2.803,2.324,2.831,1.871,2.432,2.024,1.937,2.315,2.411,2.379,2.884,1.762,2.502,2.87,2.917,2.542,2.656,2.52,2.487,2.359,3.015,2.223,2.36,2.845,2.692,2.832,2.682,2.751,2.931,2.338,2.753,2.335,2.723,2.85,2.838,3.177,2.94,2.428,2.303,2.193,2.386,2.477,2.828,2.598,2.705,2.793,2.745,2.303,2.663,2.499,2.354,2.121,2.121,2.419,2.315,1.984,2.851,2.477,2.834,2.751,2.062,2.855,2.572,2.31,2.531,2.544,2.424,1.892,2.392,2.482,2.324,2.646,2.606,2.414,2.367,2.327,2.447,2.447,2.627,2.411,2.649,2.456,2.589,2.22,2.299,2.206,2.158,2.451,2.075,2.416,2.613,2.285,2.386,2.319,2.598,2.112,3.377,2.23,2.507,2.575,2.554,2.652,2.724,2.531,2.462,2.787,2.367,2.659,2.92,2.572,2.528,3.016,2.604,2.892,3.533,2.861,2.501,2.441,2.673,2.383,3.579,2.441,2.187,2.372,2.87,2.745,2.775,3.074,2.597,2.385,2.632,2.637,2.783,3.126,3.3,2.797,2.618,2.689,2.626,2.807,2.674,2.613,2.473,2.357,2.307,2.53,2.237,2.409,2.457,2.567,2.751,2.394,2.549,2.77,2.591,2.836,2.319,2.255,2.483,2.282,2.425,2.181,2.279,2.436,2.245,2.88,2.522,2.052,2.77,3.613,2.586,2.444,2.095,2.137,3.415,2.658,2.6,3.03,2.93,2.927,2.705,2.504,2.861
sub-70,1.935,2.504,2.584,2.128,2.336,2.537,2.77,3.017,1.672,2.735,2.845,3.285,2.611,2.935,2.545,2.653,2.293,3.452,2.374,2.606,3.001,2.841,2.615,2.656,3.089,3.024,2.56,3.127,2.63,2.809,3.187,2.861,2.974,2.921,2.532,2.442,2.3,2.664,2.317,2.896,2.628,2.278,2.979,2.797,2.497,2.698,2.173,2.49,2.557,2.386,2.417,2.314,2.04,3.007,2.884,3.425,2.988,2.919,2.991,2.737,2.894,2.715,3.018,2.265,2.332,2.359,2.842,2.577,2.819,2.988,2.463,2.657,2.657,2.942,2.768,2.804,2.916,2.747,2.712,2.445,2.745,2.482,2.401,2.352,2.326,2.51,2.556,2.676,2.323,2.581,2.704,2.755,2.175,3.064,2.474,2.562,2.707,2.879,2.53,2.661,2.989,2.92,2.604,2.685,2.854,3.53,3.091,3.091,2.987,3.033,2.95,3.795,3.116,2.582,3.076,2.259,2.409,3.016,2.544,2.699,2.58,3.134,3.919,2.514,3.347,3.087,2.795,3.049,3.081,2.983,3.651,3.465,3.135,3.034,3.047,2.835,3.246,2.764,2.839,2.823,2.333,2.64,2.878,2.504,2.468,2.441,2.585,2.653,2.796,2.488,2.611,2.999,2.501,2.69,2.647,3.221,2.53,2.53,2.682,2.607,2.555,2.436,3.185,3.339,2.481,2.711,3.348,2.584,2.424,2.206,2.351,3.795,2.772,2.53,3.226,2.715,3.166,2.857,3.071,2.554,1.922,2.773,2.225,2.286,2.409,2.605,2.886,2.967,1.724,2.55,2.656,2.753,2.629,2.775,2.459,2.658,2.211,3.137,2.465,2.358,3.012,2.904,2.784,2.677,2.918,2.849,2.673,2.861,2.768,2.802,3.088,3.019,3.112,3.195,2.681,2.554,2.108,2.46,2.28,2.975,2.727,2.307,2.808,2.669,2.364,2.533,2.412,2.512,2.499,2.379,2.395,2.105,2.079,3.115,2.565,3.288,2.767,2.727,2.957,2.337,2.959,2.677,2.741,2.526,2.089,2.873,2.724,2.535,2.921,2.729,2.466,2.616,2.754,2.756,2.704,2.784,2.689,2.659,2.378,2.319,2.41,2.591,2.376,2.236,2.431,2.303,2.479,2.728,2.384,2.661,2.78,2.358,2.012,3.249,2.118,2.257,2.697,2.761,2.995,2.889,2.386,2.597,2.545,2.39,2.898,3.395,2.896,2.96,3.282,2.876,2.949,3.97,3.238,2.741,2.585,2.419,2.199,2.863,2.49,2.898,2.593,3.189,3.73,2.55,3.175,2.956,2.72,2.845,2.94,3.239,3.582,3.52,3.116,3.247,3.043,2.947,3.32,2.98,2.851,2.811,2.746,2.403,2.994,2.378,2.532,2.501,2.627,2.904,2.7,2.593,2.874,2.821,2.425,2.388,2.491,2.85,2.824,2.685,2.55,2.445,2.538,2.357,2.933,3.445,2.261,2.462,3.25,2.705,2.522,2.233,2.442,3.631,2.678,2.485,3.053,2.947,3.059,2.661,2.343,3.072
sub-72,2.018,2.249,2.063,2.126,2.232,2.336,2.241,2.854,1.78,2.537,2.775,3.067,2.353,2.656,2.249,2.371,2.274,2.729,2.511,2.576,2.771,2.642,2.228,2.503,3.002,3.111,2.621,2.815,1.918,2.485,2.724,2.869,3.178,3.105,2.868,2.21,2.485,2.771,2.176,2.933,2.572,2.163,2.747,2.708,2.339,2.42,2.511,2.565,2.458,2.072,2.422,2.217,2.118,3.018,2.76,3.028,3.246,2.849,2.56,2.96,2.664,2.422,2.803,2.148,2.268,2.255,2.679,2.547,2.73,2.748,2.442,2.489,2.499,3.128,2.505,2.7,2.674,2.819,2.789,2.559,2.617,2.529,2.489,2.439,2.578,2.399,2.516,2.534,2.384,2.805,2.951,2.797,1.998,2.993,2.055,2.56,2.578,2.892,3.149,2.69,2.709,2.657,2.368,2.726,2.609,3.153,2.878,3.001,3.17,3.437,2.724,3.673,3.193,2.506,2.697,2.448,2.527,3.454,2.78,2.652,2.086,2.94,3.472,2.619,3.077,2.861,2.61,3.005,2.6,2.832,3.452,3.207,2.945,2.655,2.595,2.642,2.943,2.595,2.637,2.427,2.485,2.462,2.769,2.382,2.514,2.422,2.692,2.804,2.827,2.518,2.846,2.485,2.684,2.416,2.4,2.267,2.504,2.607,2.757,2.276,2.691,2.523,3.143,2.733,2.545,2.659,3.14,2.62,2.572,2.322,2.388,3.131,2.675,2.568,2.878,2.826,3.207,2.786,2.955,3.072,2.077,2.044,2.006,2.026,2.158,2.273,2.746,2.881,1.704,2.603,2.301,2.947,2.253,2.431,2.274,2.436,2.194,2.817,2.168,2.182,2.565,2.627,2.446,2.527,2.797,3.055,2.269,2.753,2.546,2.639,2.779,2.823,3.064,3.083,2.34,2.439,2.328,2.254,2.271,2.844,2.529,2.239,2.655,2.678,2.428,2.365,2.537,2.092,2.452,2.3,2.477,2.254,2.105,2.98,2.511,2.805,2.89,2.637,2.921,2.603,2.761,2.572,2.744,2.388,2.596,2.825,2.631,2.427,2.682,3.01,2.469,2.6,2.465,2.611,2.459,2.82,2.61,2.65,2.395,2.469,2.238,2.472,2.189,2.483,2.098,2.083,2.3,2.455,2.404,2.378,2.585,2.412,2.052,2.63,2.193,2.303,2.86,2.761,2.841,2.566,2.832,2.474,2.357,2.359,2.744,3.257,2.678,2.799,3.101,3.619,2.766,3.519,3.233,2.459,2.68,2.462,2.359,3.734,2.501,2.805,2.378,3.17,3.259,2.658,3.101,2.966,2.491,2.69,2.741,2.768,3.274,3.379,3.101,2.774,2.629,2.755,2.597,2.614,2.646,2.445,2.313,2.337,2.437,2.48,2.427,2.352,2.74,2.759,2.618,2.503,2.766,2.395,2.563,2.696,2.575,2.438,2.649,2.405,2.534,2.642,2.364,2.396,3.185,2.627,2.589,2.343,3.205,2.564,2.251,2.272,2.257,3.293,2.65,2.767,3.055,2.577,2.993,2.316,2.503,3.198
sub-73,1.864,2.422,1.961,2.048,2.408,2.542,2.769,2.672,1.646,2.385,2.442,2.985,2.191,2.495,2.16,2.338,2.161,2.673,2.607,2.432,3.295,2.75,2.39,2.047,2.168,3.012,2.592,2.605,2.51,2.646,2.722,2.891,2.497,3.198,2.578,2.208,2.017,2.338,2.267,2.798,2.513,2.152,2.749,2.864,2.335,2.636,2.485,2.162,2.415,2.466,2.26,2.048,1.912,2.88,2.808,3.419,2.82,2.279,2.715,2.781,2.989,2.596,2.892,2.251,2.739,2.535,2.59,2.556,2.931,2.866,2.601,2.502,2.524,2.853,2.517,2.716,2.683,2.809,2.454,2.541,2.353,2.356,2.459,2.525,2.393,2.282,2.53,2.959,2.248,2.772,2.76,2.64,2.052,3.149,2.411,2.347,2.647,2.923,3.13,2.631,3.001,2.566,2.544,2.489,2.318,3.611,3.179,3.033,3.551,3.086,2.741,3.816,3.34,2.807,2.463,2.529,2.177,2.815,2.771,2.709,2.62,3.08,3.83,2.414,3.305,3.186,2.919,2.856,2.649,2.746,3.528,3.594,3.277,2.839,3.082,2.638,3.053,2.63,2.637,2.81,2.493,2.28,3.028,2.445,2.413,2.171,2.6,2.694,2.637,2.501,2.822,2.18,2.34,2.697,2.399,2.84,2.365,2.547,2.574,2.394,2.26,2.659,3.226,3.602,2.395,2.826,3.403,2.707,2.697,2.402,2.458,3.309,2.756,2.37,3.208,2.589,2.872,2.559,2.986,2.741,1.843,2.663,2.37,2.155,2.325,2.398,2.941,2.603,1.593,2.378,2.32,2.908,2.107,2.538,2.344,2.428,2.407,2.78,2.571,2.407,3.294,2.573,2.736,2.775,2.635,2.655,2.392,2.41,2.41,2.763,3.014,3.051,3.339,3.466,2.65,2.305,2.247,2.423,2.235,2.687,2.653,2.204,2.745,2.617,2.328,2.518,2.37,2.153,2.355,2.282,2.232,2.056,1.872,2.714,2.532,3.279,2.976,2.016,3.104,2.754,2.706,2.754,2.766,1.985,2.389,2.682,2.54,2.269,2.693,2.82,2.432,2.828,2.392,3.358,2.717,3.055,2.668,2.893,2.762,2.634,2.387,2.372,2.376,2.255,2.371,2.179,2.562,2.588,2.281,2.739,2.763,2.345,1.988,3.388,2.389,2.327,2.791,2.642,3.242,2.906,2.829,2.634,2.587,2.304,2.513,3.2,3.102,3.041,3.106,2.931,2.927,3.517,2.878,2.715,3.055,2.61,2.424,3.496,2.509,2.758,2.63,2.968,3.569,2.629,3.045,3.286,2.786,2.889,2.62,2.819,3.431,3.47,3.237,3.004,2.67,2.931,3.132,2.664,2.583,2.631,2.393,2.69,3.099,2.519,2.231,2.634,2.534,2.791,2.892,2.535,2.763,2.182,2.922,2.678,2.552,3.649,2.813,2.416,2.342,2.727,2.294,2.324,3.183,3.178,2.462,2.813,3.566,3.049,2.729,2.079,2.622,3.497,2.735,2.521,2.937,2.635,3.151,2.872,2.534,3.252
sub-74,2.082,2.672,2.435,2.221,2.482,2.467,2.637,2.752,1.729,2.606,2.763,3.142,2.167,2.353,2.572,2.748,2.378,2.94,2.209,2.365,2.927,3.078,2.486,2.73,2.966,2.716,2.511,2.845,2.683,2.72,3.059,3.135,2.915,3.33,2.703,2.256,2.325,2.487,2.334,2.791,2.797,2.3,2.542,2.887,2.383,2.829,2.061,2.679,2.88,2.393,2.605,2.477,1.957,2.732,2.671,3.431,3.107,2.1,2.631,2.836,2.721,2.446,2.936,2.519,2.921,2.461,2.995,2.56,2.759,2.72,2.436,2.908,2.362,3.189,2.648,3.016,2.842,2.609,2.088,2.571,2.238,2.384,2.646,2.481,2.467,2.395,2.873,3.17,2.295,2.395,2.657,2.439,2.731,2.918,2.299,2.456,2.568,2.993,3.331,2.973,2.494,2.887,2.629,2.861,2.565,2.931,2.822,2.798,2.911,2.848,2.556,2.765,2.897,2.614,3.051,2.705,2.47,3.442,2.29,2.463,2.405,2.908,3.709,2.872,3.372,3.471,2.803,3.051,2.514,2.655,3.218,3.385,2.888,2.503,2.586,2.513,2.866,2.429,2.616,2.548,2.42,2.635,2.846,2.42,2.476,2.486,2.545,2.815,2.667,2.688,2.948,2.827,3.071,2.663,2.761,2.709,2.542,2.474,2.442,2.53,2.587,2.611,2.893,3.202,3.182,2.966,2.642,2.71,2.429,2.309,2.39,2.903,2.62,2.823,3.148,2.751,2.988,2.553,2.899,2.774,2.142,2.396,2.428,2.157,2.257,2.325,3.052,2.674,1.727,3.066,2.659,2.642,2.384,2.652,2.316,2.299,2.536,2.913,2.17,2.542,3.174,2.592,2.475,2.56,3.18,2.87,2.62,2.81,2.354,2.593,2.92,3.031,2.893,3.213,2.713,2.55,2.501,2.58,2.397,2.737,2.657,2.533,2.724,2.823,2.735,2.163,2.532,2.348,2.603,2.533,2.611,2.373,1.959,2.827,2.996,3.426,3.046,2.22,3.012,2.259,2.852,2.511,2.979,2.514,2.501,2.77,2.617,2.327,3.044,2.698,2.322,3.022,2.214,2.37,2.737,2.794,2.882,2.628,2.186,2.402,2.254,2.898,2.275,2.277,2.774,2.237,2.839,3.035,2.481,2.819,2.756,2.35,2.068,2.703,2.434,2.356,2.788,2.488,2.819,2.986,3.141,2.727,2.395,2.383,2.692,2.591,2.834,2.667,3.037,2.191,3.006,3.129,3.167,2.579,2.676,2.641,2.323,3.351,2.45,2.25,2.363,3.155,3.416,2.984,2.815,3.273,2.542,2.614,2.579,2.82,2.902,3.378,2.757,2.47,2.669,2.263,2.881,3.052,2.872,2.673,2.4,2.415,2.876,2.297,2.581,2.492,2.905,3.203,2.72,2.676,2.796,2.585,2.906,2.692,2.589,2.816,2.577,2.29,3.045,2.313,2.464,2.574,3.079,2.615,2.995,2.644,3.375,3.121,2.798,2.45,2.419,3.211,2.588,2.717,3.143,2.592,3.209,2.731,2.205,3.154
sub-75,2.025,2.481,2.538,2.146,2.512,2.401,2.627,2.701,1.737,2.559,2.706,2.645,2.393,2.265,2.579,2.368,2.31,3.273,2.395,2.644,3.168,3.236,2.437,2.907,3.069,2.883,2.464,2.842,2.464,2.733,2.861,2.713,2.87,3.156,2.724,2.141,2.294,2.322,2.094,2.714,2.578,2.006,2.631,2.763,2.659,2.483,2.366,2.337,2.489,2.077,2.611,2.297,2.056,2.971,2.584,3.217,3.102,2.419,2.827,2.928,3.096,2.746,2.936,2.478,2.358,2.669,2.555,2.452,2.559,2.821,2.416,2.737,2.316,2.61,2.526,2.751,3.006,2.661,2.202,2.187,2.391,2.349,2.415,2.323,2.406,2.202,2.374,2.734,2.114,2.612,2.583,3.08,2.084,2.977,2.136,2.431,2.562,2.406,3.055,2.935,2.638,2.678,2.344,2.603,2.68,3.303,2.767,2.742,3.1,2.776,2.508,3.634,3.246,2.473,2.502,2.48,2.38,3.52,2.227,2.405,2.145,2.647,3.618,2.854,3.3,2.545,2.789,2.852,2.574,2.853,3.376,3.107,2.982,3.024,3.147,3.142,3.05,2.612,2.575,2.797,2.435,2.215,2.941,2.396,2.08,2.319,2.724,2.749,2.603,2.441,2.661,2.409,2.371,2.612,2.281,2.998,2.742,2.52,2.722,2.513,2.336,3.114,3.149,3.623,2.627,2.506,3.568,2.593,2.658,2.397,2.209,3.209,2.771,2.873,3.13,2.436,3.1,2.767,2.879,3.33,1.997,2.54,2.615,2.259,2.327,2.463,3.05,2.699,1.705,2.503,2.255,2.864,2.459,2.528,2.657,2.524,2.356,3.222,2.517,2.358,3.115,2.97,2.544,2.804,3.22,3.029,2.293,2.556,2.669,3.041,2.679,3.06,3.234,3.425,2.7,2.554,2.247,2.477,2.442,2.743,2.674,2.287,3.077,2.505,2.027,2.53,2.449,2.194,2.393,2.242,2.536,2.135,1.838,2.896,2.719,2.758,2.918,2.176,3.221,2.561,2.767,2.653,2.958,2.35,2.396,3.082,2.525,2.401,2.491,2.728,2.26,2.897,2.394,2.563,2.564,2.825,2.814,2.694,2.388,2.513,2.279,2.307,2.332,2.491,2.438,2.196,2.565,2.873,2.299,2.532,3.031,2.782,2.419,2.928,2.488,2.415,2.757,2.808,2.894,2.809,2.913,2.647,2.146,2.562,2.794,3.266,2.958,2.895,2.736,3.106,2.815,3.601,2.471,2.577,2.373,2.369,2.153,3.754,2.131,2.666,2.216,3.29,3.745,2.804,3.368,2.419,2.625,3.172,2.664,2.988,3.167,3.218,3.118,2.868,2.934,2.871,3.168,2.634,2.709,2.684,2.505,2.391,2.689,2.41,2.256,2.291,2.964,2.721,2.512,2.54,2.876,2.423,2.439,2.734,2.202,3.045,2.516,2.531,2.783,2.578,2.552,2.273,3.169,3.141,2.707,2.777,3.276,2.88,2.325,2.221,2.535,3.095,2.677,2.695,2.983,2.691,3.195,2.641,2.721,3.059
sub-76,1.885,2.372,2.294,2.181,2.48,2.523,2.519,2.718,1.881,2.457,2.51,2.856,2.435,2.532,2.465,2.32,2.388,2.849,2.434,2.349,2.975,2.895,2.482,2.431,2.967,2.83,2.553,3.214,2.016,2.733,3.112,3.255,2.893,3.03,2.483,2.368,2.116,2.506,2.25,2.634,2.411,2.179,2.704,2.527,2.218,2.591,2.269,2.383,2.315,2.224,2.629,2.337,1.916,2.914,2.509,3.437,2.867,2.577,2.355,2.582,2.719,2.748,2.696,2.514,2.128,2.43,2.631,2.435,2.85,2.875,2.646,2.524,2.575,2.508,2.569,2.788,2.448,2.671,2.645,2.493,2.52,2.488,2.424,2.317,2.376,2.349,2.574,2.922,2.257,2.6,2.66,2.569,2.199,2.834,2.358,2.381,2.649,2.35,3.117,3.101,2.85,2.904,2.603,2.534,2.912,3.493,3.236,2.794,3.127,3.412,2.825,3.74,3.149,2.747,2.856,2.745,2.584,3.281,2.52,2.846,2.948,3.348,3.754,2.619,3.113,3.078,2.89,2.836,2.976,2.845,3.739,3.33,3.118,3.179,2.955,2.822,2.973,2.64,2.72,2.86,2.504,2.55,3.26,2.324,2.472,2.482,2.864,2.78,2.675,2.669,3.001,2.822,2.848,2.725,2.626,3.051,2.501,2.797,2.735,2.473,2.417,2.888,3.123,2.845,2.499,2.794,3.762,2.932,2.682,2.264,2.313,3.389,2.949,2.524,3.16,2.764,2.95,3.321,2.74,3.152,2.056,2.445,2.182,2.224,2.495,2.523,2.783,2.547,1.743,2.573,2.616,2.818,2.478,2.558,2.433,2.332,2.181,2.792,2.02,2.58,2.997,2.862,2.552,2.65,3.033,2.93,2.742,2.739,2.864,2.689,3.114,2.925,2.889,2.971,2.306,2.297,2.196,2.524,2.373,2.519,2.478,2.169,2.456,2.709,2.275,2.365,2.435,2.129,2.266,2.278,2.478,2.176,1.814,2.721,2.509,3.119,3.064,2.049,2.796,2.495,2.81,2.571,2.766,2.276,2.195,2.752,2.802,2.279,2.862,2.679,2.625,2.773,2.583,3.151,2.618,2.835,2.64,2.757,2.593,2.627,2.655,2.244,2.311,2.21,2.219,2.113,2.39,2.669,2.527,2.586,2.704,2.829,1.951,2.939,2.434,2.429,2.904,2.43,2.86,2.818,2.886,3.092,2.537,2.465,2.521,3.381,2.798,3.129,3.024,3.047,2.777,3.797,3.124,2.679,2.952,2.258,2.379,3.307,2.263,2.54,2.812,3.336,2.889,2.726,3.184,3.211,2.853,2.815,2.745,3.023,3.251,2.888,2.917,3.252,3.18,2.945,2.97,2.793,2.81,2.589,2.517,2.635,3.175,2.37,2.636,2.55,2.936,2.711,2.686,2.528,2.614,2.669,2.985,2.709,2.612,2.833,3.007,2.485,2.285,2.56,2.431,2.668,3.055,2.932,2.53,2.827,3.533,3.029,2.521,2.219,2.409,3.403,2.63,2.863,3.035,2.757,3.237,2.833,2.548,3.089
sub-77,1.825,2.405,2.162,2.216,2.499,2.577,2.528,2.726,1.668,2.541,2.477,2.603,2.011,2.835,2.78,2.451,2.557,2.883,2.553,2.703,3.033,3.019,2.477,2.403,2.795,3.049,2.833,2.765,2.895,2.917,3.043,3.129,3.317,3.404,2.86,2.32,2.269,2.472,2.145,2.888,2.789,2.587,2.796,2.913,2.854,2.756,2.217,2.401,2.219,2.309,2.559,2.06,1.929,3.156,2.598,3.479,3.009,2.817,2.483,2.53,2.895,2.895,2.759,2.783,2.373,2.573,2.619,2.357,2.763,2.733,2.443,2.87,2.384,3.242,2.618,2.882,2.663,2.788,2.511,2.154,2.567,2.451,2.326,2.458,2.304,2.286,2.371,2.919,2.527,2.929,2.883,2.946,2.387,3.036,2.571,2.594,2.521,2.739,2.905,3.127,2.974,3.049,2.621,2.574,2.644,3.792,3.388,3.013,3.161,3.227,2.764,3.637,3.34,2.682,2.905,2.566,2.404,3.507,2.934,3.18,2.635,3.459,3.611,2.689,3.368,3.071,3.172,3.081,2.762,2.802,3.626,3.569,3.205,2.742,2.931,2.703,2.824,2.893,2.631,2.823,2.639,2.395,2.84,2.526,2.447,2.378,2.575,2.995,2.852,2.499,2.797,2.288,2.839,2.925,2.991,2.493,2.626,2.455,2.506,2.751,2.756,3.117,3.426,3.279,2.825,2.791,3.162,2.62,2.337,2.248,2.471,3.466,2.863,2.647,3.24,2.82,3.022,3.098,2.679,2.94,1.821,2.521,2.42,2.134,2.392,2.519,2.662,2.939,1.537,2.925,2.626,2.493,2.373,2.924,2.72,2.39,2.342,2.884,2.551,2.245,3.139,3.258,2.732,2.639,3.061,2.816,2.793,2.692,2.512,2.961,2.866,3.265,3.38,3.28,2.685,2.16,2.163,2.54,2.342,2.887,2.686,2.402,2.579,2.899,2.377,2.583,2.423,2.383,2.831,2.408,2.443,2.164,2.081,3.05,2.415,3.435,2.775,2.606,2.103,2.818,2.873,2.508,2.835,2.478,2.269,2.851,2.552,2.48,2.768,2.777,2.673,2.546,2.504,2.783,2.686,2.767,2.345,2.553,2.449,2.44,2.314,2.675,2.507,2.349,2.427,2.548,2.725,2.892,2.533,3.179,2.733,2.789,2.245,3.224,2.313,2.386,2.794,2.857,3.111,2.952,2.963,2.971,2.579,2.523,2.935,4.067,2.828,2.772,3.189,3.334,2.916,3.893,2.719,2.702,2.773,2.52,2.34,3.621,2.443,2.992,2.439,3.519,3.689,2.625,3.098,3.241,2.603,3.027,2.645,3.018,3.43,3.193,2.857,2.851,3.023,3.059,3.177,3.195,2.903,2.712,2.731,2.16,3.201,2.287,2.415,2.562,2.708,2.872,2.775,2.761,2.824,2.352,2.875,2.949,2.321,2.566,2.574,2.58,2.771,2.946,2.592,2.97,3.252,3.417,2.778,2.989,3.35,2.914,2.521,2.307,2.293,3.477,2.601,2.797,3.192,2.738,3.419,2.785,3.024,2.915
sub-78,1.805,2.819,2.261,2.099,2.197,2.453,2.515,2.749,1.734,2.467,2.788,2.697,2.195,2.673,2.374,2.704,2.532,2.626,2.48,2.413,2.753,2.535,2.857,2.476,2.357,2.982,2.775,2.979,3.039,2.48,2.865,3.074,2.925,2.955,2.292,2.463,2.383,2.463,2.648,2.672,2.932,2.229,2.837,2.843,2.848,2.268,2.704,2.421,3.149,2.458,2.628,2.322,2.026,3.096,2.967,3.426,2.605,2.473,2.36,2.878,2.997,2.842,3.027,2.447,2.531,2.6,2.476,2.276,2.969,2.885,2.328,2.969,2.324,2.795,2.847,2.671,2.543,2.839,2.166,2.386,2.628,2.237,2.171,2.379,2.259,2.268,2.445,2.688,2.39,2.978,2.539,2.761,2.296,2.872,2.561,2.458,2.421,2.764,2.846,2.936,2.791,2.983,2.478,2.457,2.388,3.253,2.579,2.821,2.844,2.644,3.036,3.533,2.691,3.038,2.606,2.558,2.449,2.418,2.702,2.129,2.413,2.5,3.379,2.374,3.14,2.958,2.648,2.95,2.44,2.359,3.111,3.046,2.884,2.428,2.974,2.705,2.695,2.772,2.509,2.704,2.135,2.37,2.753,2.488,2.801,2.425,2.698,2.654,2.67,2.736,2.921,2.797,2.652,2.815,2.626,2.622,2.613,2.527,2.676,2.288,2.345,2.786,2.966,2.883,2.519,2.253,3.154,2.583,2.62,2.207,2.238,2.653,2.363,2.535,3.003,2.473,2.576,2.538,2.755,2.436,1.775,2.558,2.315,1.969,2.176,2.491,2.621,2.668,1.655,2.481,2.452,3.229,2.471,2.665,2.386,2.545,2.194,2.98,2.515,2.517,2.906,2.871,2.523,2.35,2.724,2.883,2.683,2.556,2.818,2.729,2.613,2.76,2.857,3.089,2.465,2.511,2.355,2.364,2.871,2.585,2.742,2.347,2.904,2.577,2.388,2.708,2.635,2.084,2.725,2.458,2.481,2.386,2.049,3.184,3.114,3.153,2.773,2.592,2.497,2.567,2.822,2.571,2.915,2.256,2.779,2.264,2.504,2.259,2.797,2.744,2.361,2.915,2.378,2.621,2.87,2.795,2.491,2.66,2.691,2.279,2.356,2.554,2.43,2.444,2.518,2.229,2.42,2.703,2.262,2.514,2.413,2.501,2.133,2.926,2.3,2.352,2.743,2.74,3.03,2.954,2.858,2.806,2.187,2.487,2.485,2.983,2.764,3.062,2.826,2.96,3.097,3.51,2.58,2.814,2.717,2.659,2.349,2.889,2.722,2.175,2.248,3.397,3.502,2.536,2.815,3.32,2.778,2.897,2.73,2.788,2.767,3.021,2.648,2.516,2.656,2.808,2.841,2.837,2.611,2.531,2.496,2.359,2.977,2.443,2.667,2.403,2.65,2.801,2.605,2.591,2.977,2.471,2.56,2.764,2.676,2.752,2.753,2.341,2.91,2.209,2.568,2.698,3.329,2.929,2.449,2.798,3.084,2.554,2.593,2.121,2.587,2.936,2.448,2.442,3.085,2.536,2.829,2.503,2.392,2.702
sub-79,1.959,2.62,2.348,2.167,2.347,2.619,2.643,2.666,1.659,2.684,2.761,2.953,2.284,2.457,2.823,2.513,2.306,3.077,2.62,2.742,2.952,2.891,2.546,2.798,2.824,2.928,2.66,3.073,2.364,2.895,2.846,3.113,3.064,3.134,2.537,2.144,2.267,2.468,2.194,2.648,2.617,2.165,2.568,2.818,2.551,2.846,2.189,2.443,2.319,2.424,2.502,2.218,1.853,2.774,2.463,3.498,2.564,2.643,2.89,2.841,2.885,2.889,2.875,2.352,2.545,2.608,2.681,2.292,2.773,2.619,2.367,2.675,2.436,2.927,2.598,2.947,2.531,2.719,2.586,2.483,2.5,2.355,2.459,2.402,2.459,2.258,2.368,2.497,2.325,2.566,2.891,2.73,2.216,2.972,2.533,2.514,2.642,2.772,2.617,3.072,3.084,2.804,2.388,2.601,2.73,3.316,2.91,2.755,2.901,2.985,2.731,3.477,2.734,2.465,2.668,2.279,2.397,3.444,2.425,2.222,2.322,3.144,3.577,2.689,3.316,3.196,2.603,2.832,2.979,2.73,3.419,3.089,3.003,2.534,3.025,2.949,3.064,2.405,2.868,2.593,2.557,2.599,3.079,2.507,2.46,2.371,2.783,2.723,2.674,2.646,2.815,2.429,2.6,2.523,2.44,2.985,2.559,2.551,2.624,2.447,2.593,2.631,2.947,3.307,2.576,2.673,2.998,3.044,2.518,2.288,2.365,2.907,2.664,2.649,3.132,2.435,3.046,2.712,2.676,3.171,1.863,2.315,2.362,2.078,2.343,2.509,2.65,2.669,1.612,2.435,2.235,2.528,2.689,2.201,2.526,2.447,2.186,2.905,2.195,2.671,2.666,2.918,2.573,2.969,2.751,2.502,2.582,3.052,2.554,2.714,2.939,2.824,2.624,2.834,2.61,2.326,2.396,2.522,2.314,2.758,2.421,2.265,2.529,2.717,2.38,2.752,2.566,2.314,2.702,2.501,2.348,2.186,1.856,2.743,2.736,3.173,2.806,2.001,2.928,2.191,2.592,2.178,2.645,2.401,2.377,2.781,2.431,2.233,2.555,2.695,2.397,2.376,2.408,2.673,2.707,2.541,2.275,2.503,2.196,2.184,2.264,2.379,2.44,2.075,2.486,2.136,2.41,2.567,2.075,2.669,2.42,2.34,1.873,2.671,2.342,2.305,2.3,2.612,2.885,2.951,2.888,2.715,2.429,2.567,2.684,3.173,3.033,2.563,2.995,3.034,2.391,3.298,2.662,2.535,2.435,2.715,2.308,3.065,2.64,2.329,2.35,3.436,3.298,2.761,2.918,3.064,2.691,2.832,3.01,3.132,3.353,3.009,3.008,2.367,2.685,3.174,2.734,2.891,2.856,2.735,2.723,2.53,2.752,2.466,2.572,2.477,2.939,2.573,2.677,2.567,2.771,2.469,2.785,2.774,2.286,2.616,2.524,2.628,2.652,2.62,2.442,2.681,2.997,3.105,2.756,2.56,3.3,2.889,2.382,2.037,2.55,3.325,2.88,2.928,2.892,2.651,2.743,2.696,1.859,2.792
sub-80,1.755,2.505,2.363,1.983,2.34,2.473,2.771,2.698,1.789,2.632,2.565,2.592,2.243,2.194,2.645,2.34,2.618,3.002,2.396,2.513,2.799,2.907,2.509,2.023,2.87,2.687,2.224,3.13,2.904,2.792,2.786,3.039,3.208,3.086,2.593,2.261,2.177,2.369,2.263,2.627,2.728,2.481,2.668,2.598,2.71,2.817,2.631,2.128,2.18,2.522,2.571,2.212,2.127,2.954,2.684,3.404,3.023,2.506,2.824,2.626,2.85,2.768,2.596,2.367,2.48,2.764,2.654,2.438,2.962,2.771,2.339,2.767,2.581,2.613,2.485,2.744,2.729,2.696,2.243,2.353,2.633,2.412,2.221,2.414,2.048,2.251,2.476,2.752,2.184,2.717,2.598,2.672,2.405,2.805,2.378,2.527,2.427,2.328,2.772,2.816,2.692,2.796,2.587,2.625,2.384,3.621,2.877,2.809,3.072,3.456,2.697,3.533,3.061,2.606,2.787,2.634,2.427,3.498,2.611,2.809,2.514,3.203,3.7,2.681,3.361,2.941,2.885,2.863,2.627,2.567,3.34,3.016,2.716,2.889,3.011,2.647,3.088,2.611,2.606,2.47,2.807,2.425,2.574,2.55,2.741,2.495,2.791,2.66,2.702,2.562,2.7,2.635,2.432,2.541,2.428,2.692,2.536,2.464,2.803,2.487,2.495,2.488,3.316,3.038,2.124,2.788,3.074,2.762,2.595,2.352,2.641,3.106,2.609,2.405,2.975,2.904,2.938,3.295,2.604,3.039,1.828,2.496,2.499,2.254,2.395,2.483,2.716,2.632,1.712,2.775,2.454,2.94,2.45,2.215,2.672,2.36,2.328,2.976,2.347,2.574,2.709,2.857,2.427,2.236,3.153,2.731,2.661,2.707,2.359,2.736,2.815,2.861,3.062,3.255,2.63,2.402,2.431,2.57,2.163,2.671,2.655,2.417,2.733,2.561,2.473,2.82,2.741,1.979,2.581,2.553,2.471,2.251,2.009,2.682,2.599,2.815,3.106,2.6,3.107,2.408,3.005,2.628,3.076,2.651,2.185,2.419,2.746,2.382,2.679,2.785,2.404,2.714,2.258,2.929,2.383,2.729,2.526,2.882,2.362,2.39,2.327,2.423,2.256,2.426,2.288,2.23,2.67,2.522,2.336,2.715,2.698,2.632,2.008,2.844,2.259,2.529,2.769,2.616,2.596,2.975,2.792,2.664,2.294,2.526,2.868,3.574,3.037,2.861,3.245,2.953,2.681,3.292,2.652,2.7,2.715,2.746,2.36,3.532,2.315,2.991,2.533,3.424,3.934,2.603,3.138,3.202,2.635,3.031,2.565,2.802,3.254,3.189,2.563,2.744,2.839,2.919,2.67,2.705,2.569,2.935,2.575,2.372,2.858,2.561,2.638,2.448,2.769,3.011,2.62,2.541,2.787,2.783,2.985,2.7,2.367,2.937,2.27,2.504,2.441,2.704,2.49,2.779,3.204,2.932,2.797,2.631,2.821,2.758,2.525,2.415,2.342,3.385,2.451,2.39,3.265,2.753,3.134,2.88,2.422,3.082
sub-81,2.01,2.306,2.25,2.077,2.363,2.451,2.675,2.753,1.721,2.56,2.574,2.714,2.273,2.328,2.35,2.396,2.364,2.814,2.433,2.601,2.64,3.198,2.459,2.509,2.779,2.615,2.718,3.131,3.034,2.79,2.708,3.029,2.798,2.924,2.393,2.242,2.255,2.402,2.362,2.676,2.508,2.124,2.82,2.77,2.497,2.902,2.372,2.611,2.666,2.227,2.589,2.253,1.825,3.098,2.707,3.268,2.693,1.903,2.573,2.496,2.59,2.171,2.786,2.143,2.078,2.691,2.637,2.267,2.533,2.593,2.414,2.714,2.553,2.734,2.643,2.824,2.497,2.772,2.439,2.346,2.368,2.342,2.543,2.332,2.317,2.138,2.483,2.469,2.07,2.355,2.373,2.52,1.997,2.614,2.133,2.493,2.491,2.579,2.959,2.832,2.52,2.622,2.518,2.408,2.675,3.077,3.194,3.064,3.12,3.014,2.387,3.388,2.971,2.687,2.932,2.343,2.286,3.248,2.636,2.291,2.061,2.842,3.441,2.651,3.356,2.877,2.563,3.096,2.535,2.575,3.152,3.272,2.824,2.722,2.81,2.458,2.827,2.854,2.467,2.49,2.327,2.465,2.974,2.33,2.394,2.446,2.997,2.717,2.573,2.616,2.753,2.382,2.902,2.793,2.277,2.849,2.464,2.603,2.463,2.433,2.395,2.61,3.149,2.683,2.458,2.45,3.029,2.437,2.378,2.265,2.116,3.148,2.86,2.428,3.216,2.812,2.98,2.745,2.507,2.95,1.976,2.547,2.133,2.081,2.263,2.454,2.836,2.793,1.632,2.421,2.544,2.826,2.275,2.33,2.38,2.52,2.481,3.082,2.5,2.355,2.367,2.855,2.687,2.711,2.825,2.485,2.706,2.921,2.546,2.692,2.798,2.872,3.003,3.007,2.365,2.121,2.173,2.275,2.16,2.366,2.659,2.569,2.93,2.454,2.421,2.511,2.629,2.262,2.599,2.427,2.313,2.18,1.918,2.616,2.809,3.127,2.849,2.476,2.883,2.347,2.452,2.033,2.62,2.125,2.03,2.532,2.383,2.22,2.448,2.622,2.48,2.363,2.514,2.646,2.349,2.594,2.418,2.809,2.564,2.223,2.018,2.237,2.29,2.292,2.087,2.208,2.29,2.684,2.384,2.83,2.659,2.544,1.88,3.186,2.594,2.333,2.46,2.201,2.992,2.803,2.731,2.624,2.361,2.607,2.575,3.069,2.996,2.985,3.198,3.056,2.52,3.738,3.141,2.474,2.731,2.511,2.223,3.201,2.071,2.336,2.197,3.455,3.607,2.729,3.07,2.999,2.634,2.981,2.477,2.589,3.453,3.277,2.936,2.777,2.692,2.796,2.978,2.811,2.739,2.63,2.568,2.293,2.896,2.347,2.444,2.489,2.753,2.618,2.575,2.809,2.874,2.637,2.564,2.617,2.318,2.438,2.439,2.366,2.657,2.276,2.264,2.382,3.03,2.943,2.059,2.454,2.964,2.635,2.509,2.006,2.328,3.433,2.543,2.869,2.955,2.399,2.823,2.621,2.141,2.385
sub-82,1.782,2.46,2.353,2.158,2.44,2.576,2.865,2.975,1.798,2.653,2.343,2.805,2.481,2.534,2.833,2.72,2.332,3.084,2.424,2.812,2.841,2.778,2.346,2.329,2.561,2.757,2.559,2.927,2.935,2.839,3.254,2.882,3.167,3.461,2.536,2.521,2.198,2.474,2.324,2.82,2.434,2.444,2.54,2.656,2.557,2.325,2.487,2.366,2.05,2.451,2.46,2.312,2.246,2.752,2.539,3.307,3.009,2.76,3.621,2.353,2.919,2.555,3.03,2.258,2.62,2.461,2.752,2.361,2.894,2.805,2.635,2.855,2.467,2.511,2.345,2.794,2.831,2.62,2.638,2.507,2.705,2.476,2.519,2.346,2.466,2.438,2.525,2.606,2.222,2.716,2.567,2.894,2.212,2.958,2.27,2.629,2.641,2.886,3.182,2.816,2.581,2.716,2.49,2.557,2.904,3.313,3.205,2.865,3.008,2.428,2.707,3.348,2.974,2.498,2.597,2.51,2.412,3.396,2.457,2.626,2.514,3.107,3.738,2.652,3.391,2.765,2.857,3.133,2.777,2.849,3.585,3.148,2.883,2.724,2.976,2.84,3.104,2.724,2.631,2.901,2.424,2.225,2.769,2.655,2.52,2.435,2.936,2.636,2.728,2.557,2.587,2.716,3.024,2.966,2.496,2.501,2.497,2.488,2.807,2.541,2.45,2.721,3.074,2.882,2.324,2.451,3.383,2.758,2.516,2.366,2.375,3.31,2.738,2.367,3.305,2.741,3.129,3.101,2.461,3.002,2.042,2.713,2.305,2.227,2.364,2.564,2.836,2.77,1.745,2.984,2.61,2.581,2.647,2.58,2.602,2.48,2.392,3.324,2.357,2.649,2.776,3.126,2.707,2.53,2.774,2.727,2.602,2.826,2.691,2.526,3.12,2.971,3.272,3.145,2.562,2.598,2.235,2.535,2.336,2.678,2.412,2.465,2.536,2.681,2.646,2.308,2.446,2.037,2.341,2.288,2.342,2.225,2.097,2.473,2.51,2.889,2.553,2.63,2.735,2.341,2.666,2.196,2.727,2.514,2.351,2.506,2.55,2.333,2.499,2.836,2.479,2.617,2.258,2.806,2.694,2.544,2.535,2.742,2.535,2.573,2.437,2.576,2.254,2.049,2.114,2.102,2.735,2.66,2.571,2.711,2.62,2.214,2.249,3.058,2.301,2.519,2.646,2.657,2.986,2.56,2.897,2.443,2.491,2.737,2.785,3.584,2.903,2.758,3.03,2.75,2.581,3.596,3.007,2.586,2.551,2.711,2.44,3.491,2.486,2.299,2.453,3.536,3.634,2.88,3.229,2.927,2.645,3.25,2.639,2.835,3.237,2.958,2.939,3.003,2.913,2.534,3.167,2.889,2.791,2.702,2.421,2.383,2.693,2.435,2.708,2.353,2.946,2.8,2.635,2.593,2.812,2.801,3.049,2.559,2.468,2.768,2.877,2.417,2.92,2.429,2.256,2.448,2.898,2.77,2.404,2.691,3.178,2.771,2.305,2.127,2.126,3.422,2.674,2.378,3.24,2.712,3.221,2.712,2.532,3.096
sub-83,2.075,2.586,2.415,2.089,2.485,2.564,2.746,2.79,1.835,2.462,2.9,2.989,2.777,2.58,2.738,2.715,2.322,2.933,2.167,2.889,2.887,3.174,2.741,2.488,2.86,2.931,2.425,3.084,2.487,2.75,3.065,2.807,3.009,2.895,2.626,2.321,2.341,2.52,2.298,2.842,2.212,2.384,2.872,2.751,2.506,2.934,2.431,2.437,2.682,2.423,2.502,2.311,1.89,3.322,2.548,3.676,2.762,2.932,2.809,2.321,2.33,2.803,2.785,2.432,2.337,2.455,2.838,2.414,2.709,2.937,2.546,2.686,2.424,2.518,2.626,2.911,2.948,2.736,2.31,2.538,2.462,2.302,2.103,2.627,2.524,2.404,2.338,2.577,2.467,2.452,2.628,2.8,2.264,3.366,2.249,2.445,2.249,2.511,3.142,2.722,3.116,2.708,2.615,2.779,2.92,2.977,3.037,2.754,2.949,2.985,2.723,3.79,2.725,2.634,2.495,2.416,2.227,3.64,2.841,2.65,2.386,3.466,3.538,2.73,3.092,3.194,3.082,3.102,2.617,2.739,3.604,3.444,3.116,2.952,2.938,2.925,2.808,3.033,2.79,2.69,2.575,2.444,2.909,2.354,2.38,2.371,3.133,2.843,2.657,2.573,2.69,2.508,2.598,2.774,2.817,2.823,2.539,2.723,3.03,2.507,2.461,2.838,3.209,3.336,2.592,2.907,3.057,2.61,2.511,2.22,2.356,3.312,2.75,2.578,2.938,2.758,2.792,3.012,2.432,2.813,1.991,2.522,2.534,2.251,2.499,2.632,2.684,2.135,2.446,2.578,2.776,2.719,3.006,2.558,2.659,2.878,2.661,3.203,2.408,2.581,2.895,3.178,2.477,2.772,2.863,2.531,2.643,2.848,2.828,2.908,2.907,2.884,2.806,3.027,2.589,2.781,2.108,2.536,2.258,2.717,2.529,2.592,2.623,2.455,2.618,2.369,2.525,2.182,2.553,2.671,2.692,2.347,2.071,3.016,2.449,2.893,2.791,2.115,2.157,2.531,2.566,2.26,2.724,2.006,2.444,2.827,2.768,2.271,2.642,2.955,2.176,2.684,2.29,2.213,2.66,2.956,2.569,2.756,2.536,2.299,2.458,2.485,2.276,2.432,2.612,2.225,2.296,2.547,2.229,2.885,2.655,2.551,2.33,3.255,2.462,2.427,2.64,2.881,3.042,2.839,2.716,2.76,2.583,2.447,2.625,3.131,2.995,2.801,2.977,3.236,2.981,3.62,2.944,2.521,2.44,2.547,2.218,3.366,2.199,2.876,2.692,3.327,3.711,2.685,2.848,3.325,2.902,2.847,2.676,2.665,3.484,3.353,3.096,3.058,2.721,2.776,2.88,3.089,2.587,2.775,2.497,2.45,2.919,2.362,2.566,2.571,2.89,2.7,2.629,2.689,2.74,2.703,2.877,2.572,2.609,2.737,2.542,2.813,2.592,2.733,2.538,2.714,3.086,3.321,2.509,2.71,3.156,2.686,2.441,2.157,2.516,3.605,2.932,2.958,2.895,2.594,2.762,2.554,2.578,2.721
sub-84,1.676,2.015,2.239,1.922,2.243,2.288,2.521,2.503,1.609,2.418,2.457,2.652,2.202,2.929,2.103,2.073,2,2.605,2.13,2.219,2.678,2.561,2.185,2.199,2.67,2.416,2.308,2.891,2.372,2.565,2.581,2.963,3.123,3.054,2.301,2.142,2.174,2.402,2.276,2.618,2.389,2.244,2.565,2.39,2.348,2.042,2.366,2.346,2.6,2.11,2.382,2.191,1.933,2.662,2.573,2.979,2.937,2.979,2.567,2.626,2.973,2.561,2.917,2.638,2.298,2.344,2.638,2.323,2.83,2.674,2.438,2.576,2.345,2.553,2.455,2.823,2.407,2.355,2.365,2.249,2.267,2.274,2.335,2.347,2.126,2.141,2.356,2.621,2.316,2.188,2.381,2.469,2.15,2.806,2.152,2.358,2.454,2.554,3.11,2.965,2.921,2.576,2.508,2.546,2.624,3.442,3.012,2.877,2.735,2.231,2.872,3.566,2.885,2.618,2.708,2.417,2.33,2.964,2.354,2.446,2.223,3.15,3.675,2.561,2.883,2.883,2.677,2.834,2.412,2.573,3.401,2.718,2.939,2.596,2.594,2.737,2.824,2.397,2.604,2.554,2.03,2.189,2.691,2.517,2.173,2.239,2.723,2.914,2.68,2.477,2.764,2.684,2.585,2.479,2.416,2.826,2.368,2.12,2.567,2.366,2.277,2.899,2.832,3.166,2.635,2.735,3.067,2.491,2.406,2.395,2.168,2.897,2.6,2.41,2.835,2.641,2.717,3.015,2.725,2.936,1.729,2.077,2.012,2.068,2.192,2.401,2.438,2.574,1.626,2.448,2.192,2.667,2.431,2.734,2.241,2.322,2.134,3.116,2.167,2.253,2.902,2.661,2.401,2.363,2.867,2.453,2.292,2.418,2.207,2.339,2.766,2.872,2.706,2.679,2.512,1.968,2.188,2.503,2.169,2.542,2.448,2.208,2.212,2.239,2.052,2.576,2.231,2.079,2.142,2.204,2.37,2.038,1.812,2.914,2.356,2.76,2.577,2.872,2.856,2.495,2.716,2.648,2.688,2.413,2.06,2.351,2.231,2.331,2.615,2.365,2.271,2.39,2.239,2.505,2.419,2.586,2.199,2.37,2.073,2.191,2.236,2.146,2.337,2.284,2.063,2.247,2.438,2.665,2.088,3.087,2.537,2.382,1.847,3.016,1.974,2.265,2.469,2.311,2.59,2.626,2.969,2.65,2.247,2.44,2.565,3.314,2.8,2.786,2.66,2.393,2.765,3.565,2.615,2.441,2.263,2.256,2.125,2.52,2.418,2.587,2.092,2.767,3.366,2.494,2.811,2.908,2.325,2.695,2.576,2.598,3.145,3.271,2.636,2.631,2.885,2.416,2.976,2.626,2.635,2.275,2.294,2.224,2.559,2.366,2.39,2.059,2.547,2.666,2.465,2.517,2.631,2.044,2.411,2.416,2.309,2.761,2.422,2.446,2.531,2.023,2.274,2.546,2.747,2.878,2.61,2.593,2.865,2.543,2.141,2.089,2.337,3.145,2.56,2.501,2.779,2.371,3.114,2.75,2.491,3.151
sub-85,2.048,2.687,2.379,2.218,2.548,2.6,2.592,2.826,1.904,2.49,2.379,2.898,2.309,2.632,2.385,2.327,2.519,3.127,2.4,2.561,2.912,2.824,2.495,2.724,2.661,2.789,2.617,3.139,2.13,2.811,3.047,2.904,3.217,3.195,2.544,2.339,2.324,2.548,2.325,2.97,2.534,2.338,2.674,2.589,2.628,2.374,2.651,2.2,2.234,2.476,2.626,2.233,1.959,2.866,2.782,3.239,3.105,2.773,3.17,2.553,2.927,2.847,2.787,2.491,2.255,2.645,2.758,2.508,2.776,2.772,2.599,2.862,2.431,2.631,2.501,2.787,2.945,2.696,2.493,2.674,2.468,2.494,2.328,2.709,2.327,2.229,2.496,2.758,2.228,2.898,2.671,2.657,2.001,3.097,2.124,2.429,2.636,2.817,3.18,3.124,3.09,2.816,2.437,2.724,2.672,3.62,3.252,2.809,3.059,2.785,2.961,3.786,3.163,2.564,2.77,2.629,2.438,3.239,2.871,2.429,2.598,3.236,3.743,2.603,3.162,2.907,2.76,2.984,2.862,2.728,3.538,3.321,3.176,2.789,3.425,2.937,3.261,2.696,2.981,2.701,2.754,2.627,2.753,2.566,2.621,2.339,2.736,2.803,2.766,2.728,2.891,2.562,2.954,2.715,2.673,2.914,2.809,2.288,2.848,2.814,2.589,3.123,3.216,2.708,2.435,2.731,3.084,2.604,2.599,2.326,2.604,3.389,2.397,2.709,3.036,2.792,3.154,2.82,2.571,2.981,2.181,2.488,2.665,2.262,2.497,2.621,2.699,2.879,1.825,2.92,2.736,3.127,2.548,2.433,2.634,2.553,2.279,2.911,2.348,2.655,3.119,2.857,2.764,2.481,3.017,3.1,2.643,2.97,2.356,2.828,3.205,3.057,2.969,3.068,2.527,2.488,2.395,2.606,2.166,2.755,2.793,2.526,2.675,2.823,2.269,2.77,2.682,2.003,2.205,2.526,2.738,2.321,2.146,3.061,2.76,3.176,3.025,2.118,2.917,2.535,3.081,2.785,2.87,2.191,2.629,2.981,2.68,2.511,2.729,2.765,2.493,2.793,2.629,2.808,2.668,2.878,2.528,2.768,2.505,2.581,2.525,2.452,2.414,2.424,2.524,2.564,2.448,2.761,2.462,2.643,2.726,3.214,2.137,2.8,2.516,2.454,2.616,2.707,3.15,3.15,2.98,2.942,2.345,2.681,2.7,3.607,3.172,3.023,2.984,3.308,2.768,3.272,3.078,2.651,2.691,2.703,2.531,2.849,2.916,2.566,2.445,3.104,3.726,2.776,3.156,3.593,2.638,2.868,2.735,3.163,3.303,3.359,3.323,2.903,3.042,2.854,3.297,3.257,2.956,2.738,2.394,2.525,3.114,2.472,2.384,2.631,3.024,2.83,2.763,2.749,2.889,2.688,3.082,2.843,2.687,2.888,2.602,2.726,2.516,2.926,2.416,2.931,3.095,3.001,2.766,2.533,3.248,2.806,2.632,2.332,2.294,3.585,2.637,2.43,3.178,2.72,3.09,2.664,2.783,3.128
sub-86,1.653,2.179,2.053,2.033,2.332,2.285,2.518,2.612,1.508,2.575,2.59,2.902,2.008,2.529,2.702,2.094,1.949,2.874,2.187,1.991,2.6,2.757,2.066,2.018,2.367,2.556,2.549,2.238,2.36,2.342,2.707,3.564,2.799,2.984,2.529,2.146,2.291,2.453,2.116,2.699,2.553,2.094,2.614,2.582,2.14,2.132,2.267,2.147,2.318,2.086,1.988,1.875,1.92,2.549,2.612,3.347,2.754,2.678,2.896,2.805,2.758,2.758,3.331,2.498,2.062,1.971,2.678,2.659,3.086,2.563,2.747,2.467,2.235,2.309,2.359,2.896,2.351,2.61,2.395,2.456,2.784,2.258,2.56,2.409,2.17,2.264,2.483,2.053,2.236,1.993,2.194,2.544,2.028,2.624,2.173,2.419,2.56,2.72,3.192,2.633,2.404,2.726,2.529,2.386,2.431,3.095,2.843,2.897,3.032,2.242,2.988,3.342,2.775,2.723,2.336,2.361,2.26,3.015,2.494,2.776,1.877,2.804,2.985,2.378,2.711,2.963,2.671,2.668,2.465,2.446,3.124,3.093,2.83,2.45,2.827,2.53,2.681,2.524,2.247,2.588,2.297,2.104,2.558,2.16,2.475,2.385,2.661,2.456,2.575,2.35,2.316,2.192,2.843,2.888,2.479,2.527,2.468,2.181,2.501,2.694,2.225,2.708,2.866,2.381,1.981,2.573,3.504,2.864,2.429,2.331,2.199,2.873,2.524,2.177,2.768,2.57,2.984,3.182,2.847,3.194,1.736,2.344,1.934,1.991,2.148,2.408,2.597,2.519,1.442,2.519,2.217,2.77,2.021,2.423,2.288,2.387,1.881,2.962,2.37,2.154,2.616,2.908,2.091,2.849,2.787,2.773,2.422,2.622,2.055,2.495,2.794,3.118,3.05,2.825,2.772,2.014,2.112,2.346,1.984,2.599,2.385,1.986,2.5,2.434,2.029,2.447,2.358,2.437,2.183,2.11,2.099,2.087,1.76,2.483,2.239,2.788,2.675,2.323,2.745,2.309,2.439,2.656,2.882,1.918,1.753,2.09,2.628,2.279,2.531,2.883,2.347,2.323,2.333,2.486,2.377,2.507,1.96,2.603,2.256,2.178,2.353,2.16,2.188,2.324,1.971,2.118,2.256,2.322,1.897,1.967,2.201,2.352,2.005,2.78,2.316,2.291,2.312,2.549,2.839,2.946,3.451,2.769,2.232,2.479,2.749,3.212,2.699,2.683,3.082,3.232,2.638,3.255,2.914,2.822,2.913,2.341,2.336,2.809,2.043,2.654,1.892,2.467,2.69,2.311,2.899,3.009,2.516,2.607,2.529,2.83,2.918,3.209,2.58,2.546,2.746,2.535,2.81,2.569,2.754,2.411,2.309,2.135,2.803,2.636,2.252,2.509,2.285,2.714,2.423,2.568,2.732,2.106,2.938,2.552,2.22,2.4,2.661,2.496,2.497,2.418,2.259,2.669,2.924,2.809,2.358,2.644,3.146,2.956,2.448,1.888,1.941,2.724,2.727,2.614,2.945,2.545,2.769,2.488,2.19,3.078
sub-87,1.667,2.498,2.252,2.016,2.154,2.186,2.288,2.296,1.596,2.242,2.447,2.457,2.03,2.557,2.506,2.203,2.384,2.685,2.315,2.175,2.556,2.223,2.416,1.995,2.843,2.516,2.467,3.025,2.686,2.617,2.868,2.65,3.064,3.02,2.456,2.033,2.304,2.42,1.95,2.517,2.515,1.991,2.696,2.398,2.27,2.548,2.238,1.978,2.281,2.352,2.28,2.002,1.912,2.467,2.548,2.585,2.626,2.379,2.561,2.724,2.54,2.601,2.395,2.205,2.164,2.414,2.44,2.415,2.538,2.888,2.425,2.375,2.42,2.348,2.239,2.224,2.419,2.282,2.425,2.501,2.253,2.416,2.21,2.202,2.141,2.146,2.329,2.475,2.042,2.414,2.657,2.799,2.187,2.735,2.219,2.329,2.084,2.651,2.668,2.639,2.771,2.726,2.534,2.636,2.439,3.1,2.872,2.739,2.821,2.655,2.571,3.59,2.803,2.43,2.728,2.046,2.171,3.488,2.377,2.607,2.183,3.034,3.415,2.422,2.929,2.885,2.771,2.69,2.632,2.843,3.206,2.937,2.847,2.619,2.692,2.659,2.843,2.535,2.658,2.638,2.244,2.518,2.457,2.34,2.654,2.387,2.574,2.658,2.458,2.644,2.621,2.412,2.471,2.375,2.332,2.609,2.45,2.059,2.593,2.313,2.523,2.453,2.806,2.581,2.234,2.504,2.932,2.492,2.181,2.129,2.307,3.304,2.489,2.296,3.008,3.071,2.816,3.344,2.548,2.646,1.599,2.31,2.097,2.044,2.118,2.212,2.222,2.209,1.659,2.657,2.485,2.924,2.293,2.451,2.356,2.289,2.064,2.669,2.056,2.21,2.812,2.145,2.453,2.495,2.718,2.486,2.369,2.745,2.235,2.645,2.676,2.432,2.91,2.967,2.537,2.082,2.276,2.268,2.378,2.7,2.292,2.057,2.511,2.389,2.251,2.441,2.44,2.236,2.613,2.138,2.362,2.225,1.84,2.647,2.309,2.649,2.426,2.132,2.736,2.634,2.732,2.702,2.329,1.95,1.917,2.532,2.355,2.279,2.562,2.328,2.226,2.439,2.3,2.933,2.549,2.688,2.126,2.599,2.528,2.553,2.427,2.244,2.21,2.109,1.949,2.078,2.288,2.475,2.11,2.354,2.641,2.779,2.001,2.556,2.185,2.212,2.512,2.377,2.613,2.667,2.607,2.659,2.534,2.488,2.602,2.932,2.939,2.674,2.71,2.817,2.568,3.209,2.778,2.49,2.635,2.452,2.377,3.778,2.288,2.321,2.408,3.062,3.358,2.673,2.99,3.068,2.594,2.7,2.652,2.768,3.06,2.877,2.702,2.522,2.509,2.472,2.879,2.497,2.62,2.703,2.423,2.408,2.749,2.458,2.501,2.271,2.635,2.443,2.527,2.443,2.623,2.373,2.569,2.387,2.307,2.882,2.749,2.472,2.495,2.295,2.379,2.558,2.994,3.051,2.279,2.368,2.889,2.929,2.558,2.185,2.32,3.164,2.751,2.844,2.806,2.439,2.44,2.715,2.448,2.61
sub-88,1.779,2.227,2.004,2.107,2.256,2.451,2.636,2.531,1.673,2.535,2.199,2.359,2.273,2.41,2.3,2.411,2.16,2.488,2.404,2.503,2.974,2.908,2.23,2.701,2.73,2.628,2.107,3.051,2.423,2.494,2.629,3.102,2.825,2.962,2.516,2.043,1.985,2.101,2.032,2.64,2.255,2.143,2.487,2.362,2.318,2.315,2.469,2.46,2.366,1.999,2.457,2.079,1.811,2.595,2.525,2.921,3.068,2.015,2.506,2.556,2.777,2.671,2.735,2.249,2.139,1.997,2.65,2.266,2.569,2.597,2.249,2.488,2.579,2.3,2.425,2.417,2.533,2.643,2.319,2.123,2.287,2.265,2.344,2.331,2.321,2.113,2.393,2.592,2.342,2.446,2.574,2.37,2.104,2.478,2.388,2.496,2.501,2.539,3.061,2.775,2.523,2.247,2.506,2.309,2.672,3.69,3.07,2.744,3.086,2.792,2.611,3.753,3.075,2.525,2.513,2.308,2.355,3.248,2.545,2.477,2.198,3.211,3.521,2.32,2.835,2.921,2.358,2.665,2.729,2.527,3.253,2.914,2.647,2.798,2.765,2.346,2.615,2.383,2.657,2.433,2.452,2.287,2.769,2.367,2.262,2.456,2.448,2.547,2.568,2.372,2.538,2.318,2.6,2.321,2.206,2.82,2.323,2.51,2.335,2.253,2.331,2.305,2.954,2.85,2.622,2.275,3.974,2.667,2.401,2.363,2.496,3.075,2.703,2.265,2.504,2.689,2.804,2.838,2.347,2.979,1.788,2.239,2.184,1.985,2.173,2.5,2.923,2.464,1.617,2.301,2.129,2.271,2.425,2.372,2.507,2.138,2.121,2.805,2.198,2.271,2.844,2.893,2.929,2.475,2.808,2.506,2.265,2.623,2.293,2.428,3.101,2.836,2.578,2.893,2.565,2.122,1.984,2.408,1.999,2.467,2.66,1.925,2.47,2.472,2.022,2.269,2.483,2.045,2.347,2.157,2.324,2.026,1.684,2.66,2.318,2.563,2.378,2.048,3.102,2.475,2.864,2.582,2.878,2.46,2.286,2.313,2.376,2.195,2.76,2.255,2.146,2.402,2.006,2.352,2.594,2.48,2.411,2.285,2.149,2.34,2.156,2.38,2.256,2.039,2.194,2.336,2.182,2.579,2.173,2.629,2.893,2.234,2.014,2.77,2.193,2.352,2.475,2.52,2.692,2.893,3.139,2.436,2.623,2.472,2.446,3.855,3.045,2.724,3.073,3.492,2.625,3.335,2.746,2.345,2.366,2.593,2.142,3.869,2.366,2.826,2.223,3.631,3.166,2.695,2.817,3.403,2.679,2.684,2.283,2.478,3.574,3.062,2.704,2.8,2.615,2.507,2.842,2.552,2.565,2.413,2.375,2.022,2.465,2.284,2.221,2.236,2.416,2.394,2.384,2.573,2.702,2.402,3.121,2.71,2.374,2.211,2.313,2.214,2.31,2.671,2.341,2.239,2.848,2.739,2.165,2.576,3.856,2.927,2.327,2.28,2.077,3.386,2.532,2.761,2.776,2.565,2.681,2.827,2.446,2.964
sub-89,1.738,2.252,2.195,1.912,2.326,2.472,2.293,2.648,1.527,2.449,2.361,2.884,2.209,2.566,2.284,2.07,1.608,2.705,2.351,2.505,2.95,3.476,2.337,2.701,2.815,2.652,2.586,2.41,2.804,2.567,3.025,3.228,2.894,3.325,2.672,2.28,2.1,2.408,2.186,2.666,2.302,2.263,2.283,2.638,2.258,2.695,2.337,2.224,2.377,2.023,2.241,1.981,1.861,2.726,2.471,3.143,2.755,2.81,2.963,2.238,2.789,2.91,2.968,2.21,2.329,2.376,2.78,2.488,2.792,3.072,2.567,2.525,2.463,2.572,2.503,2.758,2.543,2.622,2.452,2.429,2.622,2.543,2.539,2.386,2.524,2.423,2.313,2.751,2.242,2.46,2.499,2.436,2.082,2.706,2.28,2.239,2.567,2.772,2.833,3.163,2.943,2.556,2.776,2.396,2.325,3.524,3.139,2.664,3.053,2.978,2.742,3.451,2.767,2.609,2.609,2.307,2.33,2.98,2.782,3.036,2.48,3.084,3.697,2.348,2.969,3.042,2.825,2.951,2.558,2.657,3.349,3.101,2.951,2.842,2.759,2.86,2.944,2.681,2.611,2.472,2.641,1.875,2.857,2.5,2.174,2.41,2.542,2.77,2.653,2.529,2.857,2.212,2.678,2.462,2.633,2.854,2.51,2.733,2.627,2.558,2.347,2.953,2.809,3.485,2.261,2.297,3.351,2.475,2.479,2.312,2.713,2.689,2.514,2.568,2.774,2.659,2.903,3.122,2.567,3.333,1.894,2.65,2.148,1.999,2.376,2.442,2.634,2.604,1.783,2.45,2.444,2.861,2.364,2.775,2.29,2.368,2.01,2.917,2.315,2.366,2.871,3.097,2.305,2.827,2.948,2.778,2.397,2.671,2.728,2.781,2.744,3.066,3.004,3.037,2.455,2.105,2.078,2.283,1.881,2.502,2.542,2.013,2.489,2.577,2.317,2.26,2.263,2.029,2.364,2.232,2.426,2.079,1.828,2.5,2.481,2.939,2.969,2.437,2.583,2.626,2.526,2.504,2.642,2.68,2.283,2.354,2.778,2.273,2.815,2.61,2.152,2.439,2.255,2.614,2.645,2.947,2.42,2.719,2.417,2.461,2.808,2.595,2.33,2.351,2.119,2.297,2.383,2.867,2.369,2.511,2.604,2.216,2.003,2.676,2.182,2.296,2.774,2.573,3.09,2.684,2.766,2.425,2.481,2.614,2.424,3.583,3.253,2.981,3.253,2.44,2.941,2.975,2.706,2.735,2.492,2.451,2.175,3.258,2.231,2.517,2.343,2.907,3.772,2.529,3.068,3.656,2.617,2.983,2.493,2.906,3.11,2.99,3.131,2.97,2.816,3.482,3.471,2.656,2.683,2.747,2.707,2.258,2.775,2.453,2.639,2.358,2.886,2.857,2.656,2.575,2.805,2.653,2.868,2.801,2.359,2.989,2.508,2.433,2.483,2.312,2.307,2.77,2.74,2.611,2.769,2.363,2.974,2.693,2.694,2.03,2.267,3.208,2.787,2.398,3.152,2.792,2.763,2.828,2.488,2.921
sub-90,2.03,2.435,2.078,2.14,2.29,2.283,2.452,2.727,1.837,2.463,2.244,2.773,2.369,2.49,2.439,2.29,2.125,2.542,2.019,2.717,2.414,2.477,2.637,2.768,2.908,2.846,2.402,3.072,2.573,2.659,3.119,2.889,3.021,3.185,2.518,2.209,2.016,2.307,2.338,2.627,2.439,2.261,2.607,2.82,2.427,2.297,2.506,2.171,2.641,2.048,2.484,2.326,1.871,2.816,2.665,3.022,2.879,2.683,3.033,2.767,2.803,2.729,2.742,2.219,2.069,2.096,2.457,2.663,2.765,2.734,2.376,2.508,2.626,2.658,2.459,2.616,2.493,2.665,2.668,2.471,2.352,2.325,2.409,2.49,2.373,2.226,2.41,2.631,2.245,2.539,2.481,2.762,2.182,3.264,2.259,2.45,2.469,2.912,2.884,2.819,2.78,2.697,2.304,2.58,2.576,3.497,3.044,2.646,3.16,2.801,3.006,4.264,3.074,2.616,2.826,2.335,2.312,3.432,2.554,2.556,2.421,3.169,3.46,2.756,3.084,3.166,2.781,2.87,2.404,2.664,3.443,3.3,2.908,3.026,2.525,2.478,2.49,2.488,2.563,2.644,2.306,2.416,2.633,2.008,2.189,2.076,2.402,2.602,2.54,2.332,2.571,2.461,2.692,2.274,2.632,2.579,2.328,2.404,2.509,2.135,2.339,2.424,2.81,2.906,2.068,2.85,2.927,2.686,2.544,2.125,2.371,3.246,2.746,2.769,2.919,2.609,2.956,2.768,2.722,3.231,1.995,2.388,2.239,2.074,2.31,2.307,2.843,2.685,1.759,2.582,2.611,2.738,2.004,2.393,2.455,2.343,2.149,2.952,2.131,2.372,2.377,2.524,2.517,2.637,2.799,2.851,2.527,2.776,2.24,2.587,2.685,2.945,2.964,3.423,2.516,2.318,2.181,2.184,2.416,2.627,2.329,2.075,2.569,2.639,2.577,2.203,2.285,1.997,2.36,1.994,2.426,2.085,1.839,2.883,2.736,3.08,2.937,2.827,2.73,2.47,2.598,2.603,2.786,2.18,2.269,2.683,2.569,2.242,2.552,2.714,2.469,2.532,2.456,2.953,2.514,2.884,2.451,2.748,2.695,2.624,2.434,2.297,2.298,2.458,2.495,2.285,2.271,2.45,2.405,2.65,2.544,2.853,2.34,3.306,2.334,2.425,2.461,2.77,2.755,2.86,2.977,2.54,2.445,2.378,2.592,3.676,2.769,2.943,3.061,3.243,2.939,3.448,2.941,2.647,2.657,2.348,2.307,3.699,2.395,2.222,2.054,3.51,3.457,2.495,2.957,3.376,2.694,2.617,2.786,2.763,3.614,3.346,2.977,2.948,2.702,2.474,2.782,2.735,2.69,2.521,2.436,2.049,2.479,2.458,2.311,2.349,2.639,2.651,2.571,2.486,2.706,2.068,2.745,2.409,2.464,2.581,2.709,2.538,2.473,2.404,2.408,2.502,2.782,2.446,2.25,2.935,3.273,3.05,2.568,2.345,2.393,3.745,2.533,2.52,2.837,2.581,2.932,2.552,2.488,3.03
sub-91,1.812,2.284,2.488,2.064,2.486,2.711,2.571,2.735,1.667,2.641,2.257,2.598,2.313,2.694,2.663,2.6,2.367,3.203,2.455,2.556,3.175,2.68,2.447,2.706,2.472,3.161,2.852,3.394,2.958,2.914,3.034,3.124,3.36,3.286,2.596,2.342,2.479,2.721,2.592,2.683,2.509,2.505,2.616,2.759,2.69,2.39,2.628,2.434,2.655,2.269,2.423,2.306,2.1,2.959,2.67,2.903,2.747,2.686,2.427,2.639,2.837,2.857,2.736,2.591,2.207,2.96,2.606,2.49,2.879,2.885,2.697,2.68,2.528,2.984,2.965,3.418,2.946,2.703,2.43,2.501,2.479,2.676,2.624,2.535,2.567,2.519,2.581,2.955,2.516,3.077,3.033,2.858,2.378,3.498,2.017,2.436,2.62,2.792,2.926,2.706,2.713,2.729,2.634,2.463,2.765,3.664,2.947,3.007,3.269,3.077,2.945,3.859,3.068,2.805,2.945,2.815,2.365,3.485,2.821,2.859,2.362,3.445,3.892,2.655,3.489,3.276,2.833,3.162,2.67,2.784,3.516,3.43,3.491,3.27,2.784,3.072,2.918,2.928,2.938,2.557,3.029,2.493,2.808,2.313,2.596,2.578,3.1,2.832,2.868,2.394,2.769,2.659,2.343,2.628,2.626,2.714,2.402,2.789,2.761,2.695,2.518,2.9,3.096,3.241,2.985,2.931,3.366,2.893,2.751,2.563,2.4,3.517,2.816,2.442,3.259,3.032,2.623,2.966,2.924,3.45,1.878,2.697,2.496,2.129,2.455,2.613,2.586,2.814,1.504,2.429,2.12,2.768,2.478,2.592,2.656,2.473,2.231,3.102,2.387,2.329,3.247,3.041,2.701,2.973,2.817,2.727,2.793,2.84,2.402,2.98,3.274,2.944,3.176,2.948,2.445,2.428,2.37,2.552,2.191,2.8,2.478,2.574,2.672,2.678,2.963,2.457,2.481,2.262,2.361,2.443,2.318,2.16,1.952,2.875,2.676,3.01,2.712,2.269,2.662,2.459,2.372,2.801,2.546,2.447,2.026,2.618,2.477,2.412,2.607,2.852,2.377,2.72,2.354,2.749,2.858,3.025,2.541,2.687,2.136,2.315,2.157,2.501,2.593,2.215,2.539,2.127,2.424,2.829,2.316,2.811,2.877,2.543,2.265,3.535,2.32,2.439,2.435,2.647,2.864,2.851,3.027,2.912,2.391,2.582,2.675,3.272,3.219,2.954,3.087,2.891,2.998,3.865,3.037,2.713,2.716,2.361,2.333,3.502,2.488,2.847,2.628,3.636,3.591,2.811,3.227,3.245,2.697,2.928,2.858,3.04,3.338,3.547,3.077,2.781,2.865,2.735,2.871,2.83,2.878,2.698,2.635,2.535,2.824,2.704,2.551,2.552,2.922,2.739,2.909,2.851,2.825,2.391,2.819,2.472,2.344,3.335,2.546,2.51,2.466,2.504,2.637,2.676,3.018,2.956,2.415,2.801,3.15,3,2.386,1.967,2.089,3.539,2.799,3.107,3.239,2.825,3.055,2.728,2.534,2.936
sub-92,1.861,2.784,2.254,2.094,2.36,2.523,2.846,2.399,1.739,2.241,2.558,2.773,2.22,2.236,2.208,2.472,2.145,3.062,2.557,2.698,3.317,2.964,2.612,2.189,2.676,2.957,2.338,3.186,2.556,2.58,2.49,3.01,3.19,3.362,2.766,2.154,2.42,2.483,2.338,2.876,2.677,2.465,3.076,2.8,2.048,2.445,2.016,2.32,2.381,2.528,2.353,2.15,2.087,2.853,2.929,3.345,2.883,2.499,2.891,2.715,2.435,2.705,2.916,1.937,2.448,2.41,2.622,2.399,2.792,3.214,2.806,2.381,2.405,3.023,2.446,2.826,2.613,2.774,2.5,2.477,2.68,2.402,2.139,2.302,2.03,2.381,2.4,2.694,1.85,2.326,2.853,2.588,2.148,2.857,2.215,2.509,2.505,2.437,3.159,2.812,3.236,3.124,3.032,2.325,2.772,3.623,3.285,3.122,2.919,3.075,2.912,3.867,3.405,2.532,2.844,2.46,2.461,3.297,2.366,2.718,2.878,2.951,4.05,2.535,3.195,2.627,2.64,2.873,2.758,2.83,3.341,3.083,2.873,2.807,2.951,2.7,2.875,2.811,2.919,2.729,2.475,2.271,2.873,2.249,2.736,2.491,3.172,2.775,2.739,2.378,2.702,2.29,2.611,2.634,2.566,2.93,2.924,2.748,2.491,1.983,2.513,2.324,2.687,3.136,2.503,2.708,3.444,2.96,2.382,2.17,2.013,3.032,2.855,2.335,2.835,2.614,3.297,3.409,2.749,2.854,1.774,2.506,2.071,2.08,2.252,2.336,2.72,2.477,1.537,2.3,2.608,2.652,2.173,2.667,2.251,2.73,2.258,3.047,2.315,2.026,2.157,2.917,2.519,2.108,2.679,2.541,2.327,2.861,2.054,2.735,2.71,3.21,3.258,3.361,2.589,2.056,2.24,2.404,2.253,2.791,2.665,2.126,2.436,2.496,1.948,2.17,2.234,2.062,2.507,2.294,2.168,1.968,1.87,2.512,2.63,2.853,2.697,2.39,2.926,2.947,2.027,2.934,2.679,2.218,1.743,2.669,2.658,2.187,2.607,2.877,2.363,2.374,2.362,2.357,2.316,2.67,2.212,2.543,2.474,2.508,2.279,2.299,2.032,2.332,2.195,2.001,2.176,2.332,2.213,2.337,2.207,2.164,2.043,3.04,2.41,2.247,2.325,2.429,2.371,2.652,2.592,2.951,3.029,2.496,2.351,3.528,3.007,2.751,3.287,3.064,2.828,3.241,2.844,2.616,2.98,2.65,2.39,3.964,2.514,2.862,2.606,3.178,3.335,2.932,3.099,2.647,2.6,2.627,2.908,3.038,3.184,3.32,2.79,2.781,2.722,2.654,2.856,2.974,2.498,2.393,2.558,2.019,2.679,2.421,2.62,2.447,2.364,2.572,2.72,2.644,2.678,2.339,2.334,2.715,2.223,2.237,2.975,2.281,2.805,2.479,2.769,2.374,3.172,3.026,1.99,2.612,3.909,2.554,2.363,1.876,2.06,3.058,2.332,2.288,3.166,2.618,3.089,2.674,2.597,2.911
sub-93,1.668,2.439,2.019,1.938,2.246,2.441,2.717,2.731,1.563,2.259,2.34,2.937,2.348,2.458,2.342,2.446,2.336,2.872,2.419,2.426,2.415,2.338,2.426,2.826,2.619,3.065,2.589,2.552,2.322,2.789,2.869,3.143,3.068,3.026,2.565,2.189,2.164,2.223,2.515,2.711,2.522,2.206,2.72,2.469,2.545,2.295,2.412,2.098,2.346,2.252,2.35,2.037,1.868,2.677,2.469,2.742,2.584,2.34,2.149,2.639,2.49,2.598,2.771,2.623,2.457,2.283,2.529,2.287,2.863,2.845,2.642,2.608,2.346,3.041,2.669,2.68,2.704,2.575,2.584,2.534,2.418,2.394,2.27,2.465,2.149,2.295,2.352,2.542,2.326,2.546,2.492,2.874,2.233,2.952,2.306,2.213,2.518,2.632,2.791,2.807,2.932,2.924,2.331,2.634,2.47,3.258,2.775,2.679,3.311,3.145,2.734,3.443,2.969,2.631,2.679,2.711,2.397,3.574,2.653,2.689,2.271,3.465,3.746,2.426,3.138,3.095,2.872,2.781,2.605,2.695,3.417,3.279,2.995,2.65,2.902,2.684,2.898,2.517,2.688,2.739,2.301,2.342,2.898,2.291,2.325,2.485,2.652,2.565,2.882,2.606,2.65,2.298,2.476,2.62,2.541,2.9,2.65,2.618,2.495,2.459,2.573,2.686,3.148,3.003,2.445,2.898,3.156,2.752,2.369,2.26,2.26,3.578,2.811,2.558,2.94,2.658,3.015,3.15,2.982,2.831,1.746,2.478,2.47,2.019,2.282,2.448,2.804,2.699,1.61,2.803,2.499,2.692,2.603,2.785,2.405,2.301,2.441,2.942,2.432,2.384,3.118,2.873,2.271,2.572,2.957,3.017,2.369,2.887,2.587,2.673,3.088,3.068,3.058,2.901,2.373,2.245,2.309,2.543,2.224,2.804,2.363,2.388,2.794,2.806,2.226,2.354,2.35,1.985,2.289,2.354,2.268,1.929,1.941,2.93,2.488,2.988,2.824,2.394,3.104,2.48,2.611,2.722,2.806,2.268,2.052,2.199,2.577,2.5,2.661,2.846,2.576,2.795,2.451,2.672,2.489,2.961,2.601,2.713,2.539,2.478,2.456,2.543,2.348,2.322,2.184,2.345,2.476,2.768,2.398,2.527,2.475,3.003,2.272,3.121,2.178,2.443,2.595,2.53,2.788,3.029,2.932,2.815,2.251,2.463,2.452,3.264,2.548,2.925,3.405,3.464,2.954,3.689,2.781,2.684,2.678,2.457,2.403,3.731,2.704,2.817,2.421,3.637,3.53,2.584,2.953,3.191,2.767,2.58,2.734,2.86,3.315,3.338,3.043,2.818,2.92,2.69,2.82,2.76,2.841,2.662,2.466,2.28,2.693,2.348,2.469,2.463,2.738,2.838,2.731,2.637,2.822,2.392,2.588,2.94,2.478,3.079,2.745,2.407,2.948,2.544,2.325,2.584,3.29,2.896,2.453,2.714,2.98,2.97,2.415,2.127,2.486,3.402,2.374,2.251,2.866,2.715,2.855,2.583,2.7,3.199
sub-94,1.775,2.213,1.931,1.973,2.257,2.465,2.45,2.637,1.815,2.291,2.502,2.897,2.016,2.361,2.213,2.299,2.104,2.344,2.006,2.248,3.11,2.82,2.423,2.428,2.733,2.845,2.321,2.694,2.153,2.414,2.887,2.579,2.729,3.046,2.403,2.446,2.123,2.271,2.178,2.614,2.404,2.142,2.739,2.572,2.325,2.819,2.511,2.185,2.363,2.222,2.449,2.217,1.857,2.834,2.581,3.029,2.63,2.606,2.683,2.554,2.527,2.738,2.779,2.505,2.458,2.62,2.619,2.407,2.786,2.739,2.442,2.48,2.455,2.613,2.511,2.983,2.39,2.612,2.632,2.178,2.416,2.435,2.368,2.616,2.363,2.421,2.593,2.655,2.29,2.739,2.719,2.874,2.065,3.021,2.26,2.398,2.475,2.677,2.807,2.717,2.633,2.388,2.459,2.437,2.543,3.605,2.711,2.863,2.887,3.079,2.67,3.132,2.988,2.595,2.583,2.393,2.122,3.093,2.506,2.551,2.193,2.825,3.212,2.425,2.861,3.156,2.826,2.732,2.516,2.549,3.258,2.971,2.83,2.558,2.65,2.537,2.859,2.576,2.601,2.497,2.633,1.964,2.542,2.298,2.209,2.301,2.836,2.547,2.588,2.335,2.465,1.873,2.276,2.434,2.464,2.718,2.518,2.747,2.581,2.497,2.424,2.681,2.784,2.769,2.245,2.821,3.161,2.623,2.583,2.282,2.234,3.088,2.334,2.36,2.736,2.668,2.896,2.434,2.499,2.569,1.862,2.395,1.952,1.933,2.146,2.297,2.538,2.641,1.748,2.538,2.465,2.579,2.055,2.463,2.18,2.325,1.97,2.988,2.053,2.194,2.645,2.558,2.722,2.48,2.727,2.815,2.215,2.807,2.336,2.452,2.605,2.664,2.932,2.79,2.622,2.19,1.951,2.371,2.245,2.317,2.573,2.083,2.547,2.467,2.194,2.195,2.312,2.403,2.323,2.117,2.449,2.149,1.771,2.863,2.552,2.965,2.497,2.353,2.852,2.763,2.754,2.732,2.736,2.556,2.401,2.98,2.389,2.619,2.813,2.573,2.538,2.423,2.479,2.572,2.582,3.063,2.633,2.569,2.449,2.68,2.154,2.503,2.321,2.387,2.244,2.253,2.34,2.655,2.453,2.79,2.535,2.599,2.229,3.022,2.218,2.407,2.478,2.669,2.85,2.784,3.007,2.874,2.387,2.413,2.807,3.332,2.662,2.765,3.265,2.64,2.848,3.282,2.928,2.712,2.732,2.535,2.247,3.176,2.36,2.935,2.38,3.249,3.071,2.579,3.009,3.14,2.561,2.727,2.611,2.795,3.235,3.243,2.937,2.746,2.625,2.584,3.12,2.796,2.615,2.467,2.308,2.12,2.835,2.267,2.366,2.476,2.674,2.522,2.509,2.457,2.717,2.258,2.226,2.472,2.304,2.725,2.634,2.345,2.357,2.239,2.557,2.484,2.938,3.001,2.52,2.843,3.071,2.837,2.539,2.241,2.45,3.333,2.563,2.635,2.963,2.551,2.935,2.341,2.517,2.876
sub-95,1.805,2.621,2.548,2.169,2.558,2.601,2.678,2.691,1.789,2.561,2.513,2.786,2.475,2.666,2.596,2.874,2.39,3.328,2.492,2.688,3.022,3.25,2.612,3.163,2.928,2.757,2.74,3.146,2.86,2.757,2.804,3.052,3.1,3.235,2.51,2.503,2.356,2.377,2.306,2.626,2.611,2.135,2.589,2.749,2.281,2.675,2.522,2.617,2.769,2.184,2.642,2.546,1.798,2.776,2.354,2.93,2.672,3.088,3.146,2.842,2.87,3.019,2.936,2.503,2.573,2.461,2.601,2.446,2.905,2.964,2.635,2.65,2.492,2.657,2.703,2.887,2.839,2.72,2.437,2.56,2.675,2.966,2.629,2.575,2.503,2.322,2.624,2.655,2.443,2.631,2.932,2.849,2.135,3.141,2.544,2.441,2.503,2.397,3.085,2.802,2.824,3.048,2.771,2.583,2.757,3.754,3.265,3.076,3.324,2.742,3.082,4.003,2.826,2.708,2.837,2.834,2.355,2.758,2.769,2.481,2.614,3.469,3.814,2.991,3.627,3.137,3.125,2.882,2.763,2.941,3.655,3.542,3.303,3.059,2.91,2.848,3.032,2.856,2.913,2.731,2.441,2.728,2.696,2.527,2.801,2.45,3.088,2.677,2.624,2.892,3.126,2.981,2.699,2.63,2.402,3.104,2.736,2.701,2.271,2.623,2.38,2.852,2.965,2.812,2.696,2.87,3.122,2.998,2.848,2.645,2.575,3.566,3.133,2.709,3.53,2.559,3.219,3.367,2.847,3.317,1.987,2.944,2.335,2.332,2.514,2.609,2.817,2.718,1.656,2.603,2.494,2.949,2.944,2.497,2.55,2.712,2.382,3.369,2.719,2.435,3.247,3.215,2.923,2.797,3.272,2.678,2.956,3.011,2.915,2.771,2.919,2.798,3.448,3.175,2.462,2.405,2.201,2.464,2.142,2.86,2.486,2.255,2.493,2.546,2.374,2.629,2.581,2.876,2.291,2.115,2.49,2.136,1.883,2.738,2.751,3.143,2.717,2.584,3.068,2.367,2.768,2.724,2.659,2.6,2.31,2.67,2.563,2.372,2.9,3.144,2.468,2.663,2.33,2.715,2.995,3.017,2.762,2.589,2.402,2.297,2.329,2.488,2.678,2.464,2.475,2.07,2.496,2.921,2.524,2.572,2.773,2.531,2.156,2.834,2.61,2.415,2.722,2.682,2.7,2.967,2.871,2.938,2.918,2.652,2.589,3.815,3.192,2.995,3.364,3.33,3.184,3.631,2.898,2.817,2.828,2.911,2.452,3.914,2.643,2.845,2.795,3.785,3.566,2.926,3.479,3.406,2.996,2.894,2.918,3.007,3.712,3.629,3.341,2.697,2.801,2.982,3.427,3.044,2.932,2.622,2.492,2.734,3.224,2.628,2.498,2.541,3.08,2.869,2.867,2.922,3.1,2.449,2.947,2.707,2.518,2.897,2.558,2.366,2.683,2.615,2.261,2.954,3.163,3.303,3.22,2.739,3.254,2.971,2.551,2.116,2.18,3.251,2.88,2.77,3.504,2.773,2.874,2.734,2.669,2.893
sub-96,1.937,2.351,2.408,2.174,2.275,2.34,2.562,2.755,1.675,2.385,2.305,3.037,2.581,3.03,2.301,2.591,2.159,2.917,2.122,2.321,2.925,2.784,2.487,2.834,2.925,3.07,2.758,3.061,2.588,2.714,2.711,2.932,3.022,3.375,2.522,2.424,2.302,2.293,2.37,2.69,2.89,2.424,2.767,2.977,2.3,2.469,2.507,2.223,2.609,2.398,2.499,2.018,2.094,2.816,2.948,3.189,3.089,3.089,2.852,2.773,2.782,3.021,2.979,2.338,2.074,2.577,2.556,2.406,2.934,3.067,2.35,2.776,2.412,2.95,2.804,2.951,2.646,2.729,2.468,2.427,2.468,2.409,2.312,2.253,2.387,2.228,2.505,2.819,2.41,2.715,2.731,2.907,2.129,3.585,2.337,2.488,2.902,2.499,3.241,3.019,2.449,2.847,2.548,2.538,2.72,3.496,3.189,2.926,3.403,3.358,2.938,3.918,3.186,2.631,2.934,2.31,2.146,3.63,2.537,3.119,2.171,2.937,3.996,2.551,3.27,3.509,2.962,3.323,2.519,2.646,3.496,3.24,3.16,2.993,2.91,2.758,3.043,2.823,2.676,2.93,2.32,2.495,2.855,2.425,2.207,2.086,2.774,2.931,2.723,2.806,2.95,2.496,2.752,2.876,2.765,2.983,2.569,2.494,2.431,2.678,2.428,2.798,3.282,3.23,2.592,2.706,3.267,2.732,2.578,2.538,2.362,3.578,2.641,2.542,3.292,2.966,3.149,2.745,2.779,3.532,1.988,2.688,2.154,2.225,2.385,2.281,2.583,2.704,1.75,2.739,2.731,2.917,2.473,2.6,2.224,2.34,2.148,3.177,2.3,1.971,3.022,2.885,3.051,2.74,3.065,3.222,2.613,2.938,2.571,2.665,2.853,2.866,3.052,2.973,2.179,2.475,2.206,2.451,2.308,2.752,2.272,2.196,2.876,2.573,2.383,2.515,2.355,2.147,2.764,2.167,2.297,2.124,1.928,2.884,2.421,3.195,2.796,2.916,3.08,2.542,3.26,2.639,3.099,2.683,2.441,2.724,2.696,2.54,2.815,2.811,2.513,2.805,2.413,3.032,2.675,2.867,2.616,2.939,2.581,2.553,2.337,2.483,2.425,2.394,2.58,2.385,2.34,2.694,2.253,2.825,3.053,2.732,2.343,3.091,2.166,2.414,2.708,2.287,2.674,3.159,2.876,2.717,2.463,2.575,2.524,3.535,3.105,2.809,3.278,3.375,2.782,3.951,3.175,2.427,2.5,2.215,2.102,3.908,2.41,3.321,2.235,3.542,3.551,2.612,3.225,3.556,2.801,3.101,2.9,3.212,3.46,3.307,3.032,2.864,3.308,2.922,2.973,2.942,2.755,2.912,2.428,2.352,2.839,2.336,2.378,2.198,2.711,2.775,2.603,2.72,3.019,2.647,2.885,2.745,2.528,3.039,2.331,2.228,2.638,2.73,2.333,2.646,3.143,3.007,2.773,3.291,2.976,2.879,2.437,2.212,2.361,3.083,2.762,2.815,3.108,2.518,3.218,2.63,2.583,3.171
sub-97,1.89,2.293,2.073,1.989,2.173,2.372,2.5,2.707,1.675,2.407,2.339,3.011,2.006,2.761,2.308,2.396,1.955,2.726,2.037,2.362,2.792,2.864,2.397,2.399,2.87,2.66,2.333,2.867,2.626,2.481,2.859,3.195,3.186,3.246,2.569,2.268,2.05,2.546,2.146,2.707,2.435,2.216,2.438,2.561,2.172,2.034,2.235,2.191,2.384,2.177,2.488,2.144,2.046,2.751,2.408,3.172,2.723,2.605,3.005,2.64,3.156,2.713,2.692,2.295,2.423,2.342,2.812,2.473,2.553,2.918,2.519,2.575,2.52,2.487,2.588,2.734,2.479,2.632,2.412,2.5,2.612,2.205,2.264,2.412,2.272,2.26,2.516,2.827,2.313,2.072,2.715,2.972,2.104,2.961,2.323,2.257,2.481,2.857,3.193,2.82,2.787,2.59,2.386,2.721,2.695,3.297,2.869,2.803,2.939,3.443,2.683,3.538,3.305,2.516,2.674,2.367,2.24,3.611,2.583,2.936,2.284,3.201,3.245,2.456,2.956,3.402,2.722,2.599,2.467,2.459,3.27,2.807,2.902,2.69,2.709,2.477,2.897,2.292,2.615,2.479,2.469,2.092,2.747,2.305,2.233,2.288,2.515,2.645,2.666,2.414,2.691,2.339,2.559,2.458,2.471,2.458,2.392,2.283,2.138,2.206,2.3,2.702,2.97,3.065,2.255,2.809,3.214,2.774,2.374,2.275,2.417,2.925,2.499,2.644,2.819,2.424,2.846,2.671,2.601,3.144,1.843,2.356,2.119,2.034,2.114,2.334,2.401,2.71,1.782,2.537,2.634,2.862,1.916,2.909,2.427,2.345,2.155,2.844,2.282,2.156,2.635,2.679,2.522,2.542,2.446,2.855,2.401,2.696,2.231,2.793,2.796,2.956,3.312,2.967,2.512,2.402,2.201,2.459,2.272,2.54,2.617,2.297,2.461,2.562,2.211,2.191,2.507,1.924,2.186,2.369,2.583,2.201,1.957,2.845,2.618,2.892,2.933,2.547,2.649,2.615,2.715,2.81,2.649,2.806,2.15,2.697,2.705,2.436,2.643,2.838,2.339,2.622,2.318,2.675,2.802,2.78,2.81,2.6,2.552,2.411,2.479,2.383,2.302,2.182,2.533,2.312,2.366,2.458,2.566,2.795,3.001,2.609,2.171,2.852,2.287,2.425,2.476,2.696,2.781,2.865,2.946,2.537,2.297,2.579,2.55,3.439,2.966,2.702,3.126,3.533,3.007,3.653,2.712,2.552,2.6,2.474,2.325,3.709,2.774,3.104,2.729,3.424,3.06,2.996,3.05,3.244,2.725,2.664,2.765,2.905,3.349,3.319,2.755,2.826,2.7,2.503,2.837,2.933,2.837,2.422,2.222,2.154,2.707,2.463,2.606,2.603,2.741,2.742,2.713,2.55,2.658,2.088,2.595,2.744,2.399,2.651,2.552,2.282,2.374,2.204,2.51,2.458,2.974,3.323,2.456,2.853,3.05,2.873,2.507,2.247,2.44,3.249,2.58,2.871,3.173,2.777,3.067,2.598,2.565,2.916
sub-99,1.781,2.436,2.407,1.957,2.24,2.408,2.654,2.89,1.703,2.554,2.502,2.827,2.28,2.651,2.37,2.42,2.13,3.043,2.551,2.472,2.644,2.59,2.494,2.369,3.042,2.848,2.628,3.289,2.437,2.642,2.852,3.175,2.939,3.3,2.625,2.122,2.517,2.495,2.136,2.978,2.901,2.047,2.875,2.922,2.298,2.803,2.603,2.131,2.576,2.264,2.463,2.357,2.003,2.997,2.882,3.288,2.871,2.499,3.266,2.891,3.182,3.162,3.515,2.559,2.3,2.653,2.795,2.662,3.16,2.954,2.649,2.943,2.739,3.132,2.712,2.733,2.608,3.011,2.423,2.795,2.604,2.523,2.551,2.593,2.368,2.512,2.443,2.719,2.448,2.981,2.747,2.883,2.229,2.956,2.335,2.676,2.59,2.958,3.333,3.22,2.949,3.157,2.452,2.663,2.637,3.731,3.412,3.04,3.452,3.53,2.931,3.931,3.301,2.692,2.921,2.652,2.495,2.789,2.342,2.716,2.181,3.104,3.834,2.552,2.922,2.65,2.849,2.845,2.61,2.697,3.342,3.48,3.088,3.038,3.064,2.784,3.018,2.649,2.737,2.762,2.432,2.188,2.742,2.538,2.528,2.587,3.108,2.785,2.836,2.758,2.955,2.657,2.57,2.576,2.249,2.869,2.708,2.675,2.482,2.439,2.571,2.737,2.964,3.101,2.323,2.87,3.411,2.853,2.709,2.584,2.399,3.49,2.842,2.531,2.867,2.639,3.149,3.134,2.716,3.201,1.984,2.41,2.068,1.926,2.176,2.446,2.725,2.774,1.635,2.728,2.263,2.881,2.428,2.343,2.386,2.665,2.397,3.204,2.486,2.137,2.546,3.151,2.638,2.52,2.919,2.763,2.604,2.812,2.409,2.498,2.994,3.231,3.156,3.385,2.936,2.134,2.406,2.393,2.366,2.523,2.756,2.511,2.627,2.672,2.498,2.43,2.506,2.137,2.373,2.461,2.511,2.206,2.084,2.81,2.576,3.3,2.887,2.294,3.253,2.603,2.935,2.891,2.962,2.636,2.17,2.614,2.476,2.453,2.808,2.918,2.612,2.51,2.38,2.725,2.562,3.018,2.518,2.872,2.533,2.856,2.533,2.519,2.391,2.567,2.381,2.328,2.622,2.782,1.887,2.576,2.597,2.348,2.23,2.823,2.458,2.467,2.544,2.661,3.15,2.927,2.966,2.776,2.446,2.537,2.823,3.408,3.112,3.119,3.392,3.445,2.993,3.766,3.514,2.697,2.986,2.645,2.393,2.832,2.426,2.806,2.25,2.826,3.629,2.793,3.105,3.158,2.494,2.876,2.667,2.879,3.28,3.323,2.981,2.706,2.748,2.632,3.177,2.829,2.835,2.663,2.654,2.367,2.805,2.673,2.653,2.486,2.786,3.04,2.734,2.752,2.864,2.492,2.576,2.655,2.601,2.041,2.79,2.441,2.545,2.574,2.456,2.804,3.289,3.259,2.812,2.739,3.282,3.036,2.659,2.337,2.326,3.328,2.817,2.672,3.203,2.8,2.738,2.654,2.928,3.274
sub-100,1.915,2.34,2.215,2.087,2.423,2.32,2.448,2.574,1.706,2.409,2.653,2.723,2.042,2.656,2.044,2.273,2.21,2.844,2.202,2.209,2.584,2.825,2.326,2.602,2.639,2.789,2.323,2.642,2.167,2.58,2.924,2.693,3.059,3.114,2.591,2.393,2.35,2.534,2.008,2.62,2.568,2.067,2.635,2.63,2.216,1.785,2.062,2.253,2.382,2.274,2.365,2.274,1.93,2.801,2.501,3.221,3.086,2.77,3.249,2.438,2.994,2.825,3.135,2.487,2.482,2.366,2.845,2.46,3.052,2.868,2.679,2.613,2.708,2.415,2.669,2.784,2.678,2.842,2.573,2.559,2.433,2.296,2.53,2.485,2.254,2.305,2.73,2.838,2.326,2.642,2.796,3.04,2.099,3.027,2.084,2.429,2.365,2.839,2.629,2.843,3.069,2.631,2.445,2.598,2.546,3.707,3.54,2.979,3.338,3.149,2.86,3.657,3.13,2.694,2.591,2.718,2.238,3.198,2.596,2.47,2.56,3.105,3.189,2.544,3.061,2.97,2.633,2.733,2.442,2.599,3.293,3.176,2.917,2.774,2.866,2.579,2.965,2.469,2.662,2.683,2.159,2.134,2.595,2.256,2.103,2.217,2.898,2.603,2.44,2.289,2.462,2.387,2.703,2.722,2.377,2.516,2.471,2.429,2.812,2.39,2.291,2.413,3.002,3.321,2.22,2.343,3.459,2.717,2.563,2.375,2.475,3.112,2.736,2.469,2.82,2.783,2.938,2.929,2.689,3.15,1.923,2.327,2.063,2.059,2.28,2.384,2.552,2.605,1.586,2.555,2.37,2.835,2.432,2.793,2.275,2.285,2.209,3.111,2.379,2.22,2.86,2.67,2.473,2.517,2.9,2.979,2.536,2.74,2.355,2.485,2.72,3.198,3.093,3.207,2.714,2.271,2.189,2.715,2.293,2.728,2.791,2.004,2.926,2.35,2.368,2.215,2.245,2.184,2.083,2.029,2.368,2.181,1.821,2.656,2.614,3.042,3.022,2.483,3.01,2.786,2.953,3.179,2.939,2.537,2.668,3.088,2.741,2.499,2.786,3.013,2.259,2.555,2.349,2.985,2.755,3.14,2.734,2.794,2.526,2.348,2.341,2.645,2.347,2.381,2.164,2.37,2.53,2.904,2.322,2.723,3.021,3.098,2.287,3.191,2.161,2.384,2.819,2.709,2.814,2.842,2.852,2.595,2.388,2.581,2.749,2.965,3.104,3.028,3.034,3.128,3.386,3.792,3.24,2.719,2.771,2.699,2.31,3.533,2.397,2.407,2.455,3.319,2.908,2.743,3.154,3.045,2.668,2.967,2.691,3.061,3.197,3.321,3.128,2.836,3.036,2.776,2.965,2.986,2.955,2.702,2.385,2.255,2.954,2.189,2.461,2.566,2.619,2.955,2.52,2.62,2.832,2.263,3.057,2.507,2.548,2.494,2.478,2.607,2.663,2.487,2.419,2.459,3.209,2.957,2.69,2.3,3.402,2.851,2.932,2.338,2.559,3.391,2.774,2.949,3.11,2.791,3.176,2.95,2.858,3.051
sub-101,1.8,2.462,2.24,1.95,2.273,2.291,2.471,2.609,1.798,2.634,2.526,2.675,2.078,2.732,2.417,2.317,2.447,2.771,1.958,2.469,2.852,2.339,2.264,2.291,2.426,3.02,2.587,2.557,2.283,2.494,2.68,3.046,3.017,3.002,2.493,2.378,2.35,2.488,2.252,2.813,2.533,2.155,2.752,2.582,2.387,2.662,2.402,2.338,2.637,2.172,2.459,2.205,1.751,2.924,2.735,3.145,2.783,3.001,2.793,2.407,3.029,2.59,2.857,2.483,2.233,2.067,2.651,2.398,2.885,2.775,2.4,2.821,2.427,2.455,2.414,2.707,2.548,2.614,2.44,2.454,2.322,2.429,2.489,2.591,2.154,2.212,2.359,2.572,2.24,2.411,2.822,2.431,2.176,2.949,2.228,2.402,2.596,2.633,2.398,2.67,2.795,2.539,2.425,2.469,2.432,3.283,3.093,2.692,3.086,3.059,2.759,3.959,2.61,2.502,2.789,2.658,2.232,3.594,2.752,2.751,2.05,3.109,3.788,2.62,3.143,2.912,2.773,2.619,2.466,2.647,3.488,3.025,2.615,2.728,2.519,2.563,2.99,2.462,2.793,2.411,2.197,2.378,2.642,2.366,2.426,2.196,2.571,2.498,2.653,2.519,2.541,2.855,2.194,2.337,2.417,2.833,2.498,2.334,2.702,2.439,2.382,2.637,3.204,2.931,2.314,2.942,3.007,2.583,2.635,2.248,2.25,3.251,2.485,2.51,2.9,2.634,3.058,2.697,2.705,3.034,1.902,2.339,2.159,1.897,2.231,2.232,2.672,2.734,1.727,2.702,2.666,2.751,2.156,2.787,2.338,2.328,2.328,2.636,2.2,2.242,2.507,2.746,2.419,2.351,2.804,2.753,2.808,2.759,2.482,2.719,2.671,2.81,3.117,2.851,2.506,2.377,2.144,2.345,2.394,2.758,2.616,2.296,2.56,2.76,2.258,2.758,2.365,2.244,2.651,2.189,2.429,2.056,1.888,2.916,2.602,2.922,2.731,2.283,2.939,2.718,2.55,2.746,2.653,2.125,2.368,2.5,2.626,2.593,2.779,2.849,2.398,2.459,2.492,2.668,2.628,2.618,2.27,2.517,2.319,2.304,2.499,2.446,2.418,2.409,2.335,2.302,2.404,2.545,2.216,2.459,2.695,2.552,2.047,3.058,2.371,2.451,2.453,2.527,2.688,2.78,2.871,2.249,2.552,2.338,2.705,3.036,2.744,2.771,3.03,3.413,2.528,3.569,2.862,2.529,2.655,2.546,2.22,3.687,2.757,2.538,2.37,3.277,3.533,2.549,3.18,3.026,2.82,2.842,2.767,3.183,3.353,3.441,3.006,2.982,2.587,2.568,2.667,2.33,2.631,2.466,2.528,2.498,2.763,2.489,2.136,2.289,2.568,2.871,2.55,2.562,2.737,2.544,2.213,2.387,2.295,2.706,2.42,2.317,2.533,2.344,2.432,2.495,3.063,3.019,2.332,3.185,3.088,2.57,2.441,2.178,2.226,3.539,2.48,2.388,3.106,2.625,3.256,2.606,2.357,3.142
sub-102,1.819,2.434,2.263,1.945,2.329,2.339,2.327,2.607,1.695,2.509,2.394,2.635,2.426,2.518,2.568,2.177,2.366,2.842,2.259,2.569,2.568,2.624,2.474,2.32,2.744,2.673,2.72,2.686,2.543,2.837,2.72,2.91,2.937,2.946,2.552,2.202,2.352,2.663,2.371,2.839,2.37,2.462,2.815,2.622,2.476,2.636,2.408,2.444,2.842,2.316,2.431,2.259,2.132,2.686,2.541,3.082,3.08,3.113,2.938,2.59,2.846,2.667,3.075,2.176,2.216,2.36,2.633,2.315,2.773,2.611,2.529,2.285,2.387,2.563,2.591,2.638,2.534,2.628,2.133,2.37,2.256,2.338,2.37,2.391,2.31,2.212,2.293,2.291,2.037,2.434,2.701,2.472,1.947,2.773,2.403,2.237,2.711,2.722,3.17,2.916,2.698,2.436,2.411,2.406,2.737,3.289,2.841,2.593,2.983,3.223,2.633,3.502,3.039,2.357,2.298,2.595,2.454,3.487,2.493,2.701,2.228,3.054,3.814,2.697,3.007,2.757,2.66,2.489,2.564,2.718,3.261,3.405,2.974,2.755,3.191,2.763,2.817,3.145,2.669,2.648,2.501,2.398,2.947,2.517,2.394,2.296,3.119,2.868,2.717,2.523,2.62,2.191,2.326,2.629,2.456,2.479,2.418,2.598,2.528,2.355,2.584,2.792,2.703,2.893,2.412,2.653,3.297,2.412,2.244,2.178,2.367,3.429,2.671,2.608,2.922,2.619,2.85,3.279,2.496,2.907,1.768,2.616,2.325,1.935,2.325,2.427,2.419,2.674,1.571,2.455,2.581,2.625,2.52,2.578,2.413,2.49,2.373,2.687,2.457,2.633,3.067,2.712,2.774,2.211,3.054,2.629,2.621,2.601,2.941,2.8,2.679,2.893,2.999,3.145,2.393,2.323,2.465,2.486,2.416,2.718,2.345,2.353,2.803,2.78,2.54,2.847,2.558,2.131,2.295,2.33,2.278,2.211,1.952,2.792,2.769,3.087,2.707,2.448,2.747,2.502,2.713,2.539,2.678,2.162,2.106,2.694,2.461,2.33,2.465,2.546,2.448,2.533,2.282,2.525,2.576,2.636,2.158,2.431,2.207,2.193,2.32,2.609,2.272,2.303,2.101,2.172,2.146,2.686,2.289,2.393,2.508,2.441,2.124,2.978,2.137,2.427,2.763,2.643,2.76,2.71,2.761,2.411,2.124,2.328,2.666,3.111,2.8,2.909,3.196,3.417,2.862,3.135,2.638,2.551,2.27,2.459,2.275,3.478,2.49,2.212,2.227,3.123,3.673,2.665,3.084,2.968,2.466,2.868,2.711,3.089,3.247,3.408,2.957,2.863,2.882,2.503,3.148,2.741,2.647,2.603,2.5,2.212,2.958,2.353,2.433,2.516,2.923,2.816,2.591,2.504,2.891,2.321,2.472,2.227,2.367,2.83,2.609,2.656,2.671,2.458,2.561,2.551,2.698,2.952,2.244,2.446,3.234,2.665,2.349,2.19,2.491,3.245,2.365,2.355,2.962,2.677,3.152,2.823,2.426,2.307
sub-103,2.113,2.136,2.03,2.358,2.394,2.305,3.005,2.409,1.924,2.134,2.103,2.233,2.175,2.288,2.383,2.366,2.122,2.709,2.052,2.076,2.619,3.105,2.241,2.405,2.583,2.59,2.407,2.659,2.599,2.533,2.69,2.941,2.754,2.793,2.535,2.223,1.969,2.409,2.159,2.435,2.805,2.186,2.391,2.223,2.337,2.294,2.227,2.02,2.447,2.195,2.144,1.975,2.157,2.798,2.469,2.576,2.842,2.028,2.462,2.596,2.932,2.772,2.77,2.346,2.811,2.475,2.375,2.209,2.596,2.4,2.468,2.506,2.269,2.622,2.306,2.529,2.538,2.482,2.032,2.69,2.218,2.25,2.18,2.164,2.238,2.192,2.105,3.225,2.66,2.636,2.432,2.751,1.978,2.39,2.112,2.246,2.397,2.229,2.335,2.427,2.8,2.972,2.452,2.679,2.502,3.196,2.434,2.743,2.681,2.734,2.985,3.286,2.948,2.542,2.971,2.177,2.28,2.934,2.604,2.314,2.298,2.846,3.1,2.32,2.737,3.172,2.583,2.784,2.431,2.572,2.88,2.631,2.684,2.475,2.699,2.636,2.784,2.297,2.622,2.5,2.069,2.247,2.903,2.227,2.321,2.621,2.671,2.331,2.618,2.415,2.998,2.448,2.596,2.436,2.552,2.84,2.407,2.915,2.177,2.178,2.735,2.76,3.407,3.043,2.186,2.652,3.413,2.371,2.31,2.187,2.3,2.995,2.494,2.43,2.542,2.646,2.449,2.724,2.404,2.998,2.13,2.064,2.047,2.348,2.317,2.457,2.582,2.262,2.29,2.638,2.34,2.061,2.155,2.285,2.263,2.268,2.12,2.579,2.493,2.093,2.883,2.687,1.921,2.094,2.343,2.259,2.58,2.5,2.724,2.434,2.536,2.633,2.863,3.014,2.803,2.256,2.427,2.559,2.281,2.513,2.49,2.101,2.331,2.35,2.46,2.17,2.496,2.128,2.313,2.108,2.154,2.281,2.173,2.409,2.475,2.477,2.803,2.261,2.608,2.491,2.167,2.534,2.563,2.383,2.625,2.665,2.162,2.51,2.331,2.497,2.257,2.366,2.451,2.455,2.212,2.427,2.531,2.322,2.173,2.687,2.252,2.416,2.475,2.261,2.192,2.14,2.421,2.575,2.061,2.197,2.466,2.271,1.847,2.423,2.456,2.466,2.346,2.712,2.459,2.222,2.83,2.816,2.538,2.477,2.434,3.197,2.759,2.63,2.69,2.534,2.657,3.144,3.062,2.197,2.964,2.078,2.188,3.138,2.344,2.947,2.263,2.98,2.933,2.425,2.785,2.915,2.421,2.696,2.672,2.474,2.834,3.052,2.36,2.538,2.648,2.67,2.673,2.38,2.412,2.462,2.353,2.296,2.833,2.437,2.472,2.183,2.283,2.464,2.62,2.447,2.748,2.306,3.061,2.176,2.098,2.214,2.329,2.304,2.505,2.02,2.169,2.8,2.716,2.598,2.605,2.231,3.06,2.853,2.373,2.14,2.077,2.986,2.098,2.427,2.772,2.644,2.647,2.265,2.252,2.246
sub-104,1.867,2.418,2.078,2.136,2.191,2.379,2.592,2.807,1.792,2.31,2.443,2.626,2.081,2.384,2.429,2.282,2.469,2.532,2.058,2.422,2.565,2.464,2.406,2.81,3.05,2.943,2.714,2.826,2.44,2.695,2.569,3.201,3.252,3.455,2.524,2.454,2.218,2.421,2.295,2.908,2.789,2.193,3.039,2.631,2.684,2.081,2.595,2.423,2.749,2.431,2.547,2.258,2.002,2.926,2.775,2.997,3.208,2.916,3.305,2.635,3.019,2.774,2.925,2.716,1.791,2.494,2.887,2.464,2.863,3.044,2.314,2.365,2.319,2.596,2.49,2.619,2.611,2.612,2.28,2.437,2.452,2.484,2.16,2.357,2.006,2.268,2.51,2.437,2.346,2.598,2.668,2.503,2.157,2.663,2.316,2.541,2.814,2.892,2.847,2.818,2.527,2.981,2.494,2.642,2.737,3.248,2.89,2.843,2.929,2.905,2.895,3.603,2.984,2.629,2.683,2.564,2.375,3.07,2.277,2.426,2.452,2.69,3.326,2.833,3.236,2.989,3.011,2.993,2.511,2.616,2.889,3.106,2.879,2.553,2.786,2.498,2.872,2.328,2.483,2.675,2.507,2.333,2.627,2.327,2.462,2.351,2.841,2.67,2.601,2.816,2.717,2.505,2.62,2.66,2.552,2.844,2.507,2.415,2.405,2.594,2.374,2.734,3.361,2.982,2.192,2.387,3.482,2.526,2.555,2.322,2.147,2.782,2.706,2.49,3.431,2.558,2.774,2.542,2.617,3.334,1.856,2.272,2.106,2.065,2.173,2.437,2.328,2.806,1.912,2.547,2.393,2.747,2.312,2.455,2.502,2.582,2.311,2.764,2.341,2.279,2.849,2.554,2.505,2.623,2.934,2.775,2.715,2.683,2.41,2.744,2.891,3.219,3.076,3.318,2.506,2.483,2.264,2.54,2.18,2.935,2.525,2.3,2.702,2.804,2.257,2.216,2.558,2.055,2.43,2.25,2.441,2.095,1.938,2.867,2.784,2.985,2.724,2.28,2.847,3.057,2.929,2.706,3.012,2.627,1.977,2.493,2.924,2.669,2.737,2.822,2.641,2.483,2.496,2.789,2.628,2.857,2.425,2.906,2.438,2.543,2.554,2.554,2.45,2.363,2.707,2.348,2.547,2.404,2.301,2.193,2.672,2.647,2.032,2.803,2.129,2.444,2.76,2.782,3.098,2.927,3.15,2.776,2.568,2.418,2.72,3.446,2.848,3.013,3.464,2.582,2.992,3.591,3.335,2.646,2.724,2.539,2.257,3.657,2.74,2.428,2.318,3.594,3.752,2.653,2.902,3.253,2.586,2.855,2.381,2.701,2.747,2.817,2.861,2.359,2.594,2.961,2.948,2.448,2.54,2.545,2.461,2.31,2.828,2.421,2.555,2.325,2.943,2.8,2.612,2.63,2.673,2.598,2.54,2.484,2.385,3.212,2.321,2.198,2.331,2.274,2.323,2.731,3.097,3.352,2.553,2.436,2.848,2.808,2.583,2.217,2.254,2.597,2.678,2.73,3.02,2.319,2.749,2.617,3.156,3.49
sub-105,1.681,2.244,2.495,1.881,2.107,2.216,2.483,2.515,1.59,2.325,2.322,2.458,2.088,2.37,2.376,2.074,1.805,2.853,2.182,2.335,2.501,2.678,2.239,2.419,2.547,2.553,2.341,2.979,2.086,2.627,2.612,2.936,2.701,2.899,2.481,1.978,2.117,2.458,2.27,2.701,2.526,1.981,2.65,2.381,2.123,2.334,2.425,2.04,2.451,2,2.299,2.049,1.769,2.576,2.632,2.85,2.982,2.248,2.782,2.684,2.603,2.818,2.661,2.433,1.844,2.426,2.477,2.265,2.818,2.798,2.302,2.572,2.213,2.582,2.435,2.65,2.557,2.33,1.922,2.331,2.268,2.194,2.232,2.402,2.259,2.259,2.399,2.517,2.308,2.69,2.624,2.62,2.121,2.863,2.117,2.232,2.213,2.46,2.456,2.787,2.677,2.752,2.622,2.669,2.433,3.519,3.079,2.821,2.963,3.769,2.9,3.92,2.8,2.539,2.651,2.224,2.231,3.598,2.285,2.676,2.229,3.211,3.274,2.48,3.067,2.838,2.706,2.512,2.51,2.529,3.065,3.298,3.019,2.666,2.958,2.972,2.92,2.541,2.611,2.416,2.689,2.466,2.823,2.176,2.267,2.14,2.689,2.656,2.586,2.482,2.486,2.056,2.161,2.421,2.366,2.955,2.318,2.47,2.699,2.118,2.349,2.883,2.958,2.478,1.97,2.735,3.304,2.658,2.485,2.279,2.018,2.987,2.729,2.523,2.947,2.637,2.947,3.019,2.705,3.127,1.787,2.433,2.031,2.076,2.011,2.179,2.377,2.393,1.544,2.172,2.165,2.472,2.352,2.136,2.13,2.568,1.989,2.994,2.331,2.232,2.539,2.737,2.476,2.676,2.8,2.455,2.43,2.803,2.214,2.462,2.588,2.645,2.824,2.954,2.506,2.266,2.141,2.337,2.093,2.683,2.509,1.964,2.472,2.4,2.219,2.041,2.228,1.998,2.6,2.132,2.395,1.968,1.748,2.456,2.309,2.657,2.942,2.435,3.084,2.386,2.694,2.594,2.839,2.173,2.196,2.557,2.232,2.458,2.641,2.615,2.313,2.446,2.103,2.668,2.516,3.018,2.372,2.466,2.042,2.39,2.307,2.25,2.185,2.202,2.189,2.069,2.516,2.249,2.079,2.242,2.35,2.222,1.943,2.74,2.069,2.149,2.344,2.375,2.61,2.62,3.187,2.7,2.715,2.361,2.714,3.144,2.915,2.724,3.244,3.314,3.033,3.425,3.179,2.467,2.737,2.176,1.941,3.024,2.087,2.341,2.132,3.141,3.077,2.655,3.104,2.995,2.459,2.722,2.481,2.653,3.225,3.193,2.531,2.593,2.824,2.227,2.866,2.611,2.629,2.549,2.341,2.089,2.535,1.985,2.353,2.357,2.657,2.67,2.316,2.403,2.704,2.478,2.669,2.453,2.302,2.527,2.441,2.467,2.695,2.184,2.282,2.312,2.985,2.942,2.026,2.485,3.365,2.88,2.46,2.001,1.986,3.233,2.647,2.603,3.008,2.41,2.735,2.773,2.51,2.794
sub-106,1.842,2.545,2.095,2.071,2.289,2.511,2.634,2.632,1.823,2.333,2.345,2.748,2.279,2.63,2.132,2.653,2.278,2.654,2.55,2.5,2.49,2.872,2.379,2.497,2.706,2.748,2.342,3.23,2.337,2.555,2.621,2.99,2.898,3.169,2.508,2.227,2.185,2.464,2.305,2.816,2.538,2.144,2.812,2.535,2.453,2.651,2.478,2.067,2.391,2.277,2.459,2.326,2.134,2.938,2.584,2.9,3.055,2.909,3.084,2.698,2.45,2.679,2.691,2.178,2.191,2.208,2.521,2.228,2.657,2.832,2.42,2.619,2.31,2.56,2.509,2.688,2.597,2.487,2.593,2.491,2.402,2.262,2.358,2.356,2.381,2.143,2.415,2.492,2.422,2.519,2.4,2.733,2.273,3.071,2.263,2.541,2.346,2.596,3.068,2.766,2.527,2.54,2.555,2.377,2.602,3.988,3.214,2.716,3.237,3.017,2.749,3.319,3.06,2.77,2.974,2.588,2.441,3.529,2.628,2.417,2.182,3.133,3.067,2.93,3.006,3.053,3.05,2.801,2.638,2.698,3.274,3.051,2.912,2.872,2.871,2.373,2.718,2.655,2.472,2.646,2.209,2.237,2.89,2.236,2.415,2.543,2.686,2.646,2.533,2.417,2.565,2.438,2.519,2.742,2.861,2.401,2.782,2.423,2.393,2.425,2.333,2.537,3.069,3.149,2.296,2.936,4.07,2.384,2.592,2.085,2.245,3.222,2.704,2.348,3.07,2.515,3.106,2.907,2.715,3.059,1.978,2.515,2.172,2.07,2.245,2.424,2.537,2.597,1.682,2.74,2.468,2.685,2.255,2.804,2.329,2.179,2.334,2.77,2.246,2.005,2.575,2.932,2.498,2.307,2.621,2.707,2.338,2.785,2.351,2.656,2.873,2.995,2.622,2.954,2.531,2.42,2.257,2.386,2.413,2.564,2.734,2.147,2.587,2.614,2.401,2.547,2.5,2.226,2.503,2.227,2.345,2.252,2.012,2.924,2.648,2.917,2.719,2.598,3.003,2.748,2.413,2.784,2.476,2.418,2.024,2.635,2.522,2.509,2.52,2.463,2.407,2.416,2.618,3,2.592,2.903,2.432,2.732,2.513,2.548,2.387,2.361,2.214,2.245,2.341,2.216,2.511,2.85,2.41,2.945,2.54,2.725,2.196,3.293,2.35,2.283,2.549,2.477,2.649,2.706,2.8,2.71,2.582,2.575,2.746,3.683,2.977,2.792,3.01,3.223,2.764,2.96,2.821,2.612,2.936,2.463,2.367,3.351,2.735,2.363,2.616,3.37,3.582,2.746,3.141,3.544,2.896,3.055,2.598,2.901,3.444,3.27,2.926,2.996,2.9,2.707,2.906,2.828,2.739,2.67,2.5,2.208,2.722,2.379,2.311,2.292,2.729,2.737,2.554,2.511,2.799,2.589,2.641,2.807,2.733,2.626,2.422,2.542,2.553,2.303,2.464,2.292,3.159,3.009,2.318,2.614,3.324,2.866,2.216,2.12,2.031,3.275,2.589,2.502,2.967,2.781,3.046,2.616,2.687,2.716
sub-107,1.963,2.282,2.101,2.102,2.342,2.553,2.886,2.198,2.368,2.033,2.601,2.086,2.274,2.84,2.135,2.1,2.231,2.884,2.258,2.236,3.197,2.676,2.191,2.729,2.787,2.859,2.123,3.025,2.408,2.726,2.889,2.777,3.303,3.131,2.508,2.278,2.26,2.359,2.365,2.481,2.327,2.327,2.755,2.702,3.021,2.618,1.967,2.357,2.605,2.259,2.713,2.389,2.275,2.094,1.993,2.168,2.863,2.542,3.058,2.461,2.991,2.925,2.949,2.605,2.399,2.409,2.606,2.374,2.978,3.062,2.672,2.657,2.627,2.671,2.829,2.811,2.667,2.893,2.569,2.508,2.64,2.395,2.79,2.701,2.463,2.37,2.635,2.763,2.438,3.042,2.9,2.875,2.244,3.046,2.31,2.504,2.746,2.732,3.124,3.115,2.595,2.873,2.653,2.651,2.688,3.764,3.298,2.668,3.131,3.372,2.882,4.063,3.206,2.594,2.953,2.48,2.452,3.503,2.382,2.585,2.96,3.055,3.642,2.696,3.285,3.015,2.676,2.842,2.701,2.821,3.365,3.221,3.071,2.917,2.726,2.559,2.861,2.595,2.763,2.701,2.376,2.318,2.66,2.36,2.313,2.374,2.979,2.922,2.734,2.532,2.674,2.354,2.592,2.84,2.375,2.701,2.31,2.568,2.923,2.407,2.393,2.555,2.925,3.18,2.298,2.794,3.422,2.725,2.647,2.436,2.622,3.294,3.183,2.707,3.238,2.622,2.927,2.99,2.806,3.544,2.029,2.314,1.936,2.035,2.306,2.636,2.509,2.705,1.619,2.598,2.476,2.911,2.221,2.666,2.37,1.819,2.034,2.987,2.071,2.235,2.523,3.266,2.729,2.535,3.101,3.34,2.496,2.719,2.374,2.935,2.96,3.347,2.943,3.711,2.845,2.466,2.303,2.365,2.32,2.914,2.55,2.229,2.838,2.628,2.459,2.337,2.343,2.15,2.696,2.447,2.331,2.284,1.954,3.017,2.559,2.936,2.891,2.872,3.435,2.78,2.95,2.976,3.199,2.637,2.619,2.64,2.807,2.694,2.975,2.871,2.926,2.656,2.649,3.199,2.713,3.046,2.612,2.844,2.958,2.213,2.711,2.56,2.54,2.517,2.303,2.385,2.694,2.879,2.514,2.839,2.744,2.515,2.186,3.087,2.028,2.594,2.761,2.736,2.876,2.837,3.005,2.589,2.62,2.363,2.693,3.765,3.077,2.935,3.081,3.459,2.711,3.402,3.348,2.643,2.603,2.585,2.259,3.123,1.767,2.589,2.674,3.337,3.473,2.692,3.293,2.432,2.55,3.268,2.766,3.198,3.615,3.407,2.991,2.719,3.006,2.681,2.816,2.695,2.902,2.82,2.442,2.246,2.984,2.279,2.68,2.34,2.772,2.722,2.517,2.61,2.677,2.448,3.147,2.979,2.38,2.548,2.576,2.662,2.402,2.534,2.431,2.788,3.027,2.979,2.607,2.646,3.392,2.883,2.597,2.253,2.449,3.406,2.65,2.943,3.162,2.677,3.296,2.844,2.79,3.485
sub-108,1.706,2.214,2.512,2.047,2.245,2.401,2.333,2.714,1.794,2.723,2.709,2.757,2.09,2.568,2.527,2.229,2.18,2.87,2.086,2.271,2.667,2.663,2.264,2.494,2.786,2.959,2.384,2.72,2.518,2.646,2.974,3.148,2.718,3.114,2.704,2.33,2.176,2.434,2.131,2.647,2.585,2.188,2.682,2.999,2.424,2.61,2.41,2.392,2.542,2.124,2.495,2.255,2.007,2.763,2.945,3.296,2.723,2.783,2.8,2.836,2.945,2.453,3.03,2.389,2.316,2.474,2.871,2.569,2.956,2.92,2.581,2.729,2.6,2.554,2.509,2.625,2.803,2.669,2.642,2.667,2.531,2.567,2.366,2.492,2.453,2.2,2.376,2.914,2.38,2.367,2.702,2.833,2.26,2.446,2.173,2.516,2.755,2.867,2.832,2.584,2.626,2.576,2.393,2.48,2.427,3.416,3.199,2.779,2.867,3.245,2.589,3.397,2.605,2.649,2.474,2.387,2.384,3.308,2.484,2.958,2.413,2.981,3.798,2.277,2.834,3.086,2.66,2.323,2.394,2.345,3.469,3.271,2.618,2.729,2.723,2.681,2.615,2.459,2.564,2.622,2.578,2.293,2.797,2.263,2.317,2.297,2.803,2.472,2.624,2.598,2.64,2.415,2.72,2.744,2.325,2.779,2.469,2.42,2,2.646,2.485,2.915,2.896,3.153,2.235,2.78,3.039,2.716,2.604,2.223,2.445,3.367,2.549,2.431,2.797,2.477,2.988,3.14,2.541,3.35,1.78,2.338,2.195,2.141,2.259,2.387,2.781,2.467,1.639,2.94,2.57,2.854,2.3,2.303,2.556,2.371,2.333,2.853,2.396,2.273,2.89,2.423,2.328,2.538,2.842,2.61,2.4,2.647,2.089,2.742,2.78,3.039,2.814,3.195,2.643,2.375,2.334,2.379,2.378,2.457,2.562,2.018,2.76,2.492,2.205,2.5,2.362,2.223,2.419,2.331,2.282,2.247,1.917,2.633,2.484,3.088,2.711,2.201,2.873,2.629,2.778,2.705,3.266,2.275,2.419,2.799,2.777,2.805,2.828,2.807,2.545,2.767,2.472,2.952,2.466,3.005,2.535,2.586,2.357,2.36,2.378,2.613,2.6,2.403,2.383,2.313,2.592,2.699,2.339,2.588,2.829,2.607,2.038,2.866,2.239,2.649,2.738,2.667,2.73,2.762,2.94,2.609,2.49,2.613,2.779,3.296,3.125,2.69,2.928,3.421,2.576,3.62,2.656,2.511,2.626,2.593,2.385,3.599,2.303,3.093,2.512,3.173,3.452,2.717,2.939,3.314,2.623,2.582,2.602,2.759,3.382,3.227,2.907,2.814,2.85,2.637,2.987,2.771,2.583,2.634,2.451,2.421,2.814,2.391,2.339,2.41,2.812,2.762,2.522,2.558,2.542,2.352,2.741,2.513,2.455,2.716,2.444,2.342,2.399,2.449,2.481,2.34,2.757,2.741,2.46,2.523,3.4,2.694,2.495,2.36,2.407,3.297,2.72,2.644,2.935,2.613,2.785,2.97,2.528,2.713
sub-109,2.03,2.358,2.106,2.045,2.44,2.441,2.535,2.622,1.727,2.42,2.659,2.578,2.341,2.277,2.415,2.336,2.258,2.713,2.513,2.517,2.916,2.728,2.487,2.795,2.681,2.857,2.534,2.854,2.349,2.663,2.829,2.995,3.291,2.969,2.386,2.294,2.195,2.432,2.184,2.609,2.426,2.353,2.619,2.512,2.113,2.441,2.333,2.23,2.357,2.267,2.395,2.103,1.954,2.69,2.569,3.076,2.573,2.369,2.542,2.4,2.616,2.877,2.849,2.376,2.283,2.208,2.512,2.559,2.746,2.964,2.562,2.566,2.569,2.422,2.712,2.945,2.562,2.371,2.539,2.333,2.436,2.43,2.417,2.359,2.398,2.298,2.528,2.591,2.403,2.465,2.573,2.648,2.35,3.16,2.408,2.449,2.589,2.677,3.076,2.779,2.427,2.672,2.463,2.417,2.31,3.426,2.933,3.043,3.29,3.385,2.67,3.745,3.053,2.743,2.604,2.47,2.351,3.195,2.41,2.466,2.076,3.069,3.49,2.2,3.226,2.608,2.779,2.855,2.606,2.767,3.444,3.453,3.059,2.901,3.062,2.636,2.978,2.575,2.497,2.428,2.403,2.252,2.823,2.333,2.421,2.429,2.77,2.639,2.554,2.442,2.717,2.454,2.296,2.529,2.436,2.807,2.266,2.694,2.731,2.289,2.219,2.684,3.053,2.801,2.364,2.921,3.662,2.675,2.472,2.158,2.439,3.454,2.603,2.459,2.877,2.825,2.974,2.72,2.438,2.76,2.019,2.398,2.218,2.11,2.382,2.28,2.781,2.734,1.581,2.617,2.799,2.878,2.141,2.384,2.608,2.438,2.194,2.807,2.312,2.536,2.684,2.572,2.674,2.304,2.593,2.742,2.334,2.719,2.693,2.538,2.881,2.937,2.92,3.082,2.408,2.257,2.271,2.446,2.367,2.629,2.597,1.932,2.585,2.641,2.229,2.393,2.418,1.854,2.369,2.392,2.176,1.896,1.923,2.734,2.504,3.049,2.799,2.09,2.933,2.496,2.646,2.713,2.921,2.539,2.141,2.827,2.656,2.409,2.816,2.939,2.457,2.446,2.425,2.553,2.851,2.935,2.664,2.677,2.459,2.407,2.478,2.672,2.231,2.483,2.21,2.364,2.222,2.398,2.446,2.502,2.586,2.65,2.223,3.03,2.316,2.395,2.539,2.714,3.033,2.681,2.923,2.58,2.327,2.493,2.872,3.165,2.862,2.865,2.887,3.236,2.919,3.558,2.786,2.74,2.607,2.398,2.243,3.154,2.429,2.925,2.562,3.27,3.426,2.879,3.192,2.631,2.756,2.866,2.573,3.051,3.419,3.313,2.971,2.837,2.781,2.823,3.201,2.86,2.683,2.488,2.53,2.259,2.579,2.3,2.688,2.624,2.496,2.626,2.419,2.453,2.784,2.544,2.655,2.707,2.199,2.721,2.459,2.45,2.452,2.566,2.328,2.694,2.98,2.779,2.229,2.942,3.231,2.894,2.622,2.218,2.527,3.458,2.464,2.66,3.254,2.789,3.076,2.459,2.554,2.851
sub-110,2.007,2.23,2.323,2.208,2.432,2.335,2.548,2.815,1.897,2.757,2.545,3.303,2.177,2.842,2.495,2.404,2.312,2.645,2.307,2.28,2.684,2.517,2.195,2.417,2.719,2.869,2.584,2.814,2.567,2.549,2.742,3.322,3.299,3.334,2.598,2.352,2.3,2.653,2.223,2.958,2.687,2.395,2.782,2.762,2.425,2.522,2.441,2.566,2.675,2.224,2.594,2.248,2.223,2.943,2.609,2.958,2.838,2.845,2.982,3.103,2.662,3.002,3.007,2.517,2.442,2.469,2.914,2.513,3.144,3.112,2.731,2.488,2.842,2.719,2.493,2.789,2.737,2.514,2.634,2.809,2.542,2.509,2.696,2.611,2.347,2.462,2.369,2.699,2.465,2.295,2.506,3.054,2.127,2.939,2.244,2.501,2.575,2.878,3.416,2.885,2.783,2.791,2.417,2.479,2.8,3.586,3.096,2.83,3.236,3.295,2.741,3.547,3.412,2.63,2.864,2.444,2.365,3.482,3.041,3.14,2.41,3.319,3.881,2.488,3.284,3.173,2.851,2.724,2.746,2.676,3.178,3.16,2.73,2.791,2.862,2.614,2.944,2.407,2.86,2.659,2.368,2.266,2.704,2.286,2.354,2.309,3.159,2.716,2.638,2.308,2.53,2.183,2.895,2.821,2.494,2.449,2.502,2.263,2.4,2.563,2.586,2.802,2.954,2.843,2.388,2.869,3.345,2.757,2.608,2.29,2.551,3.31,2.595,2.626,2.969,2.569,2.965,2.668,2.927,3.155,1.953,2.317,2.195,2.217,2.433,2.433,2.81,2.852,1.688,2.716,2.779,3.195,2.529,2.725,2.49,2.56,2.339,2.843,2.295,2.257,2.919,2.881,2.657,2.394,3.029,2.844,2.416,2.958,2.36,2.331,2.686,2.934,3.049,3.07,2.346,2.445,2.255,2.634,2.244,2.773,2.559,2.431,2.775,2.728,2.361,2.673,2.62,2.412,2.855,2.527,2.584,2.258,2.109,2.969,2.477,3.287,2.943,2.709,3.019,2.465,2.755,2.706,2.611,2.218,2.593,2.636,2.631,2.483,2.64,2.65,2.63,2.542,2.62,2.704,2.691,2.852,2.474,2.649,2.65,2.466,2.717,2.762,2.508,2.53,2.345,2.217,2.375,2.609,2.166,2.485,2.409,2.575,1.939,3.076,2.134,2.565,2.756,2.506,3.004,2.823,3.028,2.654,2.547,2.503,2.625,3.408,3.173,2.987,3.022,3.63,2.648,3.233,2.879,2.606,2.584,2.461,2.482,3.748,2.588,2.55,2.518,3.221,3.182,2.843,3.175,3.084,2.714,3.046,2.916,3.089,3.185,3.309,3.092,2.922,2.848,2.725,2.867,2.734,3.075,2.694,2.486,2.355,2.991,2.655,2.525,2.517,3.069,2.761,2.823,2.719,2.882,2.486,2.785,2.696,2.453,2.75,2.771,2.461,2.256,2.243,2.533,2.655,3.032,2.909,2.262,2.562,3.552,2.587,2.53,2.009,2.468,3.357,2.594,2.395,3.073,2.724,2.909,2.508,2.494,2.932
sub-111,1.886,2.363,1.802,2.013,2.238,2.181,2.441,2.739,1.579,2.713,2.52,3.156,1.959,2.757,2.003,2.319,2.064,2.785,2.15,1.936,2.567,2.731,2.344,2.704,2.711,2.466,2.156,2.551,2.097,2.448,2.64,2.83,2.93,2.824,2.296,2.242,2.043,2.346,2.26,2.56,2.405,2.023,2.642,2.569,2.256,2.095,2.398,1.962,2.241,2.112,2.361,2.011,1.897,2.689,2.695,2.776,2.655,2.254,2.997,2.573,2.881,2.818,2.712,2.599,2.47,2.318,2.549,2.406,2.743,2.933,2.5,2.548,2.479,2.504,2.668,2.659,2.455,2.486,2.402,2.557,2.246,2.259,2.263,2.496,2.358,2.483,2.335,2.625,2.294,2.517,2.785,2.676,2.015,2.676,1.976,2.469,2.326,2.588,2.655,2.92,2.81,3.277,2.385,2.772,2.511,3.41,2.748,2.725,3.379,3.368,2.729,3.535,3.22,2.648,2.688,2.405,2.076,3.477,2.646,2.409,2.399,3.189,3.269,2.346,2.812,3.077,2.619,2.598,2.442,2.471,3.266,3.142,2.934,2.481,2.919,2.343,3.02,2.522,2.34,2.433,2.102,1.91,2.573,2.15,2.093,2.108,2.739,2.785,2.455,2.232,2.427,2.296,2.454,2.632,2.357,2.617,2.488,2.446,2.259,2.661,2.254,2.349,3.073,3.451,2.447,2.964,3.699,2.692,2.531,2.261,2.208,3.012,2.411,2.406,2.825,2.549,2.425,2.794,2.178,3.34,1.857,2.426,1.861,2.035,2.203,2.369,2.457,2.696,1.618,2.669,2.337,2.944,1.995,2.9,2.071,2.5,2.177,3.149,2.144,2.286,2.883,3.025,2.351,2.373,2.852,2.889,2.476,2.979,2.378,2.451,2.843,2.698,3.075,2.858,2.325,2.299,2.201,2.37,2.286,2.602,2.531,1.907,2.727,2.607,2.083,2.258,2.33,2.427,2.612,2.075,2.457,2.095,1.92,2.613,2.661,2.708,2.604,2.685,2.861,2.56,2.623,2.68,2.939,2.344,2.235,2.962,2.747,2.428,2.695,2.425,2.331,2.623,2.6,2.622,2.431,2.563,2.617,2.668,2.421,2.515,2.144,2.685,2.413,2.256,2.361,2.476,2.482,2.759,2.291,2.529,2.611,2.724,2.382,3.082,2.133,2.396,2.664,2.519,2.915,2.736,3.031,2.786,2.394,2.54,2.916,3.191,2.636,2.792,3.212,3.257,2.88,3.601,2.978,2.733,2.658,2.356,2.41,3.571,2.142,2.612,2.177,3.103,3.077,2.61,3.026,2.954,2.343,2.985,2.815,2.915,3.545,3.443,2.84,3.056,2.696,2.545,3.242,2.645,2.68,2.641,2.28,2.045,2.699,2.367,2.297,2.485,2.918,2.562,2.607,2.414,2.524,2.361,2.92,2.717,2.062,2.587,2.477,2.469,1.969,2.734,2.072,2.316,2.941,3.449,2.491,3.13,3.574,2.865,2.502,2.23,2.483,3.624,2.406,2.261,2.738,2.604,2.643,2.716,2.611,2.991
sub-112,1.95,2.15,1.956,2.139,2.39,2.569,2.603,2.705,1.745,2.62,2.422,2.596,2.499,2.629,2.259,2.379,2.254,3.049,2.233,2.427,3.27,2.988,2.666,2.51,2.758,2.727,2.442,2.871,2.669,2.82,2.656,2.724,2.869,3.025,2.232,2.499,2.111,2.398,1.961,2.807,2.783,2.327,2.749,2.73,2.384,2.205,2.481,2.221,2.333,2.429,2.507,2.158,1.986,2.588,2.759,3.239,2.659,2.532,2.752,2.775,2.675,2.879,2.898,2.535,2.354,2.642,2.619,2.436,2.815,2.738,2.363,2.536,2.307,2.591,2.506,2.832,2.848,2.591,2.382,2.469,2.277,2.361,2.316,2.304,2.302,2.284,2.382,2.679,2.451,2.577,2.59,3.151,2.294,2.87,2.281,2.524,2.38,2.661,2.752,2.937,2.6,2.796,2.381,2.446,2.509,3.485,3.176,2.977,3.292,3.034,2.812,3.836,3.185,2.672,2.676,2.51,2.366,3.487,2.705,2.731,2.526,3.364,3.358,2.601,3.455,3.23,2.831,2.904,2.632,2.507,3.313,2.82,2.848,3.169,2.868,2.715,2.954,2.658,2.621,2.505,2.176,2.096,2.708,2.332,2.194,2.082,2.866,2.688,2.747,2.423,2.498,2.082,2.803,2.613,2.437,3.052,2.554,2.41,2.354,2.413,2.327,2.448,3.057,2.607,2.167,2.455,3.145,2.683,2.613,2.585,2.203,3.29,2.432,2.42,2.996,2.616,3.015,2.973,2.45,2.89,2.012,2.516,2.005,2.114,2.243,2.305,2.739,2.716,1.591,2.558,2.659,2.486,2.295,2.373,2.12,2.746,2.161,3.105,2.319,2.633,2.91,2.888,2.488,2.641,2.851,2.97,2.55,2.844,2.249,2.491,2.489,2.715,3.006,2.745,2.395,2.5,2.265,2.351,2.191,2.785,2.589,2.082,2.665,2.646,2.359,2.462,2.351,2.298,2.324,2.345,2.327,2.045,2.046,2.721,2.64,2.898,2.636,2.398,2.843,2.442,3.04,2.91,2.613,2.487,2.329,2.479,2.6,2.358,2.684,2.777,2.309,2.688,2.39,2.636,2.559,2.714,2.622,2.631,2.417,2.41,2.299,2.49,2.404,2.358,2.339,2.289,2.258,2.683,2.407,2.759,2.726,2.696,2.457,3.357,2.09,2.563,2.436,2.773,2.601,2.731,2.772,2.638,2.458,2.632,2.619,3.54,3.282,2.836,3.456,3.389,2.804,3.512,2.881,2.638,2.841,2.554,2.305,2.868,2.351,2.587,2.447,3.477,3.051,3.098,3.321,3.17,2.631,3.006,2.573,2.774,3.372,3.378,2.816,3.029,2.827,2.705,3.059,2.851,2.819,2.624,2.415,2.231,2.898,2.337,2.551,2.382,2.687,2.644,2.427,2.564,2.578,2.437,3.121,2.844,2.424,2.73,2.698,2.287,2.747,2.565,2.672,2.293,3.099,2.438,2.807,2.651,3.25,2.985,2.442,2.155,2.506,3.556,2.753,2.451,3.199,2.553,3.17,2.767,2.562,2.88
sub-113,1.996,2.538,2.241,2.108,2.356,2.45,2.456,2.717,1.715,2.334,2.804,2.895,2.216,2.405,2.398,2.558,2.21,2.59,2.266,2.607,2.97,2.534,2.24,2.67,2.852,2.919,2.464,2.778,2.298,2.423,2.841,2.956,3.292,3.204,2.449,2.388,2.109,2.381,2.156,2.505,2.508,2.188,2.559,2.634,2.264,2.438,2.386,2.067,2.087,2.192,2.409,2.171,1.851,3.061,2.585,2.976,2.963,2.58,2.566,2.448,2.748,2.77,2.615,2.441,2.2,2.46,2.615,2.516,2.72,2.791,2.565,2.436,2.598,2.515,2.409,2.687,2.65,2.575,2.657,2.496,2.456,2.301,2.517,2.451,2.335,2.359,2.345,2.691,2.219,2.541,2.526,2.731,2.404,3.036,2.128,2.568,2.841,2.71,2.583,2.759,2.439,2.73,2.252,2.37,2.511,2.927,2.462,2.79,3.333,2.544,2.823,3.964,2.614,2.666,2.46,2.452,2.284,3.463,2.565,2.275,2.254,2.891,3.014,2.276,2.928,2.79,2.587,2.802,2.661,2.599,3.23,3.111,3.003,2.711,2.865,2.579,2.915,2.594,2.627,2.881,2.315,2.272,2.823,2.283,2.244,2.245,2.566,2.547,2.649,2.435,2.552,2.599,2.347,2.879,2.373,2.435,2.425,2.352,2.73,2.787,2.293,2.815,2.95,2.778,2.235,3.13,3.034,2.456,2.501,2.095,2.304,3.308,2.448,2.488,2.843,2.542,3.192,2.341,2.604,3.145,1.911,2.449,2.128,2.051,2.268,2.402,2.722,2.639,1.744,2.405,2.335,2.658,2.233,2.424,2.349,2.413,2.231,2.836,2.449,2.779,2.441,3.246,2.358,2.402,2.875,2.723,2.24,2.572,2.539,2.665,2.608,2.887,2.987,3.018,2.412,2.411,2.292,2.436,2.208,2.689,2.49,2.481,2.632,2.469,2.206,2.222,2.344,1.973,2.143,2.147,2.457,2.205,1.791,2.728,2.528,2.993,2.891,2.368,2.88,2.549,2.558,2.603,2.662,2.338,2.171,2.65,2.549,2.277,2.65,2.697,2.579,2.444,2.465,2.501,2.439,2.863,2.516,2.57,2.435,2.368,2.526,2.454,2.295,2.284,2.417,2.305,2.383,2.488,2.336,2.571,2.916,2.561,2.284,2.853,2.136,2.398,2.306,2.432,2.587,2.645,2.44,2.686,2.198,2.438,2.406,3.123,2.664,2.739,3.159,3.037,2.913,3.91,2.917,2.597,2.612,2.611,2.207,3.689,2.743,2.503,2.531,3.356,3.123,2.751,2.987,3.464,2.76,2.813,2.763,2.812,3.308,3.15,2.964,2.935,2.892,2.697,2.93,2.832,2.682,2.725,2.321,2.34,2.65,2.309,2.475,2.432,2.73,2.605,2.611,2.48,2.705,2.45,2.833,2.59,2.762,2.348,2.661,2.55,2.801,2.32,2.092,2.543,3.147,3.038,2.292,2.96,2.989,2.505,2.381,2.354,2.295,3.489,2.654,2.498,2.944,2.723,2.939,2.284,2.413,2.723
sub-114,2.021,2.517,2.333,2.076,2.37,2.335,2.842,2.643,1.721,2.633,2.744,3.025,2.366,2.288,2.414,2.586,2.15,2.895,2.224,2.543,2.521,2.297,2.278,2.819,3.023,2.941,2.474,2.945,2.24,2.864,3.073,3.026,3.152,3.195,2.51,2.255,2.473,2.554,2.25,2.754,2.659,2.087,2.744,2.736,2.916,2.227,2.198,2.361,2.603,2.021,2.588,2.065,1.89,2.803,2.62,3.505,2.863,2.315,2.813,2.849,2.667,2.639,2.923,2.568,2.257,2.428,2.451,2.473,3.011,2.579,2.784,2.558,2.379,2.517,2.437,2.854,2.8,2.572,2.585,2.275,2.461,2.534,2.288,2.507,2.1,2.389,2.572,2.643,2.537,2.579,2.67,3.045,2.342,3.087,2.208,2.379,3.01,2.499,3.091,2.859,3.029,2.785,2.852,2.689,2.658,3.285,3.524,2.864,3.393,3.052,3,4.075,3.118,2.796,2.746,2.488,2.141,3.763,2.391,2.652,2.573,2.743,3.686,2.781,3.366,2.568,2.904,2.909,2.461,2.594,3.516,3.157,3.149,2.755,3.17,2.75,3.028,2.606,2.635,2.583,2.376,2.185,2.546,2.188,1.942,2.202,2.986,2.742,2.582,2.253,2.596,2.882,2.698,2.646,2.38,2.79,2.571,2.726,2.142,2.565,2.429,2.927,3.171,2.886,2.121,2.628,3.404,2.873,2.584,2.31,2.175,3.461,3.061,2.778,3.231,2.926,2.877,3.173,3.093,3.032,2.134,2.576,2.096,2.108,2.344,2.379,2.666,2.581,1.587,2.716,2.224,2.971,2.454,2.259,2.117,2.362,2.144,3.014,2.172,2.115,3.126,2.523,2.523,2.447,3.075,2.856,2.314,2.648,2.383,2.649,2.854,3.026,3.063,2.939,2.555,2.163,2.132,2.29,1.906,2.809,2.583,2.278,2.688,2.568,2.34,2.568,2.276,1.987,1.968,1.998,2.436,2.132,1.794,3.004,2.576,3.028,2.927,2.277,3.168,2.601,2.803,2.881,2.861,2.343,2.194,2.651,2.569,2.378,2.731,2.796,2.358,2.577,2.543,3.108,2.494,2.674,2.498,2.663,2.788,2.472,2.415,2.517,2.256,2.388,2.356,2.31,2.65,2.755,2.382,2.861,2.876,3.026,2.265,3.047,1.85,2.369,2.519,2.677,2.97,3.059,3.389,2.665,2.674,2.729,2.695,3.447,3.431,2.809,3.397,2.751,2.979,3.78,3.044,2.586,2.73,2.529,2.253,3.299,2.34,2.724,2.405,3.138,3.737,2.899,3.325,2.993,2.466,2.949,2.9,2.709,3.468,3.508,3.183,2.982,2.977,2.712,3.113,2.397,2.684,2.671,2.336,2.125,2.702,2.152,2.346,2.116,3.041,2.768,2.486,2.512,2.583,2.803,3.334,2.638,2.254,2.858,2.47,2.575,2.324,2.558,2.325,2.526,3.107,3.329,2.197,2.859,3.424,3.029,2.553,2.068,2.658,3.679,2.898,2.659,3.181,2.7,2.982,2.819,2.801,3.231
sub-115,1.949,2.316,2.287,2.061,2.338,2.386,2.284,2.521,1.666,2.628,2.408,2.675,2.29,2.425,2.367,2.38,2.269,2.772,2.19,2.529,2.599,2.634,2.213,2.354,2.648,2.639,2.323,2.77,2.38,2.718,2.855,3.272,2.919,2.978,2.331,2.329,1.998,2.551,2.065,2.516,2.57,2.101,2.672,2.42,2.279,2.179,2.27,2.162,2.405,2.135,2.233,1.996,1.841,2.543,2.392,2.886,2.693,3.137,3.167,2.52,2.765,2.684,2.872,2.577,2.192,2.294,2.752,2.406,2.954,2.931,2.488,2.67,2.545,2.556,2.45,2.823,2.643,2.61,2.593,2.486,2.47,2.336,2.483,2.384,2.385,2.239,2.454,2.743,2.252,2.449,2.749,2.476,2.147,2.944,2.356,2.5,2.383,2.614,2.469,2.517,2.831,2.459,2.632,2.691,2.716,3.494,3.035,2.932,3.13,3.398,2.88,3.944,2.958,2.392,2.832,2.393,2.292,3.335,2.454,2.787,2.523,3.206,3.586,2.626,2.965,3.315,2.76,2.764,2.713,2.569,3.524,3.224,2.726,2.555,2.529,2.712,2.739,2.393,2.579,2.431,2.426,2.103,2.678,2.355,2.147,2.37,2.664,2.74,2.657,2.429,2.426,2.498,2.766,2.615,2.621,2.46,2.188,2.366,2.322,2.609,2.254,2.376,2.906,2.695,2.85,2.756,3.311,2.642,2.483,2.16,2.301,3.269,2.672,2.579,2.652,2.637,2.881,2.952,2.621,3.06,2.026,2.588,2.266,2.135,2.355,2.401,2.536,2.444,1.668,2.349,2.657,3.062,2.321,2.501,2.285,2.325,2.142,3.04,2.142,2.812,2.998,2.281,2.625,2.052,2.676,2.672,2.411,2.7,2.54,2.544,2.951,2.757,2.694,2.87,2.461,2.067,2.107,2.328,2.22,2.441,2.625,2.23,2.42,2.548,2.147,2.228,2.35,2.12,2.127,2.082,2.217,1.974,1.819,2.751,2.218,3.151,2.416,2.398,2.201,2.583,2.542,2.469,2.678,2.311,2.215,2.629,2.648,2.184,2.623,2.676,2.337,2.368,2.421,3.034,2.734,2.809,2.418,2.657,2.983,2.559,2.198,2.292,2.281,2.303,2.273,2.329,2.502,2.575,2.329,2.391,2.459,2.617,2.22,3.018,2.113,2.356,2.481,2.524,2.618,2.562,2.418,2.687,2.24,2.404,2.508,3.408,3.114,2.887,3.125,3.129,2.716,3.605,2.796,2.479,2.729,2.51,2.28,3.255,2.503,2.377,2.637,3.482,3.18,2.626,2.923,3.284,2.918,2.912,2.625,2.856,3.544,3.242,2.876,2.888,2.62,2.547,2.777,2.525,2.685,2.507,2.315,2.208,2.657,2.366,2.259,2.24,2.548,2.667,2.678,2.569,2.687,2.349,2.866,2.566,2.593,2.774,2.22,2.281,2.458,2.424,2.244,2.439,3.146,2.805,2.564,2.481,3.044,2.747,2.796,2.071,2.554,3.265,2.205,2.357,3.045,2.539,3.278,2.64,2.72,2.741
sub-116,1.958,2.205,2.11,2.07,2.282,2.397,2.277,2.655,1.702,2.37,2.631,2.538,2.372,2.271,2.252,2.594,2.215,2.533,2.259,2.08,2.856,3.143,2.736,2.482,2.453,2.696,2.436,2.877,2.688,2.352,2.78,2.874,2.852,3.049,2.239,2.183,1.962,2.274,2.201,2.632,2.246,2.16,2.638,2.631,2.265,2.622,2.517,2.072,2.313,2.224,2.335,2.19,2.051,2.748,2.619,2.85,2.698,2.246,2.999,2.641,2.785,2.604,2.736,2.178,2.277,2.248,2.701,2.331,2.878,2.733,2.412,2.405,2.477,2.207,2.576,2.457,2.575,2.502,2.462,2.489,2.489,2.489,2.409,2.474,2.376,2.268,2.505,2.403,2.218,2.708,2.486,2.487,2.158,2.927,1.998,2.437,2.516,2.666,2.491,2.734,2.958,2.632,2.866,2.539,2.551,3.361,2.876,2.988,2.928,3.168,2.829,3.751,2.755,2.461,2.752,2.325,2.129,3.221,2.394,2.524,2.371,3.153,3.216,2.728,2.892,3.388,2.753,2.551,2.314,2.515,2.917,2.996,2.713,2.635,2.791,2.321,2.772,2.388,2.69,2.562,2.081,2.39,2.495,2.182,2.259,2.31,2.635,2.61,2.506,2.519,2.533,2.514,2.335,2.369,2.568,2.641,2.318,2.394,2.042,2.38,2.092,2.616,2.954,2.852,2.308,2.533,3.518,2.678,2.544,2.224,2.451,3.022,2.64,2.57,2.795,2.56,2.822,2.926,2.517,3.109,2.025,2.13,2.037,2.123,2.285,2.329,2.449,2.645,1.593,2.548,2.947,2.809,2.302,2.499,2.446,2.53,1.989,2.518,2.369,2.365,2.853,2.9,2.812,2.446,2.929,2.718,2.258,2.698,2.35,2.675,2.911,3.021,3.173,3.019,2.337,2.719,2.369,2.412,2.502,2.725,2.684,2.443,2.678,2.646,2.099,2.358,2.408,1.876,2.374,1.99,2.382,1.958,2.142,2.583,2.58,2.643,2.984,2.207,3.263,2.495,2.905,2.55,2.605,2.453,2.166,2.799,2.5,2.151,2.682,2.839,2.332,2.597,2.568,2.538,2.929,2.805,2.356,2.814,2.75,2.698,2.458,2.488,2.461,2.45,2.376,2.282,2.32,2.443,2.348,2.956,2.824,2.285,2.37,2.977,2.018,2.318,2.554,2.547,2.799,2.992,3.409,2.759,2.61,2.462,2.277,3.376,2.571,2.692,3.251,3.501,2.737,3.218,2.958,2.488,2.748,2.391,2.214,3.498,2.47,3,2.389,3.107,2.872,3.114,3.039,3.074,2.495,2.88,2.49,2.608,3.35,3.246,3.058,2.675,2.93,2.391,2.595,2.698,2.588,2.45,1.98,2.233,2.549,2.254,2.136,2.127,2.536,2.587,2.43,2.288,2.813,2.322,2.36,2.166,2.098,2.635,2.09,2.331,2.703,2.217,2.157,2.492,2.742,2.877,2.436,2.779,3.393,2.652,2.723,1.933,2.79,3.233,2.786,3.003,3.034,2.602,3.063,2.735,2.29,3.052
sub-117,1.881,2.337,2.239,2.055,2.246,2.14,2.329,2.508,1.653,2.375,2.498,2.593,1.999,2.406,2.516,2.406,2.161,2.803,2.019,2.353,2.266,2.408,2.313,2.009,2.411,2.484,2.216,2.561,2.446,2.35,2.803,3.092,3.023,2.848,2.394,2.084,2.052,2.307,2.168,2.541,2.462,2.013,2.527,2.273,2.291,2.208,2.15,2.135,2.154,2.07,2.22,2.042,1.946,2.622,2.245,3.134,2.933,2.648,3.032,2.73,2.636,2.609,2.782,2.647,2.531,3.051,2.64,2.328,2.776,2.335,2.393,2.692,2.272,2.487,2.518,2.518,2.757,2.523,2.447,2.373,2.405,2.315,2.466,2.297,2.387,2.406,2.388,2.685,2.605,2.773,2.817,2.617,2.217,2.916,2.024,2.358,2.37,2.434,2.749,2.751,2.842,2.883,2.333,2.419,2.426,3.267,3.044,2.671,3.009,3.332,2.676,3.934,2.759,2.415,2.79,2.299,2.046,2.693,2.494,3.087,2.1,2.903,3.165,2.604,3.089,3.433,2.765,2.766,2.427,2.385,3.033,2.951,2.579,2.66,2.574,2.498,2.624,2.37,2.293,2.465,2.178,2.159,2.68,2.148,2.151,2.076,2.732,2.445,2.411,2.428,2.362,2.586,2.867,2.5,2.551,2.815,2.126,2.276,2.461,2.435,2.241,2.782,2.868,2.489,2.387,2.44,3.692,2.537,2.534,2.315,2.295,2.965,2.379,2.38,2.834,2.773,2.676,2.839,2.534,3.014,1.896,2.322,2.13,2.071,2.135,2.347,2.53,2.419,1.6,2.286,2.604,2.776,2.075,2.835,2.355,2.363,2.083,2.733,2.264,1.943,2.71,2.173,2.463,2.577,2.793,2.592,2.269,2.575,1.999,2.392,2.623,2.985,2.908,2.69,2.28,2.16,2.296,2.384,2.045,2.367,2.429,1.95,2.528,2.443,1.976,2.187,2.202,1.975,2.334,1.992,2.162,1.935,1.908,2.347,2.221,2.87,2.62,2.773,2.79,2.646,2.647,2.605,2.484,2.41,2.16,2.353,2.374,2.294,2.609,2.617,2.424,2.744,2.195,2.293,2.23,2.58,2.48,2.558,2.338,2.353,2.332,2.305,2.279,2.215,2.171,2.215,2.295,2.623,2.329,2.723,2.781,2.434,1.997,2.581,1.999,2.296,2.502,2.686,2.622,2.904,2.67,2.492,2.176,2.549,2.65,3.755,2.566,2.68,2.849,3.121,2.793,3.311,3.034,2.511,2.688,2.277,2.13,3.215,2.211,3.109,2.315,3.55,3.239,2.695,2.886,3.055,2.74,2.713,2.517,2.637,3.38,3.28,2.781,2.778,2.828,2.841,2.626,2.341,2.59,2.65,2.524,2.221,2.491,2.193,2.21,2.314,2.8,2.592,2.398,2.519,2.629,2.487,2.526,2.698,2.199,2.562,2.363,2.201,2.58,2.751,2.329,2.204,2.703,2.653,2.552,2.575,3.646,2.692,2.253,2.181,2.243,3.33,2.367,2.588,2.9,2.692,3.151,2.466,2.671,2.959
sub-118,1.885,2.306,2.181,2.1,2.221,2.383,2.559,2.804,1.805,2.876,2.489,2.687,2.377,2.28,2.427,2.065,2.45,2.688,2.243,2.34,2.904,2.678,2.327,2.544,2.748,2.83,2.257,3.025,2.577,2.417,2.791,2.818,3.185,3.087,2.571,2.363,2.262,2.428,2.226,2.714,2.62,2.159,2.827,2.783,2.226,2.199,2.405,2.284,2.421,2.443,2.319,2.106,2.073,2.741,2.454,3.061,2.861,2.372,2.808,2.677,2.706,2.984,2.792,2.29,2.27,2.507,2.631,2.362,2.845,2.935,2.588,2.541,2.407,2.567,2.425,2.43,2.513,2.523,2.502,2.612,2.357,2.382,2.26,2.485,2.218,2.283,2.481,2.758,2.478,2.764,2.623,2.542,2.347,2.753,2.261,2.442,2.62,2.924,2.469,2.558,2.572,2.576,2.524,2.54,2.729,3.061,3.007,3.014,3.171,3.329,2.888,3.88,2.747,2.638,2.894,2.413,2.23,2.991,2.802,2.528,2.302,3.08,3.458,2.573,2.858,2.989,2.803,2.7,2.596,2.481,3.225,3.14,2.804,2.923,2.855,2.686,3.011,2.543,2.547,2.583,2.671,2.254,2.65,2.379,2.399,2.435,2.608,2.567,2.546,2.462,2.572,2.133,2.526,2.392,2.603,2.458,2.566,2.253,2.517,2.536,2.358,2.699,3.066,3.015,2.53,2.699,3.295,2.894,2.503,2.37,2.324,3.035,2.571,2.547,2.856,2.739,2.845,2.67,2.771,2.946,1.975,2.411,2.167,2.111,2.271,2.449,2.863,2.665,1.708,2.58,2.412,2.462,2.209,2.567,2.18,2.335,2.472,3.026,2.193,2.665,2.788,2.784,2.359,2.689,2.824,2.797,2.463,2.754,2.072,2.466,2.639,2.705,2.904,2.919,2.451,2.271,2.152,2.357,2.226,2.667,2.665,2.347,2.673,2.617,2.297,2.505,2.303,2.297,2.382,2.421,2.332,2.161,2.097,2.677,2.371,2.628,2.659,2.403,2.897,2.532,2.494,2.514,2.749,2.407,2.028,2.671,2.638,2.47,2.748,2.912,2.506,2.576,2.44,2.633,2.339,2.605,2.583,2.547,2.555,2.608,2.397,2.547,2.493,2.444,2.374,2.362,2.245,2.543,2.258,2.313,2.761,2.623,2.139,2.926,2.385,2.413,2.637,2.811,2.801,2.646,2.63,2.868,2.5,2.491,2.771,3.532,2.775,2.76,3.283,2.871,3.052,3.89,3.102,2.513,2.897,2.69,2.254,2.596,2.412,2.625,2.346,2.95,3.144,2.768,3.056,3.208,2.517,2.688,2.524,2.676,3.204,3.11,2.855,3.021,2.631,2.697,3.219,2.557,2.755,2.59,2.464,2.198,2.494,2.259,2.331,2.358,2.564,2.627,2.498,2.625,2.828,2.393,2.621,2.726,2.401,2.56,2.664,2.176,2.459,2.644,2.175,2.556,2.876,2.597,2.59,2.688,3.226,2.706,2.474,2.304,2.469,3.424,2.509,2.534,3.12,2.704,2.826,3.088,2.571,2.952
sub-119,1.989,2.462,2.512,2.386,2.458,2.436,2.857,2.708,1.808,2.501,2.644,2.63,2.578,2.823,2.444,2.437,2.333,2.801,2.284,2.216,2.814,2.515,2.489,2.572,3.038,3.079,2.605,2.499,2.546,2.828,2.566,3.095,3.055,3.205,2.54,2.265,2.36,2.799,2.313,2.785,2.799,2.286,2.845,2.674,2.651,2.481,2.142,2.296,2.435,2.224,2.657,2.305,2.142,2.671,2.701,3.167,3.274,2.708,3.259,3.015,3.045,3.102,2.944,2.794,2.541,2.349,2.699,2.356,2.985,3.009,2.755,2.795,2.675,2.499,2.665,2.915,2.858,2.626,2.359,2.442,2.387,2.532,2.528,2.692,2.468,2.356,2.511,3.208,2.372,2.718,2.78,3.058,2.079,3.049,2.398,2.455,2.717,2.638,3.04,2.672,3.013,2.697,2.801,2.367,2.771,3.574,3.129,2.743,3.129,3.204,3.046,4.247,3.049,2.746,2.629,2.534,2.246,3.164,2.453,2.676,2.246,3.384,3.44,2.779,3.66,3.228,2.942,2.995,2.672,2.7,3.482,3.391,3.021,2.763,2.948,2.582,2.762,2.485,2.498,2.864,2.68,2.374,2.547,2.276,2.221,2.499,2.828,3.085,2.504,2.468,2.557,2.478,2.85,2.82,2.652,2.726,2.68,2.942,2.352,2.486,2.333,3.033,2.948,2.881,2.747,2.575,3.233,2.746,2.783,2.389,2.576,3.513,2.918,2.607,3.434,2.958,3.111,3.313,3.228,3.579,2.014,2.493,2.228,2.36,2.305,2.432,2.724,2.702,1.714,2.789,2.444,2.969,2.213,2.687,2.388,2.072,2.173,2.87,2.16,2.495,2.384,2.983,2.672,2.643,3.026,2.967,2.539,2.721,2.407,2.589,2.73,3.211,3.236,3.343,2.578,2.262,2.348,2.501,2.009,2.75,2.57,2.561,2.801,2.89,2.679,2.578,2.343,1.803,2.209,2.23,2.466,2.155,2.112,2.718,2.614,3.209,3.11,2.398,2.982,2.577,3.181,2.484,2.741,2.378,2.281,3.222,2.619,2.259,2.725,2.797,2.579,2.61,2.576,2.673,2.52,3.04,2.698,2.664,2.434,2.475,2.468,2.731,2.501,2.536,2.527,2.349,2.633,2.881,2.511,2.829,2.565,2.625,2.242,2.985,1.991,2.46,2.597,2.68,2.928,2.893,2.973,2.626,2.509,2.514,2.849,3.057,2.829,2.823,3.167,3.099,2.842,3.859,3.049,2.698,2.611,2.423,2.301,3.426,2.543,3.005,2.558,3.266,3.491,3.028,3.027,3.03,2.653,3.247,2.498,2.61,3.328,3.619,2.844,2.91,2.995,2.674,2.919,3.078,2.754,2.748,2.297,2.145,2.777,2.47,2.493,2.415,3.061,2.851,2.646,2.44,2.705,2.346,2.756,2.497,2.501,2.856,2.495,2.292,2.368,2.462,2.346,2.488,2.969,2.955,2.535,2.698,3.368,2.992,2.521,2.463,2.585,3.414,2.446,2.81,3.305,2.678,2.805,2.924,2.818,3.219
sub-120,1.851,2.288,2.107,1.949,2.03,2.257,2.084,2.547,1.553,2.262,2.165,2.445,2.144,2.506,2.174,2.064,2.143,2.369,2.063,2.23,2.542,2.117,2.386,2.56,2.817,2.777,2.043,2.361,2.145,2.39,2.848,2.954,3.268,3.02,2.608,2.177,2.074,2.279,1.792,2.472,2.622,1.932,2.71,2.487,2.056,2.187,2.12,2.211,2.487,2.125,2.208,2.191,1.914,2.62,2.523,3.043,2.834,2.881,2.657,2.887,2.619,2.711,2.673,2.19,2.432,2.02,2.625,2.384,2.717,2.688,2.687,2.388,2.433,2.684,2.213,2.528,2.424,2.539,2.618,2.618,2.41,2.231,2.368,2.394,2.478,2.257,2.4,2.547,2.43,2.171,2.457,2.911,1.966,2.288,2.091,2.316,2.523,2.3,3.241,2.598,2.744,2.76,2.384,2.498,2.691,2.99,2.819,2.681,2.886,3.013,2.688,3.334,2.498,2.431,2.588,2.363,2.249,3.005,2.591,2.614,2.448,2.576,3.032,2.482,2.735,2.834,2.524,2.528,2.404,2.579,2.816,2.76,2.606,2.358,2.302,2.148,2.635,2.253,2.484,2.404,2.243,2.282,2.417,2.307,2.224,2.127,2.396,2.529,2.284,2.414,2.752,2.031,2.427,2.476,2.13,2.818,2.267,2.365,2.307,2.399,2.406,2.452,2.955,2.854,2.616,2.667,3.033,2.768,2.327,2.206,2.327,2.742,2.156,2.718,2.709,2.642,2.679,2.784,2.698,2.764,1.82,2.315,2.117,1.937,1.983,2.181,2.259,2.496,1.465,2.362,1.933,2.603,2.053,2.553,2.411,2.283,1.948,2.666,2.271,2.084,2.616,2.109,2.206,2.455,2.647,2.753,2.418,2.719,2.209,2.563,2.678,2.967,3.433,3.007,2.542,2.178,2.107,2.452,2.037,2.611,2.887,2.117,2.428,2.628,2.309,2.179,2.195,1.985,2.309,2.258,2.068,2.066,1.917,2.443,2.159,2.66,2.604,2.4,2.707,2.742,2.647,2.655,2.858,2.577,1.865,2.399,2.383,2.37,2.593,2.808,2.232,2.347,2.477,2.394,2.174,2.603,2.445,2.4,2.653,2.154,2.294,2.378,2.235,2.321,2.311,2.342,2.421,2.516,2.32,2.317,2.302,2.172,2.047,2.474,1.893,2.348,2.465,2.515,2.453,2.342,2.632,2.515,2.077,2.243,2.704,2.843,2.557,2.734,2.691,2.602,2.748,3.318,2.733,2.481,2.577,2.478,2.054,3.157,2.177,2.909,2.332,2.83,2.841,2.503,2.539,2.797,2.534,2.636,2.391,2.606,2.969,2.957,2.56,2.628,2.511,2.464,2.708,2.612,2.63,2.553,2.371,2.248,2.539,2.207,2.363,2.37,2.677,2.542,2.431,2.518,2.283,2.075,2.87,2.44,2.249,2.526,2.148,2.47,2.357,2.5,2.297,2.348,2.677,2.807,2.303,2.684,3.111,2.504,2.402,2.254,2.192,3.13,2.358,2.247,2.516,2.481,2.985,2.339,2.718,2.914
sub-121,2.067,2.683,1.949,2.306,2.548,2.464,2.822,2.792,2.123,2.539,2.546,3.183,2.53,2.839,2.491,2.385,2.347,3.078,2.336,2.533,3.293,2.673,2.829,2.606,3.139,2.941,2.528,3.181,2.712,2.879,2.957,3.434,3.229,3.42,2.644,2.381,2.141,2.39,2.173,2.834,2.609,2.428,2.93,2.87,2.63,2.674,2.822,2.201,2.684,2.539,2.629,2.305,2.139,2.945,2.517,3.492,3.069,3.108,3.054,3.115,2.823,2.899,3.227,2.306,2.559,2.845,2.825,2.556,3.181,3.167,2.79,2.638,2.601,3.271,2.842,3.401,3.005,2.735,2.546,2.44,2.52,2.54,2.589,2.468,2.675,2.556,2.595,2.965,2.576,2.856,3.088,3.177,2.283,3.436,2.211,2.482,2.721,2.703,2.769,3.204,2.893,3.005,2.736,2.419,2.645,3.787,3.319,3.24,3.678,3.245,3.085,3.602,3.196,3.034,3.012,2.758,2.461,3.527,2.793,2.618,2.519,3.279,3.81,3.195,3.496,2.739,2.997,3.34,2.927,2.692,3.597,3.383,3.455,3.158,3.189,2.675,3.113,2.672,2.967,3.291,2.859,2.009,2.957,2.47,2.518,2.467,3.165,2.658,2.738,2.646,2.708,2.487,2.676,2.802,2.579,2.567,2.819,2.782,3.236,2.453,2.575,2.532,3.032,3.271,2.598,2.297,3.818,2.657,2.814,2.526,2.605,3.568,3.08,2.651,3.397,2.929,3.764,3.369,3.067,3.528,2.043,2.487,2.236,2.295,2.407,2.61,2.758,2.684,2.081,2.726,2.543,3.002,2.311,2.74,2.431,2.365,2.189,3.14,2.228,2.399,2.463,3.152,2.593,2.697,2.881,3.087,2.423,2.742,2.436,2.765,2.988,2.928,3.325,3.435,2.832,2.597,2.4,2.432,2.224,2.791,2.682,2.433,2.854,2.843,2.417,2.453,2.599,1.973,2.368,2.421,2.507,2.181,2.222,2.978,2.517,3.142,3,2.995,3.152,2.669,2.948,2.734,3.093,2.489,2.462,2.903,2.662,2.32,2.937,2.965,2.682,2.577,2.479,3.179,2.762,2.953,2.855,2.707,2.668,2.377,2.532,2.325,2.478,2.451,2.58,2.228,2.771,3.02,2.485,2.728,2.905,2.746,2.385,3.199,2.322,2.456,2.904,2.763,3.018,3.232,2.735,2.897,3.167,2.826,2.749,3.948,2.725,3.132,3.564,3.414,3.072,3.72,3.16,2.792,2.978,2.803,2.32,3.72,2.477,2.547,2.711,3.725,3.598,3.042,3.426,3.056,2.738,3.102,2.946,3.259,3.585,3.556,3.023,2.958,2.977,2.639,2.935,3.136,2.908,2.837,2.716,2.36,3.085,2.51,2.512,2.509,3.363,2.967,2.769,2.698,2.866,2.44,3.05,2.755,2.485,3.041,2.62,2.755,2.462,2.59,2.499,2.478,3.147,3.178,2.478,2.978,3.533,2.751,2.717,2.213,2.476,3.141,2.785,2.553,3.266,2.959,3.058,2.779,2.84,3.087
sub-122,1.972,2.573,2.222,2.154,2.327,2.468,2.47,2.834,1.903,2.707,2.569,2.824,2.513,2.113,2.169,2.038,2.194,2.795,2.385,2.303,2.577,2.558,2.358,2.614,2.634,2.954,2.474,2.747,2.716,2.483,2.697,2.865,2.86,3.07,2.554,2.424,2.269,2.465,2.405,2.98,2.524,2.482,3.085,3.023,2.338,2.31,2.476,2.514,2.575,2.147,2.209,2.185,2.079,3.213,3.151,3.192,3.144,2.402,3.204,2.917,2.933,2.694,2.874,2.208,2.369,2.739,2.86,2.444,2.855,2.899,2.565,2.515,2.644,3.01,2.658,2.722,2.595,2.53,2.623,2.556,2.38,2.383,2.495,2.648,2.365,2.352,2.665,2.667,2.369,2.498,2.506,2.75,1.911,3.247,2.23,2.395,2.816,2.951,3.307,2.957,3.05,2.747,2.335,2.716,2.727,3.314,2.987,2.588,3.297,3.219,2.603,3.835,2.83,2.581,2.852,2.392,2.19,3.409,2.515,2.954,2.429,2.916,3.432,2.67,2.896,3.16,2.615,2.623,2.515,2.573,3.429,3.306,2.98,2.816,3.127,2.619,2.961,2.545,2.464,2.501,2.328,2.377,2.75,2.335,2.318,2.313,2.858,2.666,2.615,2.533,2.721,2.373,2.443,2.458,2.606,2.786,2.672,2.566,2.34,2.616,2.345,2.938,2.94,3.172,2.301,2.694,3.246,2.61,2.505,2.421,2.346,3.381,2.619,2.787,2.96,2.636,2.958,2.865,2.826,3.06,1.964,2.387,2.164,2.063,2.29,2.407,2.401,2.817,1.932,2.993,2.256,2.962,2.311,2.614,2.477,2.532,2.145,2.496,2.315,2.223,2.324,2.818,2.755,2.455,2.957,2.774,2.297,2.714,2.058,2.614,2.682,2.554,3.049,3.266,2.442,2.451,2.402,2.279,2.254,2.961,2.669,2.364,2.775,2.822,2.309,2.458,2.456,2.237,2.344,2.329,2.431,2.241,2.25,2.595,2.61,3.178,2.673,1.972,2.741,2.463,2.848,2.608,3.179,2.527,2.361,2.669,2.78,2.551,2.748,2.821,2.281,2.436,2.521,2.782,2.647,2.632,2.495,2.682,2.605,2.378,2.598,2.454,2.292,2.595,2.478,2.279,2.428,2.603,2.256,2.811,2.537,2.358,2.233,2.878,2.283,2.56,2.745,2.765,2.914,2.618,2.674,2.383,2.103,2.295,2.736,2.983,2.717,2.98,3.185,3.316,2.879,3.429,2.733,2.607,2.475,2.716,2.349,3.309,2.384,3.007,2.284,3.272,3.107,2.768,3.141,3.316,2.645,2.939,2.645,2.813,3.468,3.488,2.981,2.833,2.681,2.312,2.943,2.707,2.626,2.724,2.527,2.178,2.603,2.459,2.449,2.292,2.91,2.668,2.626,2.633,2.636,2.386,2.85,2.5,2.618,2.383,2.337,2.413,2.459,2.496,2.196,2.638,2.888,2.967,2.558,3.255,2.94,2.688,2.486,2.45,2.667,3.449,2.47,2.719,3.085,2.714,2.989,2.464,2.476,2.908
sub-123,2.001,2.307,2.243,2.041,2.354,2.301,2.602,2.668,1.73,2.45,2.538,2.912,2.23,2.542,2.516,2.522,2.284,2.672,2.158,2.367,2.867,2.119,2.327,2.871,2.749,2.905,2.595,2.899,2.548,2.692,2.898,3.117,2.866,3.21,2.637,2.258,2.031,2.413,2.211,2.754,2.656,2.241,2.644,2.671,2.237,2.307,2.424,2.289,2.58,2.39,2.336,2.143,2.014,2.895,2.793,3.018,2.643,2.513,2.876,2.728,2.936,3.067,2.96,2.937,2.666,2.336,2.804,2.559,2.905,2.753,2.627,2.404,2.474,2.458,2.657,2.74,2.544,2.772,2.638,2.648,2.394,2.461,2.42,2.627,2.335,2.215,2.462,2.753,2.469,2.834,3.056,2.812,2.396,3.278,2.114,2.45,2.763,2.726,2.84,2.804,2.771,2.564,2.425,2.545,2.72,3.092,3.093,3.12,3.08,2.426,2.797,3.592,2.926,2.795,2.709,2.617,2.313,3.654,2.629,2.629,2.355,3.247,3.685,2.776,3.378,3.314,2.676,2.796,2.526,2.459,3.49,3.228,2.715,3.114,2.702,2.417,2.73,2.617,2.789,2.817,2.33,2.359,2.454,2.302,2.442,2.154,2.871,2.819,2.706,2.511,2.542,2.88,2.602,2.531,2.326,2.554,2.323,2.357,2.326,2.194,2.656,2.821,2.896,3.23,2.845,2.964,3.363,2.673,2.724,2.301,2.201,3.243,2.615,2.836,3.14,2.712,2.74,2.78,2.945,2.947,2.117,2.511,2.205,2.124,2.409,2.33,2.638,2.658,1.687,2.598,2.598,2.989,2.522,2.463,2.388,2.555,2.428,2.806,2.534,2.262,2.719,2.414,2.726,2.601,3.08,3.079,2.561,2.829,2.134,2.592,2.784,2.951,2.948,3.113,2.624,2.301,2.313,2.437,2.414,2.681,2.437,2.29,2.717,2.801,2.445,2.739,2.648,2.268,2.591,2.369,2.504,2.361,1.939,2.767,2.66,3.11,2.857,2.161,2.991,2.583,2.935,2.674,2.776,2.459,2.441,2.555,2.717,2.323,2.738,2.948,2.508,2.667,2.619,3.077,2.689,3.038,2.65,2.954,2.512,2.589,2.531,2.577,2.522,2.611,2.228,2.426,2.604,2.464,2.23,2.66,2.878,2.627,2.519,3.158,2.211,2.442,2.808,2.716,3.152,3.149,2.749,2.668,2.619,2.283,2.768,3.511,3.179,2.892,2.98,2.696,2.976,3.524,2.952,2.642,2.711,2.868,2.398,2.858,2.666,2.835,2.313,3.548,3.805,2.889,3.275,2.597,2.438,3.011,2.639,2.918,3.315,3.186,3.034,3.016,2.683,2.532,3.075,2.651,2.775,2.553,2.599,2.245,2.68,2.439,2.741,2.421,3.213,2.817,2.671,2.653,3.177,2.415,2.692,2.38,2.223,2.907,3.008,2.392,2.515,2.324,2.554,2.687,2.703,3.061,2.806,2.822,3.029,2.895,2.644,2.357,2.196,3.354,2.79,2.467,3.29,2.798,3.101,2.522,2.609,3.01
sub-124,1.842,2.318,2.199,1.985,2.328,2.352,2.753,2.748,1.641,2.603,2.079,2.708,2.394,2.535,2.325,2.421,2.198,2.7,2.28,2.397,2.594,2.645,2.23,2.07,2.744,3.031,2.335,2.842,2.324,2.692,2.954,3.057,2.906,3.136,2.469,2.153,2.167,2.441,2.317,2.515,2.521,2.24,2.786,2.785,2.461,2.457,2.346,2.242,2.172,2.113,2.307,2.08,2.071,3.095,2.584,3.231,2.897,2.446,2.73,2.832,2.65,2.756,2.72,2.4,2.298,2.363,2.632,2.543,2.552,2.844,2.776,2.702,2.343,2.536,2.579,2.74,2.696,2.588,2.336,2.493,2.439,2.337,2.4,2.391,2.155,2.313,2.589,2.651,2.258,2.816,2.538,2.679,2.15,2.941,2.314,2.532,2.698,2.86,2.73,2.877,2.554,2.654,2.425,2.301,2.608,3.434,2.848,3.025,3.105,2.736,2.986,3.858,2.873,2.751,2.83,2.252,2.301,3.123,2.663,2.973,2.699,3.202,3.041,2.397,2.656,2.8,2.794,2.677,2.463,2.589,3.42,3.154,2.708,2.919,2.814,2.466,2.841,2.536,2.599,2.498,2.288,2.394,2.485,2.34,2.495,2.422,2.739,2.627,2.477,2.533,2.724,2.271,2.497,2.592,2.48,2.424,2.305,2.349,2.609,2.363,2.474,2.491,2.979,2.83,2.2,2.887,3.066,2.767,2.699,2.291,2.095,3.354,2.627,2.322,2.613,2.764,2.885,2.882,2.678,2.844,1.816,2.437,2.231,2.121,2.303,2.289,2.874,2.859,1.611,2.822,2.245,2.567,2.262,2.319,2.359,2.41,2.175,2.751,2.275,2.652,2.446,2.54,2.557,2.738,2.74,2.885,2.374,2.789,2.405,2.554,3.016,2.798,2.975,2.938,2.611,2.343,2.317,2.383,2.292,2.733,2.448,2.216,2.767,2.489,2.388,2.473,2.392,2.271,2.062,2.337,2.265,2.137,2.026,3.124,2.606,2.909,2.676,2.439,2.855,2.602,2.475,2.7,2.934,2.341,2.15,2.813,2.626,2.342,2.644,2.988,2.547,2.527,2.356,2.977,2.505,2.97,2.511,2.788,2.648,2.54,2.483,2.407,2.537,2.242,2.442,2.246,2.297,2.446,2.348,2.324,2.718,2.576,2.187,2.914,2.275,2.602,2.676,2.725,2.683,2.712,2.686,2.634,2.464,2.498,2.567,3.191,2.832,2.851,3.124,3.245,2.875,3.671,3.17,2.705,2.678,2.643,2.381,3.053,2.498,2.642,2.682,2.777,3.037,2.719,2.924,3.013,2.392,2.722,2.682,2.707,3.319,3.096,2.569,2.762,2.768,2.408,2.818,2.555,2.544,2.399,2.555,2.369,2.65,2.299,2.46,2.401,2.957,2.687,2.514,2.426,2.651,2.586,2.623,2.525,2.453,2.46,2.553,2.52,2.502,2.406,2.287,2.597,3.166,2.585,2.421,2.464,3.238,2.939,2.69,2.079,2.237,3.421,2.705,2.564,2.925,2.716,2.732,2.712,2.549,2.866
sub-125,1.833,2.148,2.255,2.091,2.369,2.367,3.068,2.61,1.618,2.505,2.52,2.657,2.138,2.582,2.418,2.539,2.452,2.845,2.139,2.329,2.64,2.835,2.416,2.235,2.497,2.779,2.406,3.202,2.281,2.735,2.876,2.595,3.085,2.929,2.245,2.351,2.167,2.433,2.157,2.608,2.745,2.159,2.597,2.677,2.235,2.222,2.088,2.165,2.401,2.435,2.371,2.066,1.933,2.717,2.864,3.246,2.515,2.558,2.851,2.669,2.616,2.691,2.433,2.375,2.237,2.475,2.675,2.322,2.578,2.437,2.284,2.423,2.451,2.62,2.638,2.735,2.541,2.481,2.536,2.401,2.59,2.468,2.298,2.408,2.256,2.205,2.391,2.815,2.3,2.754,2.397,2.628,2.217,2.823,2.099,2.469,2.47,2.815,2.583,2.892,2.561,2.724,2.348,2.498,2.75,3.221,2.872,2.853,3.086,2.768,2.741,3.898,3.009,2.616,2.733,2.355,2.081,3.38,2.22,3.1,2.205,3.146,3.642,2.419,2.897,3.242,2.926,3.108,2.517,2.543,3.385,3.181,2.835,2.778,2.686,2.815,3.106,2.36,2.693,2.515,2.24,2.241,2.614,2.231,2.411,2.243,2.775,2.616,2.4,2.368,2.566,2.697,2.623,2.717,2.825,2.225,2.436,2.277,2.724,2.682,2.147,2.332,2.938,3.151,2.182,2.981,3.184,2.62,2.39,2.426,2.436,3.211,2.657,2.306,2.945,2.68,3.019,2.76,2.75,2.98,1.918,2.573,2.029,2.092,2.326,2.407,2.485,2.61,1.835,2.456,2.644,2.433,2.42,2.606,2.395,2.668,2.152,2.651,2.119,2.059,2.693,2.446,2.329,2.349,2.488,2.734,2.495,2.432,2.463,2.71,2.829,2.677,2.908,2.812,2.232,2.473,2.324,2.464,2.036,2.711,2.331,2.167,2.691,2.699,2.483,2.467,2.427,2.137,2.017,2.261,2.463,2.17,1.867,2.753,2.455,2.983,2.792,2.464,2.887,2.557,2.719,2.547,2.58,2.583,2.046,2.73,2.641,2.369,2.625,2.749,2.357,2.452,2.385,2.616,2.706,2.912,2.526,2.609,2.392,2.304,2.218,2.499,2.425,2.349,2.502,2.165,2.535,2.466,2.286,2.784,2.488,2.519,2.205,3.215,2.209,2.36,2.791,2.628,2.887,2.806,2.724,2.938,2.438,2.406,2.364,3.358,2.596,2.749,3.223,3.189,3.072,3.689,2.998,2.558,2.794,2.484,2.167,3.778,2.39,3.351,2.432,3.236,3.347,2.588,2.723,2.998,2.77,2.71,2.452,2.934,3.323,3.466,2.928,2.91,2.714,2.66,2.991,2.775,2.554,2.562,2.448,2.073,2.638,2.574,2.402,2.363,3.124,2.431,2.477,2.448,2.721,2.266,3.128,2.816,2.266,2.695,2.586,2.308,2.373,2.218,2.155,2.309,3.013,3.039,2.307,2.752,3.285,2.753,2.536,2.064,2.501,3.431,2.491,2.504,2.92,2.736,3.006,2.529,2.44,2.725
sub-126,1.846,2.333,2.212,1.992,2.283,2.292,2.168,2.675,1.684,2.259,2.384,2.847,2.142,2.308,2.333,2.276,1.983,2.905,2.144,2.045,2.464,2.121,2.358,2.339,2.579,2.821,2.272,2.96,2.426,2.328,2.563,2.893,2.764,2.842,2.415,2.164,2.185,2.35,2.134,2.712,2.515,2.225,2.679,2.884,2.348,2.412,2.327,2.211,2.243,1.994,2.449,2.21,1.864,2.821,2.771,3.208,2.889,2.347,2.897,2.84,2.749,2.388,2.62,2.31,2.324,2.884,2.655,2.537,2.665,2.929,2.449,2.16,2.371,2.56,2.459,2.452,2.63,2.405,2.55,2.494,2.352,2.328,2.562,2.345,2.273,2.138,2.387,2.563,2.078,2.248,2.518,2.61,2.133,2.954,2.355,2.379,2.398,2.898,2.592,2.574,2.662,2.694,2.275,2.601,2.791,3.228,2.591,2.63,3.135,3.425,2.686,3.68,2.779,2.613,2.643,2.531,2.319,3.38,2.274,2.544,2.448,2.712,3.319,2.392,3.033,2.801,2.733,2.573,2.61,2.576,3.275,3.242,2.829,2.698,2.925,2.604,2.905,2.596,2.661,2.768,2.179,2.165,2.625,2.33,2.097,2.232,2.803,2.658,2.696,2.537,2.473,2.426,2.878,2.616,2.426,2.356,2.509,2.257,2.687,2.495,2.271,2.628,2.975,3.082,2.043,2.698,3.444,2.629,2.407,2.153,2.266,3.023,2.463,2.456,2.688,2.442,2.953,2.552,2.977,3.239,1.818,2.512,2.152,1.963,2.236,2.473,2.831,2.522,1.586,2.666,2.683,2.783,2.374,2.209,2.076,2.352,1.995,3.052,2.419,2.5,2.672,2.486,2.762,2.5,2.918,2.523,2.07,2.667,2.256,2.589,2.785,2.696,2.848,2.942,2.594,2.066,2.177,2.389,2.071,2.626,2.527,2.082,2.81,2.517,2.21,2.455,2.088,2.05,2.542,2.01,2.176,1.949,1.758,2.889,2.645,3.195,2.832,2.106,2.842,2.625,2.717,2.738,2.649,2.405,2.283,2.474,2.499,2.137,2.604,2.69,2.131,2.212,2.347,2.557,2.351,2.666,2.414,2.639,2.294,2.501,2.273,2.508,2.437,2.254,2.183,2.254,2.449,2.67,2.394,2.329,2.436,2.56,1.992,2.931,2.055,2.384,2.59,2.784,2.562,2.486,2.649,2.467,2.555,2.557,2.599,3.249,2.772,2.741,2.997,3.029,2.758,3.752,2.604,2.499,2.886,2.26,2.129,3.284,2.4,2.683,2.377,3.341,2.926,2.761,2.816,2.844,2.642,2.755,2.697,2.74,3.413,3.322,2.809,2.489,2.615,2.718,3.196,2.754,2.623,2.412,2.564,2.237,2.575,2.211,2.422,2.368,3.139,2.863,2.602,2.438,2.809,2.358,2.816,2.701,2.267,2.731,2.74,2.448,2.52,2.782,2.382,2.628,2.899,3.109,2.483,2.447,3.525,2.703,2.472,2.222,2.289,3.371,2.576,2.46,2.769,2.524,2.633,2.474,2.644,3.032
sub-127,1.882,2.145,2.106,2.133,2.437,2.247,2.927,2.63,1.661,2.413,2.511,2.944,2.269,2.685,2.272,1.845,2.071,2.848,2.3,2.284,2.634,2.791,2.44,2.669,2.805,3.018,2.446,2.881,2.369,2.593,2.803,3.352,2.999,3.352,2.642,2.311,2.231,2.349,2.306,2.568,2.432,2.047,2.765,2.865,2.696,2.502,2.587,2.236,2.597,2.226,2.32,2.12,1.876,2.406,2.545,2.921,2.699,2.56,3.019,2.679,2.772,2.943,2.619,2.363,2.349,2.928,2.714,2.488,2.775,3.019,2.595,2.57,2.42,2.514,2.47,2.636,2.654,2.742,2.581,2.303,2.489,2.385,2.488,2.419,2.324,2.313,2.385,2.811,2.291,2.505,2.953,2.748,2.115,2.887,2.082,2.502,2.406,2.561,2.467,2.671,2.795,2.43,2.561,2.497,2.624,3.512,3.333,2.695,3.466,2.986,2.663,3.709,2.96,2.577,2.581,2.306,2.212,3.362,2.565,2.836,2.476,2.894,3.005,2.648,3.141,2.787,2.653,2.801,2.478,2.577,3.319,3.374,2.943,2.783,2.868,2.864,2.998,2.596,2.584,2.453,2.373,2.19,2.719,2.292,2.323,2.239,2.579,2.621,2.51,2.427,2.6,2.192,2.125,2.627,2.549,2.612,2.632,2.271,2.702,2.269,2.472,2.588,2.959,3.258,2.147,3.178,3.305,2.578,2.611,2.21,2.33,3.461,2.906,2.572,2.867,2.597,3.157,3.046,2.963,3.014,1.881,2.584,2.172,2.185,2.415,2.356,2.774,2.643,1.723,2.547,2.384,2.981,2.565,2.423,2.441,2.49,2.183,2.784,2.164,2.335,2.639,2.484,2.486,2.84,2.766,2.578,2.268,2.614,2.281,2.701,2.821,2.918,3.135,3.123,2.685,2.107,2.153,2.605,2.12,2.505,2.765,2.146,2.364,2.59,2.406,2.205,2.519,2.01,2.823,2.358,2.37,2.147,1.852,2.491,2.349,2.787,2.662,2.482,2.856,2.743,2.775,2.757,3.064,2.395,2.115,2.358,2.532,2.326,2.944,2.816,2.473,2.693,2.467,2.428,2.333,2.931,2.56,2.426,2.264,2.406,2.215,2.316,2.399,2.334,2.328,2.258,2.344,2.85,2.533,2.62,2.768,2.805,2.521,2.845,2.356,2.365,2.592,2.644,2.938,2.754,2.885,2.47,2.356,2.375,2.738,3.808,2.81,2.975,3.184,3.298,2.644,3.163,2.609,2.581,2.46,2.736,2.163,3.256,2.269,2.683,2.458,3.039,3.843,2.638,2.919,2.478,2.738,2.877,2.723,2.917,3.303,2.722,2.791,2.89,3.185,2.735,2.875,2.693,2.671,2.745,2.646,2.387,2.821,2.297,2.399,2.382,2.375,2.512,2.635,2.737,2.647,2.592,2.681,2.396,2.32,2.822,2.341,2.421,2.671,2.151,2.334,2.709,3.164,3.147,2.335,3.087,3.331,2.717,2.562,2.106,2.234,3.371,2.568,2.619,3.204,2.524,2.828,3.031,2.558,2.86
sub-128,1.807,2.044,2.243,1.984,2.179,2.38,2.634,2.575,1.707,2.492,2.59,2.547,2.121,2.36,2.107,2.392,2.059,2.99,2.503,2.096,2.844,2.48,2.409,2.836,2.345,2.984,2.235,2.813,2.176,2.359,2.593,2.824,2.952,3.027,2.49,1.946,2.119,2.359,1.919,2.592,2.362,1.999,2.635,2.613,2.149,2.112,2.398,2.187,2.366,2.036,2.322,2.106,1.842,2.799,2.507,2.954,2.637,2.222,2.991,2.515,2.86,2.539,3.179,2.633,2.442,2.539,2.514,2.458,2.98,2.789,2.457,2.598,2.431,2.457,2.58,2.705,2.735,2.685,2.547,2.638,2.45,2.537,2.286,2.496,2.44,2.365,2.504,2.814,2.571,2.812,2.919,2.824,1.936,2.881,2.048,2.338,2.567,2.29,2.376,2.785,2.643,2.679,2.416,2.637,2.358,3.317,3.021,3.033,3.028,2.712,2.761,3.584,3.059,2.606,2.643,2.457,2.173,2.822,2.655,2.324,2.25,3.01,3.35,2.399,3.027,2.913,2.705,2.71,2.557,2.536,3.137,3.134,2.885,3.104,3.057,2.357,2.942,2.595,2.672,2.465,2.376,2.104,2.773,2.167,2.205,2.255,2.706,2.539,2.547,2.451,2.524,2.303,2.948,2.718,2.341,2.55,2.401,2.098,2.646,2.436,2.342,2.599,2.805,2.9,2.485,2.747,3.131,2.401,2.504,2.313,2.189,3.201,2.461,2.95,2.725,2.647,3.012,2.808,2.719,3.153,1.795,2.389,1.992,1.975,2.174,2.347,2.64,2.358,1.538,2.567,2.485,2.653,2.291,2.274,2.498,2.23,2.177,3.029,2.265,2.224,2.436,2.858,2.334,2.509,2.847,2.673,2.248,2.672,2.132,2.629,2.927,2.766,2.731,2.735,2.382,2.202,2.169,2.516,2.011,2.474,2.537,2.07,2.428,2.573,2.192,2.171,2.464,2.042,2.167,2.181,2.329,2.063,1.807,2.449,2.45,3.225,2.771,2.021,3.035,2.663,2.528,2.801,2.579,2.489,2.163,3.009,2.624,2.436,2.698,2.638,2.527,2.913,2.463,2.742,2.626,2.843,2.534,2.519,2.568,2.436,2.556,2.513,2.327,2.371,2.306,2.325,2.629,2.612,2.476,2.726,2.826,2.454,2.41,2.551,2.135,2.369,2.468,2.761,3.117,3.114,3.074,2.558,2.427,2.939,2.78,3.178,2.845,2.879,3.181,2.896,2.789,3.221,2.848,2.634,2.697,2.241,2.277,3.732,2.28,2.754,2.317,3.357,2.623,2.911,3.338,2.822,2.675,2.841,2.681,3.048,3.219,3.449,2.945,3.127,2.747,2.606,3.011,2.644,2.594,2.691,2.413,2.092,2.696,2.287,2.291,2.281,2.625,2.77,2.532,2.51,2.776,2.334,2.783,2.789,2.124,2.9,2.447,2.392,2.361,2.627,2.155,2.554,3.034,3.247,2.506,2.748,3.308,2.672,2.587,2.23,2.565,3.425,2.524,2.724,3.248,2.824,2.967,2.497,2.671,2.946
sub-129,1.947,2.549,2.243,2.084,2.386,2.518,2.772,2.617,1.666,2.288,2.882,2.927,2.739,2.249,2.449,2.604,2.7,2.936,2.381,2.635,3.102,2.741,3.162,2.202,3.122,3.098,2.598,2.783,2.213,2.826,3.086,3.222,3.743,3.384,2.627,2.767,2.522,2.716,2.416,2.804,2.872,2.513,3.298,2.871,2.454,2.704,2.516,2.434,2.595,2.37,2.382,2.258,2.067,2.72,2.402,3.251,3.017,2.355,3.582,2.956,2.697,3.04,3.026,2.694,2.313,2.594,2.746,2.654,2.878,3.116,2.824,2.453,2.555,2.818,2.511,3.105,2.967,2.805,2.458,2.797,2.547,2.385,2.632,2.506,2.402,2.523,2.365,3.099,2.335,2.819,2.922,2.776,2.367,3.102,2.674,2.677,2.58,3.154,3.262,3.098,3.104,3.116,2.547,2.678,3.074,3.35,3.317,2.874,3.034,2.374,3.179,3.608,3.262,2.782,2.856,2.415,2.469,3.424,2.426,2.787,2.556,2.969,3.7,2.629,3.078,3.264,3.082,2.681,2.984,2.683,3.251,3.242,3.018,3,3.062,2.746,3.135,2.757,3.047,2.652,2.742,2.416,2.997,2.371,2.432,2.61,2.902,3.097,2.904,2.728,2.845,2.624,2.957,2.673,2.827,3.201,2.662,2.619,2.672,2.701,2.592,3.129,3.41,2.991,3.041,2.681,3.368,2.798,2.677,2.415,2.387,3.438,2.438,2.292,2.735,2.912,3.332,3.138,2.983,3.364,2.019,2.683,2.155,2.377,2.415,2.801,2.944,2.447,1.495,2.45,2.303,2.305,2.662,2.44,2.414,2.789,2.912,3.172,2.524,2.551,2.839,2.763,2.708,2.398,3.096,3.26,2.533,2.934,2.542,2.912,2.963,3.018,3.12,3.454,2.662,2.453,2.351,2.69,2.108,2.993,2.513,2.016,2.755,2.612,2.196,2.128,2.386,2.515,2.358,2.496,2.27,2.215,1.913,2.577,2.486,2.042,3.006,2.498,3.329,2.838,2.816,2.751,3.141,2.606,2.113,2.859,2.63,2.729,2.846,2.836,2.488,2.565,2.488,3.049,2.578,3.043,2.648,2.632,2.556,2.302,2.882,2.683,2.66,2.489,2.475,2.358,2.612,3.084,2.575,3.18,2.906,2.778,2.427,2.978,2.284,2.63,2.383,2.713,2.714,2.86,3.117,2.827,2.549,2.706,2.972,3.551,2.718,2.87,3.467,2.416,3,3.86,2.66,2.731,2.55,2.504,2.372,3.731,2.308,2.664,2.624,3.134,3.945,2.664,3.327,3.194,3.106,2.701,2.984,3.214,3.146,3.655,3.062,2.912,3.034,2.802,3.011,2.839,2.631,2.836,2.761,2.551,2.754,2.395,2.824,2.507,2.885,2.938,2.847,2.885,2.639,2.531,2.855,2.606,2.933,3.183,3.156,2.411,2.648,2.389,2.461,2.786,3.384,3.272,2.574,2.798,3.557,2.643,2.753,2.36,2.434,3.33,2.256,2.877,3.004,3.115,3.656,2.807,2.773,3.472
sub-130,1.857,2.204,1.937,2.026,2.155,2.159,2.378,2.614,1.637,2.705,2.331,2.459,2.187,2.3,2.21,2.318,2.352,2.549,1.981,2.346,2.594,2.406,2.394,2.529,2.782,3.057,2.506,2.489,2.896,2.632,2.798,2.672,2.827,2.584,2.411,2.131,2.104,2.342,2.198,2.718,2.421,2.029,2.736,2.636,2.357,2.469,2.213,2.397,2.455,2.081,2.254,2.144,1.805,2.59,2.772,3.16,2.573,2.519,2.849,2.574,2.703,2.732,2.693,2.315,2.313,2.252,2.692,2.388,2.802,2.682,2.477,2.399,2.223,2.517,2.387,2.566,2.678,2.83,2.338,2.373,2.207,2.265,2.51,2.407,2.427,2.24,2.061,2.473,2.283,2.131,2.354,2.524,2.1,2.919,2.389,2.418,2.747,2.792,2.736,2.377,2.27,2.255,2.281,2.332,2.276,3.034,3.122,2.689,2.678,2.832,2.483,3.425,2.823,2.417,2.569,2.391,2.405,3.446,2.361,2.624,2.307,2.824,3.403,2.318,2.893,2.849,2.592,2.633,2.395,2.529,2.968,2.944,2.614,2.631,2.806,2.349,2.671,2.391,2.536,2.373,2.238,2.202,2.621,2.294,2.258,2.394,2.497,2.512,2.585,2.257,2.816,2.417,2.536,2.527,2.418,2.909,2.327,2.657,2.514,2.439,2.264,2.298,2.82,2.492,2.446,2.825,3.051,2.241,2.401,2.379,2.171,3.064,2.505,2.261,2.687,2.199,3.265,2.926,2.631,3.112,1.846,2.098,2.132,1.977,2.164,2.336,2.348,2.581,1.587,2.824,2.712,2.918,2.342,2.423,2.264,2.399,2.249,3.023,2.228,2.221,2.617,2.522,2.21,2.228,2.862,3.023,2.599,2.789,2.335,2.608,2.613,2.751,2.659,2.782,2.484,2.2,2.044,2.394,2.321,2.742,2.407,2.029,2.782,2.857,2.142,2.529,1.918,2.085,2.291,2.195,2.239,1.951,1.839,2.791,2.505,2.97,2.709,2.534,2.332,2.724,2.482,2.462,2.644,2.063,2.305,2.679,2.604,2.358,2.797,2.749,2.332,2.578,2.487,2.548,2.524,2.773,2.38,2.721,2.33,2.413,2.322,2.308,2.43,2.312,2.34,2.273,2.358,2.534,2.265,2.458,2.777,2.517,2.205,2.922,1.968,2.527,2.627,2.661,2.996,2.541,2.349,2.276,2.224,2.487,2.656,3.534,2.668,2.904,2.961,2.769,2.826,3.109,3.094,2.436,2.85,2.401,2.137,3.03,2.06,2.339,2.272,3.025,3.303,2.755,2.971,2.875,2.688,2.766,2.525,2.84,3.242,3.076,2.546,2.661,2.619,2.461,2.612,2.536,2.702,2.477,2.395,2.152,2.68,2.455,2.202,2.275,2.437,2.414,2.618,2.454,2.803,2.378,2.507,2.568,2.473,2.934,2.602,2.419,2.332,2.406,2.191,2.476,2.998,2.535,2.182,2.62,2.979,2.831,2.455,2.198,2.258,3.388,2.155,2.447,2.846,2.693,2.839,2.765,2.705,2.81
sub-131,1.763,2.495,2.227,2.067,2.266,2.26,2.258,2.529,1.565,2.359,2.476,2.58,2.252,2.616,2.207,2.288,2.09,2.661,2.074,2.421,2.169,2.714,2.03,2.555,2.565,2.615,2.444,2.669,2.243,2.542,2.796,3.004,3.068,2.991,2.444,2.294,2.081,2.466,2.163,2.811,2.676,2.26,2.865,2.812,2.28,2.633,2.234,1.96,2.114,1.828,2.204,1.916,1.879,2.616,2.562,2.825,2.757,2.631,3.145,2.957,3.117,2.902,3.028,2.436,2.567,2.484,2.549,2.626,2.76,2.566,2.648,2.358,2.431,2.444,2.331,2.756,2.595,2.609,2.543,2.656,2.435,2.462,2.208,2.389,2.408,2.3,2.698,2.962,2.351,2.997,2.652,2.805,2.291,2.628,2.099,2.398,2.257,2.54,2.385,2.773,3.077,2.868,2.387,2.578,2.574,3.543,3.35,2.776,2.805,2.818,3.014,3.197,2.536,2.626,2.704,2.269,2.094,3.683,2.421,2.922,2.665,3.22,3.543,2.498,3.048,3.036,2.774,2.479,2.428,2.364,3.628,3.147,2.877,2.676,2.815,2.436,2.736,2.163,2.344,2.456,2.3,2.01,2.305,2.135,2.097,2.276,2.741,2.771,2.394,2.295,2.336,2.451,2.178,2.68,2.755,2.828,2.152,2.146,2.121,2.384,2.464,2.555,3.111,3.045,2.249,2.711,3.606,2.777,2.601,2.27,2.247,3.021,2.383,2.545,2.798,2.631,2.812,2.911,2.726,3.505,1.832,2.329,2.258,2.003,2.257,2.378,2.703,2.517,1.613,2.25,2.65,2.384,2.371,2.716,2.451,2.512,1.851,2.84,2.256,2.372,2.84,2.777,2.25,2.432,2.741,2.686,2.274,2.641,2.191,2.618,2.881,2.86,2.906,3.216,2.407,2.121,2.119,2.407,2.029,2.917,2.767,1.922,2.743,2.417,1.876,2.266,2.203,1.929,2.149,2.065,2.257,2.036,1.929,2.334,2.102,2.938,2.929,2.209,2.794,2.873,2.606,2.914,2.884,2.376,2.27,2.514,2.446,2.332,2.649,2.853,2.529,2.818,2.455,2.661,2.853,2.819,2.559,2.367,2.372,2.568,2.32,2.569,2.486,2.474,2.648,2.522,2.441,2.619,2.29,2.657,2.643,2.799,2.252,2.903,1.953,2.188,2.605,2.471,2.594,2.741,2.698,2.834,2.767,2.368,2.684,3.626,2.771,2.918,2.794,2.963,2.777,3.129,3.022,2.647,2.947,2.08,2.214,3.474,2.356,2.992,2.691,3.212,3.644,2.605,3.032,2.937,2.598,3.003,2.738,2.695,3.344,3.272,2.647,2.966,2.743,2.806,2.665,2.875,2.569,2.404,2.432,2.227,2.295,2.325,2.249,2.275,2.562,2.391,2.5,2.352,2.443,2.32,2.195,2.445,2.177,2.118,2.679,2.437,2.53,2.173,2.476,2.411,2.686,3.028,2.129,2.701,3.467,2.888,2.739,2.24,2.56,3.359,2.402,2.297,2.979,2.518,2.939,2.824,3.135,3.213
sub-132,2.077,2.449,2.237,2.061,2.316,2.299,2.56,2.912,1.847,2.555,2.703,3.033,2.238,2.665,2.363,2.48,2.159,2.741,2.158,2.595,2.384,2.324,2.443,2.467,3.19,2.892,2.627,2.977,2.499,2.75,2.749,2.976,2.981,3.182,2.223,2.34,2.368,2.572,2.326,2.88,2.676,2.556,2.598,2.68,2.451,2.422,2.53,2.168,2.602,2.337,2.521,2.449,2.166,2.774,2.869,3.338,2.822,2.411,2.625,2.715,2.905,2.558,2.864,2.55,2.169,2.493,2.604,2.467,2.739,2.95,2.637,2.652,2.623,2.332,2.606,2.72,2.711,2.679,2.415,2.569,2.438,2.711,2.327,2.526,2.276,2.377,2.578,2.664,2.491,2.752,2.517,2.756,2.125,3.084,2.308,2.508,2.673,2.833,2.854,2.887,2.588,2.72,2.199,2.653,2.845,3.59,3.057,2.93,3.257,2.741,2.83,3.824,2.974,2.463,2.457,2.75,2.404,3.749,2.673,3.08,2.439,3.406,3.694,2.822,3.144,3.262,2.728,2.853,2.482,2.698,3.714,3.392,2.872,3.009,2.857,2.449,3.045,2.373,2.67,2.829,2.31,2.184,2.767,2.198,2.33,2.284,3.153,2.771,2.61,2.494,2.612,2.305,2.932,2.66,2.499,2.707,2.442,2.232,2.385,2.415,2.558,2.68,3.209,3.251,2.519,2.458,3.376,2.601,2.562,2.365,2.496,3.381,2.638,2.239,3.034,2.777,3.292,2.596,2.673,3.443,2.094,2.588,2.311,2.184,2.327,2.506,2.845,2.755,1.841,2.636,2.264,2.76,2.42,2.54,2.585,2.248,2.13,2.795,2.178,2.742,2.839,2.617,2.94,2.23,3.157,2.887,2.583,2.646,2.608,2.736,2.986,2.739,3.187,3.185,2.634,2.387,2.271,2.413,2.567,2.673,2.554,2.516,2.809,2.619,2.311,2.389,2.578,2.118,2.48,2.378,2.486,2.329,2.188,2.978,2.932,2.866,2.759,2.15,3.198,2.555,2.877,2.74,2.856,2.01,2.327,2.827,2.388,2.234,2.83,2.726,2.409,2.733,2.497,2.84,2.63,2.765,2.563,2.61,2.224,2.496,2.395,2.317,2.341,2.427,2.496,2.313,2.499,2.693,2.399,2.745,2.754,2.524,2.231,3.309,2.449,2.589,2.843,2.677,3.04,2.66,2.795,2.359,2.352,2.689,2.842,3.317,2.937,2.627,3.237,3.291,2.723,4.248,3.279,2.494,2.579,2.895,2.446,3.668,2.452,2.812,2.293,3.367,3.638,2.859,3.37,3.237,2.569,2.876,2.849,2.98,3.607,3.724,2.847,3.171,2.719,2.562,2.976,2.568,2.903,2.674,2.52,2.243,2.692,2.433,2.436,2.58,3.121,2.924,2.576,2.726,2.659,2.432,3.099,2.581,2.333,2.454,2.794,2.365,3.002,2.653,2.337,2.663,2.939,3.034,2.562,2.553,3.031,2.567,2.359,2.288,2.279,3.62,2.43,2.857,3.241,2.999,3.039,2.477,2.593,3.399
sub-133,1.771,2.138,2.445,2.011,2.401,2.357,2.516,2.666,1.775,2.412,2.313,2.583,2.155,2.852,2.593,2.461,2.315,2.672,2.582,2.461,2.384,3.012,2.78,2.303,2.86,2.789,2.436,2.554,2.518,2.567,2.944,2.87,3.008,3.063,2.511,2.425,2.262,2.477,2.359,2.794,2.622,2.212,2.757,2.596,2.404,2.368,2.259,2.169,2.32,2.161,2.369,2.099,2.029,2.878,2.852,3.032,2.707,2.666,2.539,2.785,2.925,2.826,2.88,2.598,2.31,2.651,2.671,2.51,2.843,2.857,2.58,2.575,2.453,2.81,2.682,2.938,2.759,2.744,2.482,2.652,2.716,2.61,2.511,2.53,2.757,2.528,2.329,2.751,2.355,2.333,2.981,2.729,2.215,3.049,2.076,2.393,2.527,2.802,2.774,3.066,3.267,2.757,2.526,2.599,2.558,3.486,3.219,2.961,3.115,3.196,3.079,3.789,2.99,2.6,2.444,2.541,2.253,3.432,2.592,2.746,2.529,3.038,3.709,2.73,3.2,2.795,2.771,3.18,2.573,2.603,3.518,3.121,2.84,2.871,3.03,2.606,2.825,2.442,2.625,2.43,2.32,2.58,2.728,2.404,2.309,2.591,2.726,2.531,2.508,2.516,2.618,2.314,2.516,2.747,2.388,2.551,2.475,2.395,2.233,2.529,2.452,2.474,3.031,2.978,2.269,2.601,3.067,2.71,2.748,2.485,2.501,3.476,2.766,2.513,3.073,2.759,2.992,3.169,2.817,2.899,1.931,2.364,2.184,2.063,2.346,2.517,2.842,2.745,1.663,2.56,2.592,2.518,2.548,2.392,2.288,2.574,2.328,2.87,2.364,2.37,2.739,2.991,2.48,2.205,3.024,2.775,2.246,2.689,2.311,2.666,2.784,3.044,3.046,2.834,2.434,2.26,2.218,2.419,2.219,2.568,2.436,2.076,2.5,2.584,2.218,2.421,2.33,2.113,2.245,2.226,2.289,2.141,2.042,2.649,2.533,3.104,2.882,2.293,2.65,2.491,2.433,2.546,2.797,2.219,1.858,2.608,2.634,2.387,2.559,2.704,2.198,2.265,2.396,2.701,2.545,2.654,2.699,2.674,2.445,2.462,2.576,2.585,2.449,2.285,2.305,2.409,2.427,2.579,2.226,2.604,2.72,2.589,2.071,3.006,2.216,2.36,2.693,2.812,2.925,2.643,3.046,2.45,2.487,2.629,2.577,3.23,2.944,2.845,3.042,3.488,2.914,3.535,2.973,2.597,2.61,2.413,2.156,3.095,2.668,2.604,2.73,3.134,3.541,2.846,3.181,3.158,2.626,3.186,2.599,2.907,3.475,3.383,2.923,2.914,3.187,2.555,2.96,2.645,2.952,2.722,2.326,2.168,2.637,2.169,2.45,2.273,2.661,2.745,2.423,2.482,2.698,2.276,2.833,3.01,2.435,2.673,2.624,2.456,2.731,2.302,2.311,2.396,3.02,2.824,2.686,2.694,3.294,2.915,2.5,2.192,2.572,3.353,2.569,2.445,3.282,2.609,3.288,2.913,2.545,2.501
sub-134,1.959,2.201,2.334,2.011,2.284,2.32,2.194,2.555,1.669,2.5,2.341,2.175,2.278,2.634,2.175,2.141,1.958,2.6,2.108,2.16,2.676,2.796,2.436,2.558,2.908,2.539,2.309,2.793,2.326,2.515,2.591,2.79,2.85,2.851,2.493,2.248,2.256,2.56,2.187,2.675,2.389,2.09,2.621,2.61,2.23,2.473,2.379,2.244,2.479,2.024,2.308,2.171,1.854,2.708,2.499,2.944,2.707,2.714,2.839,2.775,2.629,2.735,2.495,2.356,2.177,2.52,2.654,2.276,2.659,2.821,2.606,2.513,2.24,2.711,2.562,2.669,2.454,2.551,2.36,2.474,2.632,2.251,2.251,2.428,2.504,2.268,2.337,2.68,2.085,2.702,2.384,2.726,2.216,3.038,2.241,2.226,2.525,2.624,2.998,2.622,2.68,2.725,2.338,2.47,2.573,3.24,3.139,2.858,3.129,2.26,2.794,3.884,2.928,2.627,2.645,2.511,2.238,3.156,2.695,2.62,2.512,3.088,3.425,2.592,3.375,3.245,2.912,2.755,2.727,2.936,3.559,3.108,3.105,2.802,2.658,2.56,2.836,2.554,2.791,2.546,2.533,2.31,2.755,2.366,2.383,2.322,2.754,2.55,2.602,2.495,2.634,2.376,2.53,2.419,2.766,2.504,2.887,2.577,2.186,2.493,2.345,2.638,3.053,2.691,2.149,2.775,3.107,2.454,2.531,2.334,2.42,3.469,2.883,2.513,3.129,2.674,2.783,3.261,2.912,2.793,1.876,2.429,2.115,2.072,2.293,2.457,2.271,2.398,1.569,2.268,2.209,2.747,2.045,2.744,2.321,2.01,2.209,2.699,2.276,2.245,2.789,3.054,2.436,2.519,2.774,2.856,2.367,2.682,2.08,2.639,3.044,2.675,2.849,2.639,2.254,2.073,2.143,2.425,2.187,2.779,2.329,2.206,2.476,2.553,2.136,2.378,2.186,2.272,2.331,2.176,2.225,2.003,1.755,2.641,2.389,2.75,2.74,2.899,2.908,2.772,2.529,2.673,2.677,2.653,2.067,2.336,2.345,2.256,2.762,2.503,2.303,2.408,2.268,2.673,2.53,2.854,2.404,2.492,2.49,2.398,2.358,2.506,2.325,2.24,2.286,2.27,2.468,2.552,2.359,2.734,2.691,2.6,2.303,2.936,1.963,2.189,2.512,2.279,3.062,2.719,2.973,2.661,2.533,2.391,2.565,3.416,2.793,2.944,3.272,3.448,2.831,3.694,3.174,2.742,2.729,2.513,2.177,3.736,2.528,2.611,2.502,3.516,3.453,2.721,3.046,3.441,2.743,2.952,2.571,2.953,3.353,3.428,2.7,2.925,2.843,2.425,2.809,2.993,2.741,2.508,2.454,2.267,2.828,2.196,2.169,2.249,3.12,2.778,2.502,2.374,2.482,2.276,2.908,2.661,2.576,2.979,2.87,2.391,2.139,2.222,2.203,2.316,3.154,2.838,2.696,2.931,3.31,2.797,2.468,2.346,2.42,3.209,2.606,2.635,3.043,2.562,3.133,2.75,2.408,3.201
sub-135,1.561,2.185,1.811,1.874,2.238,2.306,2.545,2.566,1.747,2.284,2.395,2.332,2.161,2.285,2.355,2.062,2.21,2.798,2.122,2.367,2.235,2.529,2.412,2.054,2.607,3.108,2.553,2.532,2.79,2.753,2.606,3.174,2.933,2.911,2.639,2.207,2.168,2.517,2.11,2.573,2.52,2.229,2.533,2.645,2.384,2.427,2.23,2.36,2.591,2.167,2.516,2.16,1.892,2.738,2.63,3.11,2.648,2.433,2.515,2.805,2.685,2.747,2.878,3.012,2.121,3.43,2.839,2.395,2.715,2.916,2.714,2.583,2.394,2.445,2.661,2.573,2.711,2.679,2.549,2.447,2.433,2.365,2.277,2.491,2.431,2.363,2.65,2.71,2.477,2.818,2.778,2.841,2.308,3.291,2.068,2.376,2.504,2.714,2.902,2.795,2.561,2.625,2.6,2.325,2.396,3.209,2.679,2.668,3.11,2.759,2.662,3.832,2.818,2.654,2.899,2.096,2.156,3.078,2.012,2.307,2.585,2.624,3.741,2.389,3.114,2.437,2.649,3.077,2.638,2.59,3.216,3.107,2.91,2.944,2.931,2.98,3.096,2.591,2.472,2.576,2.288,1.88,2.915,2.129,2.127,2.1,2.623,2.583,2.381,2.636,2.522,2.313,2.339,2.309,2.105,2.977,2.381,2.325,2.55,2.11,2.57,2.506,2.576,2.876,2.315,2.648,3.286,2.751,2.482,2.449,2.456,3.163,2.464,2.34,2.586,2.918,2.827,2.79,2.748,2.767,1.595,2.532,1.869,1.79,2.032,2.319,2.236,2.463,1.596,2.481,2.45,2.942,2.578,2.302,2.542,2.367,2.092,2.943,2.457,2.519,2.505,2.549,2.422,2.302,2.868,2.672,2.558,2.754,2.446,2.772,2.692,2.965,3.033,3.226,2.498,2.244,2.35,2.374,2.445,2.572,2.629,2.051,2.645,2.478,2.485,2.369,2.075,1.906,2.26,2.186,2.322,2.095,1.868,2.495,2.387,3.071,2.812,2.094,2.841,2.488,2.526,2.775,2.918,2.492,2.253,2.487,2.658,2.394,2.86,2.889,2.263,2.529,2.345,2.809,2.426,2.689,2.567,2.766,2.712,2.454,2.204,2.366,2.356,2.323,2.331,2.355,2.495,2.575,2.248,2.423,2.681,2.686,2.049,2.648,2.04,2.258,2.508,2.338,2.911,2.776,2.736,2.807,2.266,2.594,2.578,3.327,2.736,2.88,2.969,3.028,2.594,3.402,2.819,2.577,3.007,2.485,2.216,3.243,1.973,2.615,1.764,2.969,3.048,2.553,2.902,2.354,2.698,2.889,2.573,2.943,3.152,3.515,2.831,2.875,2.633,2.675,2.983,2.796,2.588,2.609,2.175,2.141,2.898,2.158,2.35,2.358,2.459,2.487,2.323,2.523,2.748,2.399,2.044,2.246,2.184,2.686,3.043,2.174,2.389,2.134,2.506,2.379,2.924,2.715,2.337,2.808,2.953,2.875,2.456,2.288,2.045,3.024,2.343,2.284,2.807,2.517,2.916,2.688,2.31,2.876
sub-136,1.822,2.476,2.26,2.127,2.423,2.309,2.479,2.73,1.802,2.597,2.615,3.128,2.667,2.542,2.407,2.604,2.181,2.728,2.341,2.154,2.851,2.601,2.481,2.353,2.851,3.084,2.515,2.682,2.773,2.871,2.716,2.828,3.025,2.916,2.539,2.353,2.184,2.248,2.419,2.63,2.754,2.462,2.868,2.691,2.292,2.392,2.366,2.247,2.189,2.313,2.409,2.129,1.932,2.77,2.673,3.018,2.601,2.714,2.811,2.949,2.941,2.901,3.025,2.386,2.642,2.757,2.656,2.581,2.866,3.229,2.719,2.59,2.42,2.433,2.632,2.768,2.913,2.576,2.606,2.536,2.57,2.456,2.469,2.618,2.456,2.435,2.549,3.143,2.406,2.8,2.859,2.794,2.23,2.805,2.201,2.397,2.54,2.591,2.851,2.91,2.665,2.693,2.539,2.438,2.575,3.214,3.033,2.959,2.986,3.174,2.902,3.666,2.969,2.467,3.041,2.398,2.311,3.34,2.753,2.085,2.743,3.209,2.962,2.711,3.227,2.863,2.912,2.972,2.422,2.612,3.633,3.237,3.146,2.758,2.812,2.501,2.969,2.588,2.719,2.917,2.346,2.293,2.941,2.326,2.374,2.275,2.754,2.584,2.596,2.494,2.505,2.374,2.264,2.457,2.365,2.708,2.776,2.39,2.795,2.565,2.703,2.375,2.671,2.943,2.435,2.88,3.209,2.564,2.521,2.55,2.518,3.496,2.544,2.438,3.074,2.757,2.827,2.92,2.918,2.9,1.961,2.467,2.25,2.136,2.342,2.279,2.87,2.632,1.776,2.557,2.38,2.548,2.463,2.383,2.658,2.657,2.348,3.011,2.247,2.417,2.639,2.277,2.718,2.521,2.766,2.825,2.44,2.881,2.393,2.733,3.011,2.704,2.833,3.097,2.681,2.637,2.35,2.3,2.378,2.598,2.657,2.462,2.716,2.606,2.334,2.487,2.339,2.045,2.338,2.372,2.438,2.115,1.9,2.854,2.78,2.859,2.791,2.825,2.863,2.808,2.784,2.576,2.866,2.398,2.721,2.482,2.495,2.485,2.754,2.79,2.384,2.675,2.599,2.613,2.612,3.05,2.616,2.637,2.467,2.578,2.23,2.612,2.566,2.452,2.492,2.341,2.546,2.601,2.497,2.769,2.722,2.604,1.958,2.775,2.142,2.674,2.714,2.51,2.898,2.812,3.306,2.743,2.444,2.358,2.698,2.808,3.041,2.723,3.007,3.019,2.971,3.438,3.041,2.404,2.772,2.854,2.237,3.27,2.711,2.326,2.59,3.689,3.495,2.499,3.143,3.064,2.697,3.229,2.438,2.83,3.474,3.496,2.872,3.002,2.784,2.902,2.871,2.906,2.701,2.793,2.595,2.441,2.923,2.173,2.265,2.251,2.861,2.53,2.642,2.409,2.695,2.722,2.275,2.475,2.471,2.52,2.47,2.446,2.556,2.604,2.294,2.55,2.796,2.81,2.557,2.438,3.756,2.768,2.503,2.401,2.539,3.26,2.685,2.403,2.951,2.857,2.77,3.19,2.703,2.858
sub-137,1.892,2.431,2.101,1.922,2.2,2.487,2.715,2.845,1.951,2.614,2.611,3.223,2.285,2.557,2.326,2.541,2.264,2.868,2.502,2.544,3.096,2.615,2.477,2.745,3.062,3.198,2.631,3.391,2.876,2.577,2.668,2.763,2.97,3.015,2.501,2.467,2.173,2.446,2.058,3.014,2.873,2.224,2.747,2.856,2.515,2.898,2.505,2.228,2.825,2.332,2.721,2.416,1.946,3.256,2.789,3.335,2.702,2.818,3.006,2.68,2.942,2.724,3.236,2.466,2.579,2.545,2.916,2.654,2.998,3.036,2.608,2.678,2.816,2.758,2.754,3.272,2.938,2.803,2.597,2.705,2.682,2.47,2.609,2.973,2.522,2.442,2.571,3.01,2.699,2.945,3.235,2.984,2.285,3.504,2.288,2.757,2.823,2.986,2.919,2.938,2.989,2.76,2.355,2.465,2.68,3.814,3.558,3.1,3.27,3.205,2.922,3.746,3.302,2.685,2.681,2.468,2.375,3.201,2.449,2.885,2.497,3.445,3.851,2.98,3.314,2.727,2.758,3.249,2.816,2.947,3.657,3.105,3.186,3.297,3.23,2.8,2.704,2.59,2.738,2.679,2.5,2.191,3.143,2.555,2.507,2.563,2.851,2.962,2.605,2.582,2.797,2.429,2.523,2.933,2.27,3.138,2.87,2.835,2.522,2.338,2.439,2.827,3.096,2.929,2.419,2.87,3.277,2.674,2.718,2.473,2.362,3.337,2.918,2.894,3.356,2.691,3.023,2.758,2.752,3.195,1.965,2.654,2.234,2.048,2.242,2.446,2.564,2.744,1.737,3.063,3.039,3.006,2.222,2.698,2.379,2.508,2.267,2.943,2.183,2.593,2.83,2.81,2.8,2.758,3.182,2.855,2.65,2.878,2.825,2.725,2.567,2.877,2.908,3.126,2.45,2.5,2.461,2.568,2.425,3.004,2.714,2.517,2.84,2.805,2.787,2.477,2.579,2.467,2.364,2.397,2.523,2.362,2.04,3.056,2.891,3.119,2.688,2.476,3.102,2.889,2.998,2.842,2.965,2.718,2.295,2.74,2.877,2.588,2.698,3.031,2.736,2.893,2.859,2.551,2.729,2.975,2.806,2.606,2.812,2.611,2.622,2.497,2.67,2.775,2.679,2.556,2.72,2.739,2.601,2.84,2.937,2.601,2.463,3.529,2.442,2.595,2.988,2.978,3.189,2.837,3.03,2.566,2.567,2.538,2.744,3.371,3.282,2.906,3.117,3.391,3.015,3.513,3.476,2.589,2.661,2.807,2.583,3.571,2.735,2.738,2.758,3.714,4.033,2.832,3.404,3.263,2.628,3.002,2.854,3.112,4.099,3.508,2.885,2.933,3.055,2.556,3.148,2.63,2.923,2.649,2.651,2.341,2.989,2.673,2.682,2.663,2.957,2.971,2.854,2.803,2.547,2.302,2.073,2.432,2.407,2.777,2.461,2.851,2.604,2.069,2.375,2.682,2.958,2.893,2.475,2.692,3.527,3.033,2.571,2.366,2.909,3.665,2.622,2.802,3.404,2.801,3.397,2.945,2.741,3.238
sub-138,2.051,2.356,2.086,2.269,2.283,2.238,2.612,2.662,1.714,2.539,2.607,2.926,2.155,2.454,2.45,2.552,2.247,2.709,2.291,2.444,2.447,2.601,2.366,2.769,2.901,2.862,2.157,2.761,2.405,2.447,2.492,2.852,2.714,2.982,2.273,2.306,2.243,2.279,2.305,2.799,2.594,2.131,2.848,2.571,2.358,2.545,2.363,2.083,2.594,2.093,2.427,2.205,1.962,3.072,2.662,2.854,2.792,2.895,2.832,2.417,2.798,2.68,2.763,2.523,2.577,2.669,2.554,2.673,2.702,2.76,2.57,2.685,2.543,2.559,2.505,2.76,2.825,2.601,2.537,2.659,2.398,2.406,2.421,2.593,2.212,2.411,2.374,2.892,2.421,2.722,2.717,2.939,2.24,2.754,2.276,2.494,2.205,2.469,2.815,2.618,2.533,2.676,2.65,2.346,2.514,3.634,2.493,2.757,2.986,2.804,2.672,3.795,2.843,2.43,2.527,2.388,2.471,3.616,2.198,2.47,2.455,2.848,3.325,2.293,2.82,2.628,2.73,2.689,2.514,2.501,3.039,3.21,2.904,2.713,2.947,2.565,2.892,2.386,2.484,2.262,2.345,2.411,2.505,2.48,2.249,2.417,2.436,2.475,2.484,2.649,2.578,2.118,2.475,2.519,2.177,2.742,2.461,2.44,2.374,2.607,2.311,2.534,3.008,2.514,2.158,2.85,3.489,2.669,2.455,2.353,2.396,3.147,2.57,2.314,2.641,2.723,2.41,2.732,2.557,3.004,2.037,2.121,2.397,2.177,2.298,2.388,2.646,2.58,1.61,2.451,2.464,2.712,2.032,2.521,2.447,2.441,2.192,3.172,2.231,2.209,2.969,2.972,2.301,2.607,2.871,2.829,2.309,2.617,2.483,2.526,2.7,2.969,3.104,2.816,2.165,2.312,2.217,2.343,2.396,2.585,2.492,2.232,2.611,2.622,2.378,2.227,2.452,2.121,1.964,2.146,2.32,2.146,1.902,2.693,2.579,2.789,2.573,2.685,2.766,2.613,2.719,2.704,2.543,2.7,2.171,2.523,2.665,2.464,2.681,2.71,2.303,2.45,2.408,2.773,2.493,2.921,2.615,2.762,2.469,2.565,2.406,2.468,2.318,2.483,2.389,2.331,2.61,2.709,2.437,2.498,2.791,2.634,2.403,2.469,2.379,2.566,2.621,2.696,2.958,2.689,3.049,2.753,2.367,2.326,2.68,3.508,2.79,2.934,3.185,2.895,2.447,3.34,2.845,2.781,2.56,2.475,2.254,3.671,2.171,2.732,2.115,2.905,2.927,2.536,3.048,3.023,2.62,2.85,2.631,2.747,3.29,3.21,3.023,2.894,2.51,2.548,3.046,2.987,2.705,2.77,2.488,2.493,2.621,2.374,2.433,2.361,2.715,2.698,2.411,2.567,2.642,2.463,2.595,2.48,2.313,2.798,2.557,2.488,2.484,2.494,2.146,2.36,2.852,2.269,2.311,2.775,3.083,2.888,2.536,2.504,2.367,3.307,2.685,2.543,2.912,2.651,3.11,2.652,2.571,2.958
sub-139,1.821,2.548,2.13,2.156,2.487,2.553,2.567,2.929,1.833,2.436,2.349,3.007,2.335,2.727,2.342,2.699,2.114,2.891,2.43,2.241,2.994,3.074,2.35,2.653,2.835,2.895,2.271,3.206,2.287,2.907,2.554,3.049,3.257,3.413,2.551,1.992,1.992,2.371,2.079,2.925,2.631,2.434,2.774,2.93,2.397,2.316,2.575,2.184,2.385,2.058,2.615,2.246,1.985,3.11,2.956,3.37,2.897,2.824,3.055,2.573,2.716,3.149,3.215,2.589,2.404,2.456,2.681,2.682,3.126,3.264,3.106,2.782,2.69,3.006,2.763,2.743,2.697,2.742,2.786,2.943,2.889,2.686,2.586,2.783,2.79,2.576,2.895,2.935,2.57,2.846,2.847,2.748,2.256,3.219,2.199,2.613,2.651,2.787,3.113,2.943,3.225,2.668,2.496,2.661,2.738,3.019,2.972,2.894,3.191,2.989,2.926,3.63,2.848,2.71,2.934,2.601,2.172,3.453,2.538,2.519,2.292,2.876,4.018,2.661,3.371,3.264,2.87,2.932,2.731,2.764,3.453,3.538,3.118,2.826,2.757,2.594,2.56,2.478,2.596,2.566,2.148,2.365,2.863,2.395,2.426,2.312,2.54,2.857,2.526,2.4,2.937,2.919,2.526,2.853,2.327,2.834,2.408,2.344,2.542,2.561,2.464,2.873,3.202,2.905,3.038,2.791,3.213,2.755,2.629,2.54,2.668,3.267,2.691,2.66,3.086,2.791,3.195,2.892,2.798,3.362,2.004,2.658,2.362,2.182,2.489,2.464,2.272,2.818,1.707,2.961,2.547,3.552,2.479,2.657,2.61,2.504,2.002,3.124,2.35,2.51,3.082,2.741,2.892,2.69,3.064,3.581,2.21,3.1,2.469,2.598,2.887,3.078,2.909,3.018,2.579,2.424,2.091,2.334,2.407,2.863,2.723,2.832,2.999,2.923,2.005,3.202,2.448,2.176,2.046,2.418,2.468,2.073,1.958,3.23,2.682,3.382,2.933,2.066,3.089,3.012,3.058,3.136,3.165,2.95,2.564,2.822,2.564,2.608,3.196,3.269,2.989,2.813,2.668,2.877,3.012,2.956,2.797,2.855,2.579,2.708,2.577,2.779,2.828,2.674,2.628,2.718,2.663,2.717,2.735,2.593,3.094,2.998,2.1,3.416,2.258,2.662,2.728,2.645,3.275,3.143,3.109,3.032,2.384,2.531,2.753,3.024,3.195,3.128,3.306,3.082,3.044,3.281,3.503,2.694,2.861,2.242,2.354,3.546,2.502,2.397,2.409,3.348,3.769,2.912,3.629,3.369,2.73,3.18,2.759,3.121,3.569,3.582,2.994,2.923,3.278,3.114,3.211,2.79,2.89,2.787,2.371,2.293,2.786,2.257,2.404,2.206,2.825,2.606,2.579,2.545,2.913,2.54,2.929,2.759,2.476,2.916,2.547,2.469,2.463,2.572,2.172,2.556,3.435,3.047,2.655,2.867,3.081,2.796,2.768,2.418,2.685,3.562,2.886,2.918,3.366,2.939,3.202,2.868,2.964,3.197
sub-140,1.928,2.526,2.125,2.039,2.365,2.33,3.022,2.813,1.844,2.574,2.186,2.923,2.19,2.587,2.252,2.315,2.256,2.655,2.36,2.346,3.235,2.804,2.516,2.586,2.535,2.861,2.556,3.062,2.425,2.616,2.801,2.983,3.057,3.148,2.266,2.437,2.172,2.567,2.226,2.915,2.469,2.142,2.763,2.571,2.186,2.197,2.457,2.238,2.185,2.298,2.631,2.264,2.004,2.878,2.715,2.905,2.873,2.548,3.103,2.858,2.76,2.924,2.847,2.431,2.233,2.363,2.746,2.515,2.767,2.888,2.623,2.67,2.522,2.625,2.509,2.702,2.689,2.542,2.467,2.314,2.464,2.464,2.449,2.511,2.473,2.344,2.449,2.732,2.45,2.577,2.808,3.118,2.328,2.91,2.232,2.585,2.861,2.98,2.909,2.699,2.533,2.368,2.586,2.399,2.509,3.069,2.842,2.912,3.143,2.91,2.746,3.668,3.031,2.489,2.305,2.414,2.183,3.421,2.578,2.657,2.277,3.282,3.75,2.589,3.305,3.095,2.809,2.861,2.484,2.783,3.451,2.988,2.773,2.719,2.891,2.635,2.676,2.466,2.738,2.311,2.323,2.137,2.774,2.367,2.33,2.093,2.823,2.743,2.822,2.418,2.706,2.583,2.598,2.459,2.488,2.866,2.509,2.295,2.435,2.466,2.248,2.311,2.88,2.506,2.222,2.728,2.901,2.618,2.484,2.336,2.729,3.396,2.625,2.427,3.086,2.74,3.176,2.772,2.907,3.238,2.012,2.488,2.125,2.19,2.257,2.25,2.444,2.515,1.716,2.549,2.322,2.717,2.401,2.596,2.355,2.489,2.173,2.794,2.124,2.31,2.504,2.446,2.24,2.793,2.808,2.949,2.629,2.999,2.143,2.629,2.739,2.953,2.76,3.039,2.34,2.498,2.264,2.37,2.056,2.889,2.59,2.163,2.631,2.511,2.269,2.219,2.408,1.857,2.316,2.186,2.577,2.198,1.814,2.786,2.588,2.874,2.609,2.215,2.797,2.788,2.727,2.753,2.673,2.394,2.15,2.574,2.873,2.347,2.639,2.971,2.34,2.626,2.279,2.327,2.473,2.663,2.65,2.528,2.366,2.399,2.237,2.566,2.332,2.533,2.08,2.233,2.36,2.507,2.334,2.554,2.775,2.468,2.215,2.798,2.005,2.448,2.579,2.948,2.675,2.961,2.865,2.473,2.393,2.37,2.695,2.959,2.725,2.615,2.675,3.339,2.609,3.151,3.029,2.428,2.328,2.333,2.249,3.576,2.151,2.903,2.421,3.321,3.326,2.671,3.206,3.158,2.616,3.105,2.565,2.802,3.305,3.532,2.761,3.151,2.807,2.402,2.903,2.738,2.699,2.585,2.303,2.091,2.801,2.209,2.192,2.271,2.783,2.621,2.59,2.731,2.404,2.276,2.718,2.293,2.482,2.557,2.545,2.34,2.573,2.325,2.162,2.509,2.847,2.632,2.433,2.705,2.975,2.483,2.496,2.158,2.516,3.386,2.41,2.499,3.283,2.705,2.846,2.495,2.493,2.892
sub-141,1.871,2.348,1.854,2.081,2.268,2.42,2.391,2.695,1.612,2.401,2.574,3.06,2.376,2.497,2.366,2.194,2.07,2.77,2.399,1.929,3.207,2.809,2.372,2.643,2.864,2.976,2.311,2.771,2.783,2.59,2.741,3.092,3.178,3.268,2.586,2.328,2.247,2.264,2.089,2.597,2.589,2.239,2.965,2.716,2.46,2.364,2.507,1.844,2.098,2.198,2.41,2.167,1.885,2.844,2.783,3.193,2.83,2.596,2.855,2.569,2.595,2.706,2.811,2.106,2.286,2.619,2.801,2.523,2.774,2.944,2.437,2.741,2.307,2.843,2.724,2.422,2.657,2.643,2.563,2.565,2.469,2.392,2.403,2.348,2.067,2.109,2.396,2.987,2.174,2.725,2.543,3.017,2.353,3.084,2.121,2.503,2.418,2.812,2.832,2.908,2.931,2.636,2.171,2.408,2.602,3.882,2.815,2.843,3.24,3.35,2.693,3.937,2.998,2.308,3.014,2.559,2.118,3.713,2.618,3.034,2.157,3.371,3.832,2.428,3.236,3.358,2.68,3.088,2.473,2.705,3.322,3.204,3.303,3.021,2.751,2.689,2.861,2.64,2.835,2.269,2.343,2.252,2.672,2.091,2.228,2.161,3.025,2.808,2.6,2.286,2.479,2.281,2.584,2.654,2.384,2.276,2.322,1.9,2.449,2.682,2.436,2.814,2.934,3.011,2.278,2.916,3.227,2.964,2.564,2.27,2.409,3.715,2.416,2.67,3.03,2.864,2.992,2.724,2.648,3.238,1.973,2.145,2.173,2.258,2.263,2.312,2.678,2.706,1.604,2.902,2.226,2.782,2.217,2.489,2.226,2.184,2,2.787,2.378,2.124,2.826,2.679,2.166,2.198,3.169,2.791,2.247,2.74,2.621,2.637,2.923,2.961,2.857,2.807,2.363,2.313,2.091,2.33,2.297,2.663,2.295,2.139,2.953,2.77,2.449,1.986,2.48,2.056,2.489,2.166,2.456,2.052,1.908,2.759,2.592,2.761,2.884,2.095,3.082,2.599,2.598,2.723,2.751,2.36,2.245,2.31,2.42,2.278,2.807,2.634,2.299,2.772,2.32,2.924,2.98,2.613,2.75,2.545,2.473,2.467,2.598,2.608,2.371,2.272,2.271,2.2,2.437,2.576,2.376,2.661,2.906,2.477,2.509,3.029,2.216,2.55,2.766,2.66,3.064,2.91,3.233,2.709,2.404,2.387,2.849,4.182,2.826,2.796,3.566,3.294,2.489,3.594,3.357,2.776,2.868,2.585,2.019,3.92,2.42,3.003,2.262,3.443,3.475,2.783,2.995,3.795,2.696,3.082,2.634,2.935,3.525,3.083,2.956,3.123,2.873,2.867,3.234,2.471,2.806,2.595,2.224,2.207,2.762,2.041,2.327,2.2,2.966,2.969,2.689,2.412,2.863,2.434,2.652,2.391,2.694,2.654,2.22,2.503,2.613,2.703,2.225,2.42,3.183,3.049,2.295,2.653,3.639,2.755,2.662,2.2,2.439,3.476,2.475,2.712,2.792,3.016,3.214,2.694,2.609,3.12
sub-142,1.903,2.395,2.05,2.063,2.209,2.226,2.269,2.621,1.544,2.508,2.706,2.806,2.154,2.671,2.203,2.154,1.886,2.601,2.197,2.407,2.77,2.612,2.291,2.334,2.415,2.911,2.188,2.538,2.148,2.463,3.008,2.903,3.036,2.75,2.422,2.215,2.122,2.593,2.185,2.434,2.751,1.99,2.383,2.527,2.224,2.031,2.164,2.067,2.048,2.059,2.273,2.009,2.009,2.693,2.39,3.332,2.748,2.713,3.101,2.679,2.881,2.984,2.926,2.497,2.515,2.487,2.935,2.47,2.923,2.808,2.558,2.409,2.641,2.837,2.337,2.706,2.921,2.758,2.554,2.299,2.533,2.365,2.343,2.602,2.452,2.201,2.467,2.649,2.236,2.646,2.845,2.702,2.066,2.689,2.096,2.38,2.544,2.656,2.918,2.774,2.728,2.749,2.55,2.457,2.498,3.512,2.886,2.622,2.995,2.769,2.697,3.687,2.703,2.578,2.704,2.431,2.174,3.155,2.528,3.072,2.549,3.483,3.689,2.324,3.065,3.162,2.526,2.864,2.479,2.489,3.188,3.28,3.085,2.813,2.669,2.643,2.699,2.62,2.463,2.445,2.45,2.052,2.918,2.178,2.105,2.192,2.644,2.838,2.575,2.391,2.735,2.399,2.908,2.628,2.356,2.431,2.203,2.249,2.418,2.421,2.296,2.456,2.765,2.924,2.728,2.514,3.182,2.782,2.502,2.322,2.218,3.445,2.634,2.324,2.816,2.587,2.823,2.796,2.712,3.435,1.954,2.271,1.965,2.018,2.208,2.285,2.509,2.542,1.698,2.514,2.461,2.566,2.031,2.426,2.409,2.107,2.011,2.708,2.289,2.152,2.786,2.937,2.349,2.47,2.88,2.933,2.316,2.607,2.649,2.26,2.813,2.83,2.887,2.905,2.524,2.27,2.394,2.386,2.027,2.658,2.554,1.854,2.738,2.38,2.024,2.525,2.316,2.339,2.043,2.184,2.304,2.1,2.057,2.613,2.166,2.857,2.8,2.515,2.741,2.333,2.609,2.649,3.123,2.564,2.583,2.403,2.725,2.284,2.708,2.795,2.483,2.43,2.48,2.894,2.64,2.735,2.468,2.457,2.465,2.382,2.434,2.453,2.477,2.272,2.41,2.309,2.515,2.769,2.118,2.474,2.445,2.476,2.168,2.643,1.989,2.416,2.779,2.421,2.866,2.639,2.885,2.371,2.386,2.593,2.511,3.297,2.944,2.698,3.223,2.94,2.746,3.444,2.773,2.505,2.505,2.228,2.236,3.072,2.168,2.879,2.585,3.443,3.381,2.916,3.232,3.314,2.569,3.09,2.791,2.967,3.386,3.13,2.711,2.772,2.478,2.589,2.77,2.929,2.87,2.783,2.528,2.305,2.742,2.48,2.588,2.282,2.173,2.707,2.543,2.453,2.501,2.481,2.666,2.685,2.435,2.755,2.566,2.336,2.221,2.646,2.164,2.468,2.867,2.966,2.573,2.59,3.276,2.758,2.437,2.291,2.712,3.359,2.586,2.988,2.988,2.777,2.943,2.741,2.588,2.949
sub-143,1.999,2.528,2.252,2.222,2.314,2.372,2.36,2.672,1.735,2.49,2.35,2.572,2.397,2.686,2.213,2.39,2.328,2.767,2.35,2.526,2.737,2.62,2.773,2.366,2.892,2.618,2.389,2.913,2.281,2.551,2.711,3.011,2.871,3.096,2.459,2.37,2.173,2.537,2.162,2.574,2.67,2.018,2.932,2.528,2.622,2.018,2.368,2.061,2.511,2.423,2.386,2.206,1.959,2.732,2.758,2.79,3.096,2.296,3.267,2.71,2.75,2.94,3.153,2.448,2.1,2.348,2.782,2.396,2.857,2.647,2.487,2.535,2.57,2.556,2.621,2.662,2.684,2.648,2.395,2.667,2.501,2.486,2.456,2.556,2.258,2.255,2.346,2.826,2.259,2.661,2.558,2.786,2.288,2.79,2.057,2.29,2.601,2.815,2.487,2.683,2.93,2.657,2.46,2.597,2.518,3.509,2.892,2.811,3.299,3.21,2.922,3.95,3.256,2.533,2.715,2.55,2.106,3.122,2.484,2.889,2.471,3.094,3.401,2.514,2.81,3.172,2.62,2.723,2.434,2.784,3.508,3.281,3.076,2.727,2.806,2.564,2.999,2.573,2.487,2.568,2.43,2.171,2.688,2.096,2.196,2.418,2.851,2.455,2.492,2.457,2.769,2.079,2.576,2.508,2.564,2.703,2.439,2.434,2.531,2.412,2.255,2.639,3.15,2.766,2.332,2.967,3.552,2.651,2.598,2.317,2.356,3.361,2.565,2.444,2.813,2.796,2.98,2.731,2.936,2.935,2.07,2.546,2.21,2.105,2.272,2.387,2.578,2.596,1.614,2.405,2.837,2.694,2.302,3.017,2.483,2.471,2.154,2.901,2.395,2.156,2.76,3,2.498,2.886,2.803,2.752,2.174,2.43,2.417,2.837,2.888,2.864,3.139,3.137,2.455,2.315,2.32,2.438,2.314,2.629,2.6,2.149,2.759,2.49,2.537,2.027,2.307,2.154,2.388,2.164,2.26,2.235,1.864,2.632,2.787,2.885,2.866,2.503,2.985,2.562,2.822,2.918,2.844,2.835,2.052,2.595,2.567,2.305,2.796,2.767,2.579,2.63,2.169,2.559,2.42,2.852,2.739,2.654,2.6,2.518,2.301,2.366,2.374,2.362,2.297,2.207,2.55,2.952,2.263,2.289,2.695,2.621,2.357,2.888,2.156,2.384,2.664,2.549,2.469,2.537,2.649,2.574,2.362,2.269,2.392,3.447,2.477,2.882,3.211,3.822,3.039,4.287,2.913,2.609,2.771,2.477,2.138,3.027,2.709,2.95,2.269,3.306,3.223,2.411,3.184,3.498,2.587,2.82,2.458,2.59,3.125,3.152,2.749,2.779,2.771,2.464,2.918,3.182,2.558,2.543,2.192,2.344,2.494,2.087,2.394,2.26,2.835,2.278,2.369,2.603,2.432,2.508,2.374,2.809,2.493,2.541,2.493,2.566,2.227,2.632,2.347,2.223,3.09,3.213,2.635,3.059,2.901,2.704,2.601,2.254,2.481,3.647,2.753,2.73,2.919,2.779,2.91,2.328,2.604,3.275
sub-144,1.906,2.381,1.999,1.956,2.199,2.346,2.494,2.53,1.792,2.395,2.652,2.715,2.217,2.664,2.304,2.02,1.856,2.831,2.153,2.233,2.365,2.197,2.374,2.502,2.463,2.706,2.308,2.539,2.103,2.458,2.74,2.81,3.051,2.996,2.527,2.196,2.183,2.511,2.064,2.627,2.743,1.924,2.597,2.45,2.197,2.249,2.117,2.136,2.305,2.008,2.359,2.27,1.876,2.762,2.517,2.888,2.69,2.796,2.628,2.952,2.62,2.487,2.658,2.112,2.185,2.487,2.378,2.549,2.626,2.828,2.647,2.559,2.404,2.542,2.573,2.82,2.703,2.747,2.436,2.425,2.398,2.316,2.44,2.596,2.299,2.331,2.506,2.744,2.26,2.599,2.624,2.737,2.36,2.839,2.038,2.513,2.394,2.696,2.694,2.842,2.81,2.727,2.343,2.628,2.567,3.362,2.845,2.765,2.864,3.369,2.621,3.601,2.989,2.688,2.543,2.45,2.246,3.513,2.453,2.706,2.441,3.473,3.668,2.851,3.048,2.907,2.617,2.842,2.531,2.468,3.598,3.24,3.076,2.73,2.949,2.854,2.774,2.467,2.542,2.615,2.385,2.034,2.562,2.145,2.013,2.315,2.677,2.49,2.35,2.388,2.493,2.091,2.523,2.632,2.64,2.319,2.69,2.508,2.637,2.449,2.21,2.535,3.117,2.747,2.227,3.048,2.807,2.707,2.396,2.313,2.213,3.388,2.477,2.389,2.914,2.59,2.854,2.816,2.745,2.853,2.008,2.29,2.219,2.177,2.228,2.254,2.639,2.515,1.618,2.55,2.462,2.63,2.282,2.421,2.308,2.224,1.983,2.786,2.149,2.445,2.72,2.428,2.589,2.413,2.785,2.756,2.451,2.667,2.129,2.36,2.626,3.024,2.852,3.059,2.491,2.296,2.336,2.549,2.034,2.732,2.586,2.118,2.711,2.54,2.369,2.181,2.143,2.181,1.957,2.276,2.181,2.28,1.985,2.89,2.373,2.952,2.878,2.571,3.103,2.789,2.61,2.677,2.74,2.397,2.276,2.543,2.558,2.271,2.646,2.816,2.452,2.65,2.631,3.103,2.498,2.781,2.519,2.785,2.64,2.567,2.531,2.331,2.6,2.35,2.52,2.282,2.487,2.523,2.197,2.466,2.67,2.578,2.193,3.171,2.284,2.625,2.749,2.539,2.664,2.834,2.896,2.349,2.42,2.491,2.62,3.464,2.835,2.647,3.298,3.431,2.864,3.759,2.983,2.65,2.522,2.48,2.379,3.428,2.467,2.916,2.324,3.848,3.316,2.787,3.017,3.39,2.707,2.878,2.872,2.833,3.276,3.545,2.967,2.873,2.835,2.788,2.957,2.626,2.629,2.446,2.383,2.285,2.718,2.482,2.36,2.374,2.863,2.611,2.483,2.479,2.618,2.461,2.484,2.499,2.309,2.623,2.391,2.521,2.873,2.534,2.275,2.596,2.875,2.674,2.482,2.818,3.693,2.71,2.483,2.288,2.39,3.369,2.608,2.681,3.044,2.712,2.874,2.651,2.567,2.847
sub-145,1.809,2.339,2.113,1.854,2.083,2.31,2.356,2.579,1.75,2.487,2.354,2.795,2.236,2.735,2.209,2.317,2.053,2.702,2.179,2.298,2.744,2.562,2.239,2.613,2.646,2.773,2.38,2.851,2.469,2.364,2.68,2.891,3.203,3.245,2.396,2.192,2.026,2.306,2.179,2.661,2.639,1.963,2.736,2.766,2.146,2.164,2.316,1.97,2.35,2.071,2.396,2.171,1.847,2.78,2.574,2.807,2.917,2.768,2.923,2.537,2.761,2.659,2.676,2.112,2.282,2.19,2.685,2.407,2.793,2.957,2.621,2.517,2.333,2.681,2.487,2.451,2.54,2.575,2.515,2.532,2.449,2.315,2.248,2.416,2.523,2.351,2.344,2.692,2.256,2.513,2.658,2.736,2.081,2.987,2.085,2.535,2.518,2.46,2.806,3.07,2.792,2.91,2.35,2.492,2.514,3.151,2.743,2.605,3.029,3.011,2.517,4.071,2.663,2.488,2.684,2.449,2.302,3.088,2.534,2.69,2.256,3.466,3.654,2.663,2.94,2.913,2.677,2.699,2.274,2.377,3.376,3.216,2.554,2.761,2.633,2.253,2.419,2.443,2.538,2.398,2.51,2.029,2.622,2.22,2.163,2.37,2.807,2.505,2.457,2.284,2.393,2.806,2.69,2.428,2.39,2.738,2.27,2.523,2.346,2.356,2.189,2.321,3.122,2.926,2.358,2.345,3.294,2.746,2.501,2.267,2.15,2.961,2.655,2.372,2.99,2.444,2.853,2.888,2.599,3.185,1.805,2.253,1.947,1.905,2.049,2.263,2.34,2.542,1.773,2.455,2.328,2.638,2.249,2.608,2.198,2.168,2.006,2.681,1.932,2.251,2.778,2.723,2.329,2.49,2.635,2.613,2.423,2.488,2.182,2.629,2.636,2.714,3.092,2.969,2.467,2.203,2.141,2.242,2.138,2.266,2.692,2.035,2.574,2.602,2.246,1.989,2.339,2.185,2.097,2.085,2.308,2.118,1.857,2.425,2.496,2.718,2.677,2.432,2.905,2.569,2.676,2.851,2.721,2.389,2.134,2.546,2.484,2.328,2.537,2.777,2.338,2.273,2.247,2.708,2.515,2.519,2.296,2.387,2.254,2.542,2.367,2.308,2.393,2.312,2.275,2.221,2.444,2.426,2.215,2.429,2.863,2.638,2.234,2.89,2.374,2.305,2.484,2.504,2.731,2.748,2.621,2.681,2.319,2.495,2.628,3.375,3.038,2.697,2.969,3.286,2.863,3.836,2.616,2.422,2.775,2.636,2.05,2.532,2.526,3.252,2.118,3.726,3.524,2.784,2.969,3.151,2.78,2.639,2.712,2.939,3.321,3.306,2.675,2.527,2.578,2.453,2.622,2.398,2.569,2.42,2.251,2.169,2.611,2.05,2.229,2.183,2.907,2.565,2.409,2.449,2.275,2.318,2.489,2.66,2.482,2.69,2.189,2.022,2.307,2.41,2.428,2.297,2.859,2.688,2.369,2.762,3.011,2.837,2.394,2.338,2.208,3.053,2.585,2.678,2.841,2.726,2.98,2.682,2.643,3.008
sub-146,1.837,2.199,2.362,2.119,2.545,2.462,2.775,2.694,1.564,2.723,2.625,2.628,2.6,2.603,2.484,2.543,2.375,2.873,2.676,2.59,2.824,2.507,2.396,2.778,2.755,3.069,2.305,2.823,2.618,2.737,3.076,2.994,3.334,3.336,2.679,1.929,2.088,2.505,2.198,2.725,2.744,2.145,2.705,2.781,2.547,2.732,2.436,1.91,2.626,2.299,2.443,2.263,1.885,2.865,2.485,3.296,2.825,2.831,3.095,2.867,2.837,2.885,2.784,2.266,2.323,2.456,2.622,2.452,2.977,2.94,2.452,2.572,2.428,2.852,2.549,2.795,2.775,2.933,2.636,2.68,2.723,2.351,2.496,2.405,2.304,2.344,2.514,2.8,2.304,2.928,2.906,3.032,2.352,2.786,2.249,2.304,2.59,2.684,2.637,2.844,2.858,2.839,2.653,2.574,2.689,3.462,3.144,2.793,3.351,3.197,2.728,3.954,3.243,2.83,3.041,2.398,2.184,3.226,2.442,2.891,2.616,3.026,3.649,2.793,3.113,3.014,2.891,3.032,2.617,2.622,3.499,3.335,2.932,2.736,3.228,2.557,2.998,2.524,2.795,2.823,2.379,2.456,2.981,2.336,2.561,2.679,2.977,2.7,2.694,2.631,2.749,2.703,2.176,2.692,2.772,3,2.803,2.545,3.023,2.649,2.421,2.234,3.023,3.038,2.501,3.085,3.608,2.909,2.419,2.294,2.182,3.587,3.072,2.67,3.115,2.598,2.978,3.17,3.012,2.97,1.927,2.349,2.33,2.092,2.402,2.527,2.815,2.755,1.463,2.523,2.233,2.635,2.38,2.477,2.538,2.778,2.596,3.125,2.448,2.744,2.788,2.754,2.59,2.355,2.814,2.789,2.308,2.83,2.538,2.633,2.926,3.032,3.36,3.211,2.607,2.204,2.123,2.197,2.237,2.657,2.543,2.243,2.596,2.593,2.477,2.24,2.151,2.088,2.313,2.563,2.327,2.153,1.77,2.708,2.532,3.031,2.999,2.449,3.077,2.498,2.977,2.896,2.832,2.751,2.483,2.709,2.507,2.484,2.933,2.658,2.576,2.639,2.355,2.67,2.764,3.368,2.728,2.611,2.662,2.569,2.542,2.702,2.148,2.275,2.44,2.169,2.533,2.82,2.225,2.449,2.796,2.699,2.155,3.14,2.309,2.549,2.874,2.433,3.004,2.486,2.685,2.553,2.433,2.454,2.467,3.78,3.107,3.08,3.568,3.331,3.061,3.732,3.395,2.846,2.672,2.626,2.298,3.552,2.564,2.504,2.404,3.375,3.964,2.793,3.043,2.986,2.879,2.891,2.703,3.05,3.476,3.457,3.237,2.897,3.052,2.909,3.04,2.612,2.701,2.638,2.336,2.384,2.681,2.473,2.436,2.483,2.732,2.646,2.62,2.648,2.794,2.535,2.293,2.409,2.436,2.761,2.585,2.666,2.631,2.389,2.458,2.33,3.277,3.4,2.519,2.809,3.49,2.932,2.532,2.108,2.47,3.585,2.642,2.849,3.012,2.755,3.357,2.858,2.62,3.236