SUBJID,lh_L_V1_ROI_volume,lh_L_MST_ROI_volume,lh_L_V6_ROI_volume,lh_L_V2_ROI_volume,lh_L_V3_ROI_volume,lh_L_V4_ROI_volume,lh_L_V8_ROI_volume,lh_L_4_ROI_volume,lh_L_3b_ROI_volume,lh_L_FEF_ROI_volume,lh_L_PEF_ROI_volume,lh_L_55b_ROI_volume,lh_L_V3A_ROI_volume,lh_L_RSC_ROI_volume,lh_L_POS2_ROI_volume,lh_L_V7_ROI_volume,lh_L_IPS1_ROI_volume,lh_L_FFC_ROI_volume,lh_L_V3B_ROI_volume,lh_L_LO1_ROI_volume,lh_L_LO2_ROI_volume,lh_L_PIT_ROI_volume,lh_L_MT_ROI_volume,lh_L_A1_ROI_volume,lh_L_PSL_ROI_volume,lh_L_SFL_ROI_volume,lh_L_PCV_ROI_volume,lh_L_STV_ROI_volume,lh_L_7Pm_ROI_volume,lh_L_7m_ROI_volume,lh_L_POS1_ROI_volume,lh_L_23d_ROI_volume,lh_L_v23ab_ROI_volume,lh_L_d23ab_ROI_volume,lh_L_31pv_ROI_volume,lh_L_5m_ROI_volume,lh_L_5mv_ROI_volume,lh_L_23c_ROI_volume,lh_L_5L_ROI_volume,lh_L_24dd_ROI_volume,lh_L_24dv_ROI_volume,lh_L_7AL_ROI_volume,lh_L_SCEF_ROI_volume,lh_L_6ma_ROI_volume,lh_L_7Am_ROI_volume,lh_L_7PL_ROI_volume,lh_L_7PC_ROI_volume,lh_L_LIPv_ROI_volume,lh_L_VIP_ROI_volume,lh_L_MIP_ROI_volume,lh_L_1_ROI_volume,lh_L_2_ROI_volume,lh_L_3a_ROI_volume,lh_L_6d_ROI_volume,lh_L_6mp_ROI_volume,lh_L_6v_ROI_volume,lh_L_p24pr_ROI_volume,lh_L_33pr_ROI_volume,lh_L_a24pr_ROI_volume,lh_L_p32pr_ROI_volume,lh_L_a24_ROI_volume,lh_L_d32_ROI_volume,lh_L_8BM_ROI_volume,lh_L_p32_ROI_volume,lh_L_10r_ROI_volume,lh_L_47m_ROI_volume,lh_L_8Av_ROI_volume,lh_L_8Ad_ROI_volume,lh_L_9m_ROI_volume,lh_L_8BL_ROI_volume,lh_L_9p_ROI_volume,lh_L_10d_ROI_volume,lh_L_8C_ROI_volume,lh_L_44_ROI_volume,lh_L_45_ROI_volume,lh_L_47l_ROI_volume,lh_L_a47r_ROI_volume,lh_L_6r_ROI_volume,lh_L_IFJa_ROI_volume,lh_L_IFJp_ROI_volume,lh_L_IFSp_ROI_volume,lh_L_IFSa_ROI_volume,lh_L_p9.46v_ROI_volume,lh_L_46_ROI_volume,lh_L_a9.46v_ROI_volume,lh_L_9.46d_ROI_volume,lh_L_9a_ROI_volume,lh_L_10v_ROI_volume,lh_L_a10p_ROI_volume,lh_L_10pp_ROI_volume,lh_L_11l_ROI_volume,lh_L_13l_ROI_volume,lh_L_OFC_ROI_volume,lh_L_47s_ROI_volume,lh_L_LIPd_ROI_volume,lh_L_6a_ROI_volume,lh_L_i6.8_ROI_volume,lh_L_s6.8_ROI_volume,lh_L_43_ROI_volume,lh_L_OP4_ROI_volume,lh_L_OP1_ROI_volume,lh_L_OP2.3_ROI_volume,lh_L_52_ROI_volume,lh_L_RI_ROI_volume,lh_L_PFcm_ROI_volume,lh_L_PoI2_ROI_volume,lh_L_TA2_ROI_volume,lh_L_FOP4_ROI_volume,lh_L_MI_ROI_volume,lh_L_Pir_ROI_volume,lh_L_AVI_ROI_volume,lh_L_AAIC_ROI_volume,lh_L_FOP1_ROI_volume,lh_L_FOP3_ROI_volume,lh_L_FOP2_ROI_volume,lh_L_PFt_ROI_volume,lh_L_AIP_ROI_volume,lh_L_EC_ROI_volume,lh_L_PreS_ROI_volume,lh_L_H_ROI_volume,lh_L_ProS_ROI_volume,lh_L_PeEc_ROI_volume,lh_L_STGa_ROI_volume,lh_L_PBelt_ROI_volume,lh_L_A5_ROI_volume,lh_L_PHA1_ROI_volume,lh_L_PHA3_ROI_volume,lh_L_STSda_ROI_volume,lh_L_STSdp_ROI_volume,lh_L_STSvp_ROI_volume,lh_L_TGd_ROI_volume,lh_L_TE1a_ROI_volume,lh_L_TE1p_ROI_volume,lh_L_TE2a_ROI_volume,lh_L_TF_ROI_volume,lh_L_TE2p_ROI_volume,lh_L_PHT_ROI_volume,lh_L_PH_ROI_volume,lh_L_TPOJ1_ROI_volume,lh_L_TPOJ2_ROI_volume,lh_L_TPOJ3_ROI_volume,lh_L_DVT_ROI_volume,lh_L_PGp_ROI_volume,lh_L_IP2_ROI_volume,lh_L_IP1_ROI_volume,lh_L_IP0_ROI_volume,lh_L_PFop_ROI_volume,lh_L_PF_ROI_volume,lh_L_PFm_ROI_volume,lh_L_PGi_ROI_volume,lh_L_PGs_ROI_volume,lh_L_V6A_ROI_volume,lh_L_VMV1_ROI_volume,lh_L_VMV3_ROI_volume,lh_L_PHA2_ROI_volume,lh_L_V4t_ROI_volume,lh_L_FST_ROI_volume,lh_L_V3CD_ROI_volume,lh_L_LO3_ROI_volume,lh_L_VMV2_ROI_volume,lh_L_31pd_ROI_volume,lh_L_31a_ROI_volume,lh_L_VVC_ROI_volume,lh_L_25_ROI_volume,lh_L_s32_ROI_volume,lh_L_pOFC_ROI_volume,lh_L_PoI1_ROI_volume,lh_L_Ig_ROI_volume,lh_L_FOP5_ROI_volume,lh_L_p10p_ROI_volume,lh_L_p47r_ROI_volume,lh_L_TGv_ROI_volume,lh_L_MBelt_ROI_volume,lh_L_LBelt_ROI_volume,lh_L_A4_ROI_volume,lh_L_STSva_ROI_volume,lh_L_TE1m_ROI_volume,lh_L_PI_ROI_volume,lh_L_a32pr_ROI_volume,lh_L_p24_ROI_volume,rh_R_V1_ROI_volume,rh_R_MST_ROI_volume,rh_R_V6_ROI_volume,rh_R_V2_ROI_volume,rh_R_V3_ROI_volume,rh_R_V4_ROI_volume,rh_R_V8_ROI_volume,rh_R_4_ROI_volume,rh_R_3b_ROI_volume,rh_R_FEF_ROI_volume,rh_R_PEF_ROI_volume,rh_R_55b_ROI_volume,rh_R_V3A_ROI_volume,rh_R_RSC_ROI_volume,rh_R_POS2_ROI_volume,rh_R_V7_ROI_volume,rh_R_IPS1_ROI_volume,rh_R_FFC_ROI_volume,rh_R_V3B_ROI_volume,rh_R_LO1_ROI_volume,rh_R_LO2_ROI_volume,rh_R_PIT_ROI_volume,rh_R_MT_ROI_volume,rh_R_A1_ROI_volume,rh_R_PSL_ROI_volume,rh_R_SFL_ROI_volume,rh_R_PCV_ROI_volume,rh_R_STV_ROI_volume,rh_R_7Pm_ROI_volume,rh_R_7m_ROI_volume,rh_R_POS1_ROI_volume,rh_R_23d_ROI_volume,rh_R_v23ab_ROI_volume,rh_R_d23ab_ROI_volume,rh_R_31pv_ROI_volume,rh_R_5m_ROI_volume,rh_R_5mv_ROI_volume,rh_R_23c_ROI_volume,rh_R_5L_ROI_volume,rh_R_24dd_ROI_volume,rh_R_24dv_ROI_volume,rh_R_7AL_ROI_volume,rh_R_SCEF_ROI_volume,rh_R_6ma_ROI_volume,rh_R_7Am_ROI_volume,rh_R_7PL_ROI_volume,rh_R_7PC_ROI_volume,rh_R_LIPv_ROI_volume,rh_R_VIP_ROI_volume,rh_R_MIP_ROI_volume,rh_R_1_ROI_volume,rh_R_2_ROI_volume,rh_R_3a_ROI_volume,rh_R_6d_ROI_volume,rh_R_6mp_ROI_volume,rh_R_6v_ROI_volume,rh_R_p24pr_ROI_volume,rh_R_33pr_ROI_volume,rh_R_a24pr_ROI_volume,rh_R_p32pr_ROI_volume,rh_R_a24_ROI_volume,rh_R_d32_ROI_volume,rh_R_8BM_ROI_volume,rh_R_p32_ROI_volume,rh_R_10r_ROI_volume,rh_R_47m_ROI_volume,rh_R_8Av_ROI_volume,rh_R_8Ad_ROI_volume,rh_R_9m_ROI_volume,rh_R_8BL_ROI_volume,rh_R_9p_ROI_volume,rh_R_10d_ROI_volume,rh_R_8C_ROI_volume,rh_R_44_ROI_volume,rh_R_45_ROI_volume,rh_R_47l_ROI_volume,rh_R_a47r_ROI_volume,rh_R_6r_ROI_volume,rh_R_IFJa_ROI_volume,rh_R_IFJp_ROI_volume,rh_R_IFSp_ROI_volume,rh_R_IFSa_ROI_volume,rh_R_p9.46v_ROI_volume,rh_R_46_ROI_volume,rh_R_a9.46v_ROI_volume,rh_R_9.46d_ROI_volume,rh_R_9a_ROI_volume,rh_R_10v_ROI_volume,rh_R_a10p_ROI_volume,rh_R_10pp_ROI_volume,rh_R_11l_ROI_volume,rh_R_13l_ROI_volume,rh_R_OFC_ROI_volume,rh_R_47s_ROI_volume,rh_R_LIPd_ROI_volume,rh_R_6a_ROI_volume,rh_R_i6.8_ROI_volume,rh_R_s6.8_ROI_volume,rh_R_43_ROI_volume,rh_R_OP4_ROI_volume,rh_R_OP1_ROI_volume,rh_R_OP2.3_ROI_volume,rh_R_52_ROI_volume,rh_R_RI_ROI_volume,rh_R_PFcm_ROI_volume,rh_R_PoI2_ROI_volume,rh_R_TA2_ROI_volume,rh_R_FOP4_ROI_volume,rh_R_MI_ROI_volume,rh_R_Pir_ROI_volume,rh_R_AVI_ROI_volume,rh_R_AAIC_ROI_volume,rh_R_FOP1_ROI_volume,rh_R_FOP3_ROI_volume,rh_R_FOP2_ROI_volume,rh_R_PFt_ROI_volume,rh_R_AIP_ROI_volume,rh_R_EC_ROI_volume,rh_R_PreS_ROI_volume,rh_R_H_ROI_volume,rh_R_ProS_ROI_volume,rh_R_PeEc_ROI_volume,rh_R_STGa_ROI_volume,rh_R_PBelt_ROI_volume,rh_R_A5_ROI_volume,rh_R_PHA1_ROI_volume,rh_R_PHA3_ROI_volume,rh_R_STSda_ROI_volume,rh_R_STSdp_ROI_volume,rh_R_STSvp_ROI_volume,rh_R_TGd_ROI_volume,rh_R_TE1a_ROI_volume,rh_R_TE1p_ROI_volume,rh_R_TE2a_ROI_volume,rh_R_TF_ROI_volume,rh_R_TE2p_ROI_volume,rh_R_PHT_ROI_volume,rh_R_PH_ROI_volume,rh_R_TPOJ1_ROI_volume,rh_R_TPOJ2_ROI_volume,rh_R_TPOJ3_ROI_volume,rh_R_DVT_ROI_volume,rh_R_PGp_ROI_volume,rh_R_IP2_ROI_volume,rh_R_IP1_ROI_volume,rh_R_IP0_ROI_volume,rh_R_PFop_ROI_volume,rh_R_PF_ROI_volume,rh_R_PFm_ROI_volume,rh_R_PGi_ROI_volume,rh_R_PGs_ROI_volume,rh_R_V6A_ROI_volume,rh_R_VMV1_ROI_volume,rh_R_VMV3_ROI_volume,rh_R_PHA2_ROI_volume,rh_R_V4t_ROI_volume,rh_R_FST_ROI_volume,rh_R_V3CD_ROI_volume,rh_R_LO3_ROI_volume,rh_R_VMV2_ROI_volume,rh_R_31pd_ROI_volume,rh_R_31a_ROI_volume,rh_R_VVC_ROI_volume,rh_R_25_ROI_volume,rh_R_s32_ROI_volume,rh_R_pOFC_ROI_volume,rh_R_PoI1_ROI_volume,rh_R_Ig_ROI_volume,rh_R_FOP5_ROI_volume,rh_R_p10p_ROI_volume,rh_R_p47r_ROI_volume,rh_R_TGv_ROI_volume,rh_R_MBelt_ROI_volume,rh_R_LBelt_ROI_volume,rh_R_A4_ROI_volume,rh_R_STSva_ROI_volume,rh_R_TE1m_ROI_volume,rh_R_PI_ROI_volume,rh_R_a32pr_ROI_volume,rh_R_p24_ROI_volume
sub-02,5265,709,928,4841,4453,2918,714,5793,2287,1371,854,1213,1429,1275,1477,691,1139,2174,461,495,858,1157,485,373,1214,1820,1167,1206,428,1222,1329,753,828,857,612,583,582,1047,976,1155,550,1401,1678,1810,1133,726,1257,851,860,801,2685,2515,1169,1832,2142,1010,713,414,563,723,967,1067,1520,822,998,427,1953,1514,2700,1365,1511,1979,1651,1426,2004,1233,2667,1690,834,525,1545,2283,1517,1933,1809,1916,1644,1842,1126,1259,1955,1778,2136,1438,537,2294,1155,818,737,1064,887,547,409,738,649,1417,667,1197,1012,565,683,821,406,411,382,1361,1904,982,659,3,586,2099,1011,1139,2053,897,967,1575,1232,1655,4995,2119,2312,2221,2280,1185,2842,1938,1275,1709,671,889,1358,931,1029,644,854,3046,3365,2033,2459,522,912,586,322,417,999,466,438,573,845,507,1452,589,410,1037,804,524,691,1141,1473,1993,674,626,1924,1557,1869,599,845,821,6517,692,647,5055,4020,2410,1017,5438,2034,1340,716,836,1407,1083,1576,575,710,2528,379,440,579,1339,819,299,1581,1143,1200,1401,707,1326,1252,712,813,576,599,884,885,1116,1066,1356,607,1253,1359,2152,1163,896,1337,631,524,1208,2461,2665,1073,1534,1962,1304,747,335,371,833,746,1321,1824,713,813,496,1782,2054,3289,2172,1343,1414,1597,1489,1176,1209,2299,1755,689,391,999,1676,1912,2568,1385,3152,1565,1345,1086,1467,2122,926,1973,1444,575,2013,843,773,1000,1215,506,398,268,703,770,1514,1034,807,990,1002,845,977,479,301,317,1037,2108,639,639,22,472,2496,1060,773,2334,996,498,1761,1428,1218,4703,1791,3147,3361,2354,1805,2335,2666,2049,1323,968,806,1985,1198,1187,599,556,1478,4816,3242,2285,436,904,701,339,470,852,707,690,539,651,540,1846,536,484,1338,844,476,660,1293,1408,2642,559,580,1625,838,1447,586,1067,412
sub-03,7898,666,960,6475,5454,4524,927,5733,2492,1303,480,1586,1256,1090,2057,532,812,2189,386,777,951,1280,541,554,1478,2034,1357,1795,827,1626,1624,825,714,901,619,722,845,1200,973,1729,827,1969,2109,2462,1974,801,1748,1329,1388,1025,3090,2146,1160,1380,2097,907,628,500,663,1242,1143,1883,1716,693,960,455,2446,1323,3099,1387,1672,2311,2292,1312,1952,1365,2962,1833,1315,582,1696,2061,2846,3723,2218,2969,2268,2181,1469,1172,2531,1974,2330,1553,825,2454,999,651,1039,1489,870,649,388,725,955,1954,865,1284,1361,1338,865,1169,650,414,517,1177,1411,2101,776,1,532,4483,1481,1100,1919,881,1496,1447,1341,1857,5732,2100,5600,3583,2958,2048,2938,2584,1387,1679,892,930,1887,1287,1620,826,1447,3333,5264,3016,3041,638,865,720,321,726,1148,1016,752,598,1039,408,1785,818,479,1306,1127,540,623,1555,1368,1841,875,566,2382,1398,2538,762,1126,640,7894,1489,1195,7269,6490,4536,1301,5352,2005,1110,684,940,1535,1445,2211,574,1023,3083,467,827,769,1807,1165,456,1344,1489,1355,1072,761,1307,1725,933,829,463,654,1009,1108,1447,1080,1610,1057,1152,1629,2396,1108,766,1603,589,708,770,2781,2565,1129,1480,1918,1408,872,627,762,842,907,1648,2409,1046,735,714,2692,2056,3943,2925,2140,1874,2146,1383,1556,1205,2284,2829,716,545,1407,1609,3531,3193,1539,3908,1894,1495,1521,1697,2668,1042,2603,1534,442,1815,1282,1329,1609,1652,403,529,247,715,797,1772,965,797,1294,1254,891,1151,621,312,437,973,1742,1204,676,54,417,3001,1305,946,2711,608,610,1621,1428,1591,4666,1552,4098,3302,3494,2481,3736,2851,2601,2062,1477,1402,3459,1064,1461,782,870,2092,3462,4042,2759,556,669,756,326,825,1257,1217,1459,603,723,797,1534,674,684,1336,1010,458,671,1984,1290,2305,670,502,2088,1046,1756,794,840,1057
sub-04,6154,774,891,5711,4854,3061,854,5360,2869,1119,362,1204,1434,1243,1880,558,648,2151,366,684,899,766,576,626,1760,1902,1413,1443,619,1020,1637,909,677,760,523,698,856,1075,961,1258,792,1586,1716,1900,1186,780,1414,795,853,1003,4012,3173,1258,1498,1999,974,855,527,1006,765,848,1217,1607,921,758,369,2125,2245,3001,1403,1927,2171,1786,1266,2033,1617,2681,1435,597,460,929,1143,1534,2249,1572,2694,2777,1926,1064,1458,2112,1655,2147,1446,688,1757,1063,771,577,1164,784,556,394,809,982,1417,696,1252,1041,577,765,999,486,370,362,1350,1381,999,656,3,721,2198,1055,1207,1908,951,1018,1213,1085,1178,6643,2975,3619,3512,2554,1919,2336,2194,1133,925,707,811,976,1199,1328,452,1394,3393,4878,2517,3278,512,931,593,354,538,1457,340,672,482,989,479,1546,654,341,854,897,455,670,1547,1121,2244,793,605,2272,1500,1560,526,762,1166,6052,615,1022,5901,5158,2817,860,5264,2154,1402,557,690,2240,1290,2137,743,803,2776,498,575,543,1132,719,350,1305,1271,787,1231,692,1136,1840,942,782,533,508,1145,983,1282,936,1504,674,939,1388,1797,1316,847,1203,916,596,1908,3196,2646,1219,1691,1809,1397,1073,459,818,779,927,1319,1653,1058,696,764,2264,1627,2907,2413,1285,1492,1294,1349,1119,1605,2609,1756,634,260,954,1320,2203,2886,1500,3411,1492,1714,1370,1906,2189,1008,2268,1445,734,2228,747,867,961,1566,474,379,218,676,865,1337,791,731,938,906,997,815,433,316,339,1227,1409,911,492,2,710,1800,883,973,1995,941,467,1438,1269,1295,5161,1795,3067,3285,2399,1836,2274,2444,2266,1423,487,1479,1906,1431,1763,690,693,2259,5309,3380,2718,537,968,676,379,553,1142,731,453,581,477,638,1582,575,464,1091,955,393,709,1360,924,2675,547,580,1963,931,1704,571,713,890
sub-05,7190,514,975,6895,5575,3425,548,5307,2479,1112,514,1457,1481,1287,2313,438,777,2197,409,639,1015,868,471,410,1227,1613,1342,1323,1152,1446,1711,747,928,1120,830,755,745,1123,989,1236,914,1443,1847,1467,1389,890,1410,1027,1621,1036,3324,3062,1147,1570,1968,1293,634,395,643,882,887,1092,1592,778,407,392,2366,1554,2970,1423,1481,2604,1804,1739,2078,1511,2546,1902,925,773,1431,2084,1861,2271,1871,3016,1912,1670,1050,1325,2164,1674,2129,1328,662,2488,981,778,1156,1286,790,650,481,720,990,1712,818,1367,1469,523,745,1074,567,411,471,1199,1125,1303,705,50,796,1974,1564,937,1845,846,1121,1236,1116,1472,5809,3142,4602,3713,3137,1955,1892,2449,1258,1078,755,1036,1430,887,1046,629,1412,2637,3442,2975,2958,473,698,561,271,923,1091,836,467,345,892,811,1427,663,384,968,954,530,820,1384,1022,2912,823,574,1968,923,2584,616,1176,899,8254,442,799,8153,5543,3311,1040,5328,2118,1382,895,867,1811,1478,1561,614,705,2251,492,481,777,866,760,376,1194,1208,1060,1016,1009,1410,1505,1022,872,669,846,1010,867,1344,1046,1301,1001,1207,1725,1969,1266,730,1570,815,548,1474,3125,2861,1079,1520,2197,1739,792,579,818,667,964,1035,1849,446,792,605,2803,1769,2957,2023,1611,1376,1860,1360,1428,1388,1873,1735,732,429,1127,1493,1691,2235,1307,2795,1540,1579,1258,1705,2755,896,2147,1485,587,1836,1220,963,1061,1401,609,480,251,601,813,1720,894,822,912,862,819,888,579,336,379,1169,1340,1022,577,10,659,2021,1051,756,2115,1017,519,1417,1252,1128,5979,2349,3443,2826,3100,1941,1741,1698,2631,1268,857,1012,2212,1123,1454,972,1255,2226,3406,4507,2768,761,931,642,376,595,771,787,616,588,626,659,1585,504,302,1236,1094,576,837,1130,1029,3176,459,535,1628,1231,1561,562,546,880
sub-07,7096,682,1160,5745,4831,3403,1038,4680,2306,1039,369,1254,1716,1243,1904,575,1173,2242,513,445,902,559,347,460,1380,1643,1483,1808,856,1515,1541,995,946,1035,1258,497,750,1534,894,1336,685,1319,2024,1579,1507,806,692,1089,1018,913,2927,2523,1222,1187,1733,871,777,589,635,1082,932,1020,1495,823,714,330,2171,1170,2861,1205,1435,2269,2093,1326,2429,1561,2256,1657,848,507,1148,1901,2089,3132,2263,3321,2079,1826,999,1065,1510,1480,2377,1309,495,1905,967,517,866,1424,1102,603,410,840,1048,1871,857,1374,1165,695,759,848,606,374,447,1621,1311,1108,636,0,496,2117,1565,1060,1886,1118,1337,1346,1128,1894,5774,3465,3754,2841,2328,1756,2972,3489,1231,1487,548,985,1449,1115,1143,829,1158,4965,5241,2669,2902,727,906,870,510,639,991,641,554,603,1210,878,1547,695,282,1295,1015,495,798,1472,1745,2264,781,551,2177,1274,2284,497,1404,898,6935,662,1034,5822,4079,2273,973,5091,2024,1197,591,831,1812,1863,1724,439,721,2555,312,596,841,893,634,339,1663,1243,1037,1871,591,1351,1625,1298,934,766,1021,836,1006,1520,1200,1184,631,1087,1429,2088,1186,578,1450,694,572,641,2890,2680,1066,1359,1885,1361,1025,687,889,663,831,847,1688,761,830,590,2248,1520,3416,2520,1692,1572,1536,1690,1457,1509,2200,1943,801,380,1443,2038,3007,2998,1500,3078,1688,1519,1040,1980,2006,864,2032,1365,394,1597,965,1038,1119,1391,594,505,260,721,921,1694,941,971,1011,973,926,1166,608,355,441,1370,1683,1096,426,0,617,2375,1217,968,2147,700,589,1553,1238,1035,6269,2390,3796,4191,3294,3037,1979,2892,2053,968,1545,1368,2519,1450,1402,723,1091,2489,4827,4001,2960,494,802,687,377,757,1425,727,812,444,515,607,1792,466,386,1303,1202,477,813,1551,1266,2853,531,591,2083,1227,1617,524,625,1017
sub-08,5167,502,850,4785,3638,2770,723,4642,2280,1034,666,1104,879,1177,1387,360,687,1392,340,510,753,950,523,361,1340,1407,990,1397,537,1114,1252,684,697,957,552,635,662,1063,815,1237,547,1046,1809,1503,1215,635,1208,757,682,606,2715,2275,1070,1615,1736,1206,624,431,535,865,985,1331,1358,584,968,407,1770,1455,2318,1139,1100,1841,1723,992,1465,1322,2163,1290,590,504,793,1235,1174,2139,1847,2057,1433,1691,752,1064,1616,1506,1921,1145,415,1847,1112,471,822,967,672,486,292,555,608,1213,560,1046,935,424,667,637,520,324,290,995,1272,1433,584,0,587,4126,1052,878,1628,1164,1229,1102,1070,1541,4915,1981,4196,3327,2998,1715,2793,1740,1018,1082,694,818,1251,801,1185,782,1037,2525,4732,2332,2524,376,731,545,404,419,1040,463,856,410,755,691,1397,511,387,853,774,483,614,1146,1236,2131,643,509,1669,956,1993,449,859,451,5949,447,921,4715,3504,2176,1059,4480,1935,1573,704,986,1329,1339,1663,472,786,2101,352,287,413,840,395,272,1115,1145,909,1353,602,1059,1361,862,753,586,583,817,853,1118,945,1151,874,724,1297,1446,1119,513,1503,598,457,798,2648,2259,974,1216,1727,1386,639,377,553,810,678,1313,1633,1123,664,532,1611,1502,2691,1905,1181,1223,1502,1410,918,1184,2207,1997,541,461,1116,898,1849,2244,1183,2023,1327,1503,971,1434,1841,818,2070,1319,517,1630,973,600,1161,1370,466,372,182,561,612,1185,753,691,751,613,685,912,571,267,325,920,1291,925,445,11,494,2713,1086,735,1907,1035,557,1110,1160,1237,4909,1757,3071,2840,2794,1696,2178,2081,2361,1266,866,1092,1963,931,1241,871,840,2349,4053,3563,2290,418,764,561,433,432,750,652,458,523,471,551,1427,411,524,1181,824,382,585,1113,825,2149,511,547,1820,905,1678,477,798,937
sub-09,5283,386,594,5409,4286,2100,513,4296,2060,800,521,966,1518,939,1561,672,955,1441,427,237,479,512,202,393,1079,1443,859,1507,660,977,1198,704,550,511,430,522,629,1018,753,1089,568,1041,1508,1580,1054,912,1083,851,942,979,3070,2691,1052,1007,1613,856,489,206,349,1056,1034,589,1357,500,692,407,1672,1146,1985,1068,1172,1605,1472,1273,1448,1218,1993,1386,839,484,923,1380,1055,1786,1522,1551,1819,1595,888,1053,1769,1287,1782,1023,626,1606,758,365,916,1070,708,527,367,557,682,1404,594,1157,958,504,678,705,375,359,357,1336,1183,1033,684,6,529,2508,1081,802,1517,1117,974,1153,930,1098,5105,2027,2418,2815,2434,1485,1297,1490,904,447,300,921,1217,1018,1136,619,1235,2735,3641,2188,2256,363,696,405,469,304,603,691,209,524,616,567,1178,509,299,726,834,358,628,942,1122,2634,580,535,1653,882,1515,477,963,561,5725,677,614,5006,4173,2293,921,4107,1609,1111,595,574,1557,970,1511,804,833,1635,463,371,398,738,276,320,1286,959,1035,1275,862,1184,1125,654,623,407,514,732,880,933,955,1176,481,1104,1183,1570,1126,736,1094,449,785,1375,2742,2615,879,1260,1412,1107,681,374,565,625,703,932,1342,507,810,513,1572,1716,2677,1519,1281,1365,1136,1107,842,1342,2169,1396,535,217,853,1101,1391,2152,1255,2623,1134,1305,1090,1428,2050,677,2180,1149,307,1496,814,485,939,1209,470,362,198,569,712,1313,665,658,746,761,787,919,464,254,284,992,1124,1038,382,0,528,1981,730,638,1649,990,502,887,1070,971,5075,1647,2408,2774,2264,1207,1318,1780,1548,1221,811,769,1901,901,1283,765,1048,1962,3246,2313,2170,672,1086,596,463,461,437,609,387,591,486,430,1207,432,374,978,785,377,622,1253,998,2886,412,466,1513,779,1560,477,547,799
sub-10,5357,467,687,5024,4328,2796,633,4879,2564,1035,823,1269,1336,1002,2012,685,1151,1834,462,501,665,759,563,633,1287,2179,1537,1193,1095,1179,1294,772,771,1058,722,636,727,1003,912,1458,494,1413,1960,2196,1411,940,1364,1100,1143,1088,3645,2895,1104,1936,1883,1021,872,392,645,854,600,1218,1510,867,543,468,2461,2250,2453,1308,1389,2060,1895,1382,1777,1500,3030,1935,955,682,1248,1528,1186,2262,1643,2848,2072,1832,1317,1272,2118,1869,2151,1440,1092,2219,1036,669,863,1163,1076,619,473,851,1157,1346,767,1376,1136,529,752,818,538,338,432,1552,1429,1348,771,2,515,2512,1011,1076,1989,1317,1200,1089,1132,1335,5391,2401,3156,3039,3181,1664,2127,2296,973,1126,567,973,1375,1115,1736,878,1807,3581,3504,2308,2701,664,948,625,460,464,889,426,667,537,789,477,1644,515,396,972,972,475,656,1518,1747,2357,852,676,2097,1082,2151,484,781,853,5927,536,740,6424,5000,2757,931,5030,2014,1415,775,828,1444,1274,1950,759,1268,1779,493,375,614,1111,454,330,1464,1240,908,1087,962,1325,1413,1130,833,687,847,894,940,1342,868,1171,871,890,1254,2042,1462,641,1521,922,1077,1356,3694,2769,1084,1288,1868,1842,968,594,637,1029,946,688,1867,523,928,645,2399,1299,2958,2400,1170,1411,1706,1443,899,1570,3046,2767,868,639,1353,1613,2098,2433,1160,3034,1412,1465,1146,1931,2549,832,2496,1664,576,1713,1195,802,1434,1368,662,380,219,612,617,1408,930,783,791,765,836,1081,547,277,324,1185,1398,958,508,35,503,2697,1030,854,2023,986,478,1476,1288,1334,5658,2528,3103,3569,2912,1556,1793,1956,2483,1847,632,1114,2567,1041,1527,964,925,2402,3630,2809,2703,665,1084,662,434,498,853,663,389,728,538,240,1672,517,527,1076,844,415,743,1361,1270,2315,577,572,1902,1085,1651,591,684,1012
sub-11,6312,723,661,5447,4839,3264,905,4902,2142,1025,404,1077,1328,1281,1743,485,936,2806,464,494,624,1055,578,526,1580,1771,1658,1668,828,1292,1451,954,801,1080,638,664,806,1476,770,1568,592,1014,1856,1795,1664,843,1154,833,1456,904,2848,2354,1066,1470,1880,787,875,614,934,940,1290,1111,1527,602,964,595,1948,1945,2569,1548,1703,1963,2166,1597,2098,1542,2877,1259,780,382,801,1998,2313,3151,1843,3002,2162,1811,1012,1299,2272,1900,2221,1337,670,2143,1047,423,536,1407,850,542,422,809,941,1657,724,1100,1083,818,793,1334,507,438,396,1727,1363,1282,714,4,506,2047,1373,1047,1928,1083,1339,1234,1238,1933,5532,2730,3729,3715,3288,1853,2810,2336,1498,1696,893,1001,2107,1288,1823,872,1396,4091,4330,3202,3893,607,852,592,525,479,1705,674,506,575,1267,859,2001,678,527,1104,1028,526,786,1186,1473,3161,705,604,2209,947,1840,599,799,1115,6902,800,935,6208,5030,2622,893,4605,1616,1103,612,896,1535,1403,2615,610,877,2732,426,535,525,1044,500,426,1778,1205,1146,1645,637,1443,1565,1197,697,635,712,984,1079,1441,985,1526,859,1084,1600,2069,1306,760,1462,586,960,1187,2745,2495,975,1313,1919,1284,1317,878,1003,803,1359,1026,1867,692,737,587,1922,1722,2769,2315,1755,1394,1914,1679,1540,1309,2016,1799,644,364,1268,2033,2497,2444,1613,2654,1519,1378,1080,1810,2487,1172,2210,1521,370,1732,998,1070,975,1467,591,343,269,706,952,1753,1020,775,1031,1175,886,1030,484,324,358,1847,1761,1125,602,15,525,1771,1400,1018,2451,865,628,1775,1539,1603,5104,2217,3222,3627,3144,1956,2716,2308,2806,1509,929,1166,2085,1574,1759,832,1297,3182,4824,4069,2855,599,773,661,455,506,1031,660,884,613,483,634,2013,578,564,1557,884,435,760,1575,1299,2499,658,680,1971,1207,1994,669,891,1189
sub-13,5968,491,644,5400,4948,3540,731,4853,2368,886,345,978,1249,1068,1874,376,830,2065,342,573,889,774,484,513,1307,1962,912,1162,553,1023,1065,733,483,585,367,775,717,1306,835,1263,700,1137,1999,2067,1254,692,1427,635,564,682,2760,2124,1091,1447,2047,761,592,407,525,889,878,864,1618,527,999,346,2024,1921,2135,1359,1124,1837,2017,1377,1767,1097,2065,1388,704,440,1022,1480,1507,2495,1838,2112,1783,1864,874,1191,1613,1628,2446,1042,466,2290,772,559,653,1007,741,414,373,681,987,1534,603,1240,1216,621,691,841,398,354,303,1302,1985,1216,743,2,329,3088,1335,1006,1979,1097,1225,1537,1055,1215,5439,1957,3091,2863,2285,2058,2676,1892,765,1017,682,714,1152,1333,1182,678,1288,4332,3931,1993,2328,405,825,596,323,632,914,844,738,530,641,580,1430,710,499,1093,923,376,592,1295,1700,2014,644,552,2110,850,1502,503,1039,1023,6634,604,705,5525,4947,3549,1200,4866,2303,1373,702,972,1580,1028,1638,553,694,2253,357,719,578,1014,862,246,900,1180,851,936,617,1136,998,889,469,377,472,865,852,1104,1074,1260,750,1023,1349,1442,1071,730,1223,637,682,1094,3057,2544,1030,1596,1632,1340,723,395,605,938,655,1261,1721,866,617,441,2402,1416,2973,2289,1334,1368,1746,1384,966,1036,1863,1880,495,380,994,1224,2111,2506,1278,2257,1390,1482,751,1461,2245,899,2264,1439,463,2005,1150,992,993,1156,436,333,226,531,616,1505,702,824,935,851,654,700,370,279,334,943,1281,939,689,38,544,2634,730,539,1564,664,552,1528,903,1019,4531,1866,3472,3327,2727,1860,2454,2609,2013,1728,796,898,2027,1126,1463,699,883,1672,3483,4302,2699,431,938,764,293,709,1103,583,723,475,387,640,1402,470,410,1023,1024,437,575,1078,812,2623,464,373,1240,1005,1468,540,586,826
sub-14,5371,566,705,4892,4055,3220,770,4063,1819,899,497,1244,1458,1118,1717,586,1085,2582,423,642,723,895,531,358,1677,1435,1138,1445,1068,1384,1154,642,666,973,1044,437,699,850,821,1051,433,943,1564,1560,1266,828,853,953,1101,1013,2556,2254,1046,1175,1560,830,642,356,612,643,1297,1201,1229,570,827,311,1772,1391,2608,1182,1323,2209,2354,1377,1648,1139,2144,1578,683,433,886,1606,1581,2971,1402,3161,1696,1802,1063,1242,1806,1296,2209,971,851,1390,646,452,926,1211,807,565,404,631,867,1625,710,1190,914,626,575,856,511,394,534,1266,1280,1045,613,32,510,1756,1067,945,1670,898,1172,1108,1282,1768,5436,2479,3713,4067,3450,1704,2899,2560,1202,1749,790,881,1689,1291,2026,836,1236,3616,6124,2681,3570,788,697,537,456,477,820,721,599,530,1192,521,1335,843,467,1188,888,543,565,1537,967,3265,734,478,1957,915,2177,503,613,602,6597,510,680,5954,4952,2965,818,3895,1472,1185,573,630,1706,1179,1490,523,603,2056,368,606,644,1263,928,329,1559,952,966,1288,614,1465,1192,895,725,562,654,686,971,1119,1110,1079,812,1137,1176,1847,1198,580,1411,672,591,1343,2717,3191,800,1178,1657,1227,884,444,645,595,977,1005,1581,591,623,547,2289,1260,2798,1972,1772,1537,1714,1468,892,992,1890,2886,599,389,935,1481,2462,2213,889,2980,1404,1371,887,1218,1756,621,1965,1431,444,1304,848,796,1656,1485,600,476,252,580,644,1584,869,793,929,1033,738,749,616,331,451,1244,1822,860,583,39,516,1513,1009,732,1975,811,606,1552,1431,1722,5228,3037,3335,3955,3141,2175,1985,2186,1803,1264,606,979,1869,1275,1261,579,1150,2415,4660,2326,2947,552,781,555,464,538,746,462,689,542,601,370,1405,632,490,1181,970,497,582,1196,812,3067,483,488,1607,1346,2280,509,542,874
sub-15,5231,703,778,5359,5095,3533,604,4590,2250,1006,504,1214,1495,968,1971,541,1027,1681,383,650,853,1048,521,493,1459,1754,842,1404,921,1352,1426,735,811,931,775,567,661,1205,962,972,912,1410,1762,1642,1121,823,1504,814,718,911,2872,2581,1269,1524,1640,1200,640,429,620,1117,871,1043,1407,681,783,458,2058,2205,2523,1199,1504,2203,1654,1037,1218,1465,2575,1732,509,541,592,995,1339,1985,1483,2232,1867,1919,1195,1095,1971,1828,2354,1279,637,1854,1431,885,989,1315,810,592,386,714,934,1357,744,1171,884,618,651,994,452,336,345,1221,1487,1239,621,2,521,3433,1225,1060,2063,982,1204,2163,1600,1773,5139,2105,3821,3188,2633,1948,2795,2204,1498,1659,573,930,1846,1078,1057,871,1207,3541,3970,3016,2973,578,681,421,376,634,1284,701,592,548,1065,759,1278,772,334,1065,796,479,544,1408,826,2321,756,584,2378,1249,1828,688,615,1038,6012,479,1102,5770,5475,3334,890,4084,1763,1000,598,831,1475,1174,2301,689,1000,2087,485,517,734,1245,730,404,1672,1070,969,1448,788,1112,1587,854,648,694,612,766,946,1210,956,1241,468,1164,1185,1497,1076,736,1675,833,682,1597,2563,2350,971,1277,1375,1380,976,533,637,712,830,1040,1573,950,575,627,1954,2078,3261,2214,1327,1702,2088,1673,1027,1298,2233,2098,627,443,787,1001,1838,2534,1241,2523,1434,1611,935,1611,2165,1022,1886,1247,546,1687,949,1035,1168,1502,543,519,229,695,828,1361,829,704,835,905,732,765,625,282,378,988,1738,857,537,20,482,3092,1066,977,2304,750,518,1638,1363,1395,5231,1865,3779,3145,2735,1942,2412,2324,2133,1342,749,1598,2856,994,1270,971,1104,2516,3584,4066,3405,655,824,575,300,675,1228,1017,639,659,454,473,1595,552,334,1290,813,464,568,1441,715,2153,560,546,2095,1212,1656,581,464,986
sub-16,6872,539,743,6754,4877,3635,1167,5590,2495,964,415,961,1176,1302,1689,350,748,2619,513,729,1162,646,496,658,1926,1804,1081,1992,622,1266,1545,700,792,936,691,666,715,1125,804,1453,527,1321,1991,1769,1255,690,1140,747,652,761,3690,2825,1209,1319,2183,1041,638,402,750,995,1252,1353,1596,599,1016,376,2210,1362,2763,1226,1740,2481,2375,1302,2025,1483,2917,1786,737,568,911,1383,1717,2296,2022,2855,2335,2070,1308,1378,2198,2045,2845,1321,652,1849,890,487,876,1178,719,570,436,714,1017,1685,833,1334,1202,865,703,1003,576,416,435,1176,1389,1247,794,12,609,2352,1182,1114,2015,1155,1219,1528,1475,1648,5383,2774,4246,4043,2731,1803,2473,2199,1355,1042,575,928,1627,1206,1622,835,1330,3508,5696,2694,3411,409,709,621,406,723,1128,860,847,591,839,500,1787,885,572,1468,1167,511,690,1666,1455,2918,830,643,2325,1065,2085,610,632,1011,7259,793,913,6133,5147,3204,1032,5397,2287,1100,779,728,2000,1626,1919,427,682,2827,364,647,466,1276,911,512,1568,1237,1359,1577,648,1600,1585,1182,863,711,810,965,1001,1380,985,1435,729,1177,1663,1873,1334,544,1547,852,728,1261,3269,2367,1183,1375,1542,1904,812,530,735,698,1172,985,1836,765,939,588,2507,1559,3810,2514,1248,1737,1917,1759,1186,1646,2690,2558,659,502,1254,1526,1871,1932,1301,2858,1802,1860,1457,1866,3027,1126,2477,1698,508,1449,1034,844,1089,1695,707,408,295,733,834,1798,983,907,1147,1107,1001,1209,552,308,343,1296,1459,1092,700,32,589,2292,981,1010,2678,1155,573,1726,1212,1309,5463,2718,4196,3618,2718,1912,2680,2508,2551,1735,670,870,1572,1286,1480,606,1081,2722,4865,4482,2386,547,1150,673,461,721,1621,595,732,709,629,613,1677,650,589,1421,1158,630,686,1653,1017,2584,689,596,2281,1116,1897,591,716,1116
sub-17,7173,580,978,5996,5216,3895,1088,5528,2866,1128,491,1433,1685,1569,2616,642,857,2625,385,585,1208,886,484,914,1888,2020,1888,1923,958,1264,1850,1097,970,1064,957,917,970,1749,1399,1622,610,1505,2037,2619,1954,751,1893,1229,869,935,3197,2683,1244,1703,2339,1208,874,613,746,860,1261,1174,1722,800,560,406,3523,2106,2801,1948,1872,2469,3210,1781,2797,1734,2303,1755,849,521,1240,1984,2029,2826,1713,2859,1955,1809,1115,1268,1750,1544,2198,1915,603,2621,1380,1052,1155,1385,981,633,1074,1122,1384,1842,1598,1403,1456,795,883,1199,408,538,409,2333,2212,1528,614,0,797,3543,1242,1459,2497,1097,1444,1328,1392,1438,6447,2054,3680,1999,2358,1430,3547,3069,1484,1562,768,1267,2017,1239,1406,649,1807,6001,3439,3012,3143,642,847,755,430,545,1215,1167,609,527,1030,609,2120,848,341,1276,1104,552,918,1573,1461,2531,1911,867,2974,1370,854,735,779,1243,7492,1118,1278,7228,6445,4649,1254,5000,2446,1328,889,830,1668,1557,2965,909,1372,2820,649,781,800,1794,1184,625,2290,1625,1308,1989,702,1817,2172,1008,1285,647,687,885,1143,1304,1288,1688,586,1084,1733,2839,1620,610,1405,496,769,992,3576,3071,1065,1539,2224,1448,1025,491,879,700,1049,1324,1951,850,1097,601,2472,2338,4024,2550,1824,1914,2082,2140,1364,1502,2585,2400,708,470,1598,1656,2530,3037,1285,2841,2021,1793,825,1763,2195,633,2237,1680,321,2062,1111,1209,1632,1469,546,548,322,893,1171,2113,1150,989,1054,908,958,1056,1097,460,550,1161,1246,1125,590,0,651,2748,1210,1236,2148,959,700,1523,1019,1027,5466,2467,3135,3621,3785,2164,2264,2260,1964,1309,1107,1704,3353,995,1795,1268,1176,2813,4440,3977,2892,934,1041,926,494,973,1006,1413,866,622,871,693,2271,768,762,1273,1045,579,861,1746,1133,3212,824,656,2402,1147,1835,798,652,680
sub-18,5965,481,781,5604,4407,3406,644,4550,1966,911,793,1343,1150,1053,1452,371,601,2204,425,678,954,1162,526,368,1726,1607,729,1439,705,1035,1244,641,572,823,451,539,1010,1171,862,1018,703,1189,1455,1495,967,590,1032,680,1072,770,2341,1800,1174,1337,1641,1278,630,424,761,579,1068,1460,1604,628,971,465,2728,1961,3130,1611,1546,2212,2564,1139,1785,1463,2879,1777,538,898,910,1272,2216,3299,2015,3715,1641,1837,1025,1319,1919,1574,2062,1620,526,1644,831,634,989,1486,1080,650,500,757,965,1446,678,1333,1025,637,768,861,534,351,488,1276,1831,1123,551,0,559,1835,1109,864,1734,817,1427,1045,1505,1853,5466,3069,4217,3541,3158,1803,2139,2304,1516,1068,595,619,1599,1179,1146,789,1368,3984,5299,3147,3116,297,821,709,385,606,1149,603,552,380,852,725,1841,772,357,945,1207,559,750,1453,1231,2439,825,548,1970,1025,2059,446,796,713,5974,828,763,5359,4315,3148,1013,4381,1939,1300,949,1300,1345,1238,1546,518,785,2850,378,345,747,1329,441,313,1472,1014,1138,1680,714,1064,1272,907,776,825,967,848,914,1254,884,1186,842,958,1204,1397,1130,648,1072,729,450,1064,2673,2550,1113,1257,1393,2051,635,322,478,708,819,1325,1906,914,731,574,2293,1601,3682,2455,1582,1687,2621,1698,1166,1253,2258,2479,769,663,1046,1144,2389,2976,1454,3215,1628,1754,987,1824,2033,700,2366,1377,395,1388,1014,779,1133,1749,516,459,272,579,821,1528,832,819,904,878,885,930,660,295,315,1261,1328,763,442,24,478,1568,1059,785,2195,768,644,1148,1513,1695,4452,2122,3332,3629,3394,2136,1815,1929,2290,1263,902,1007,2280,1154,1354,747,1042,2360,3783,5104,2877,413,826,901,413,613,907,591,416,513,571,650,2013,505,637,958,1038,481,665,1336,1281,2855,504,525,1557,1018,1351,511,1068,803
sub-19,4740,558,504,4094,3721,2921,763,4953,2473,951,438,1439,1106,1263,1506,440,590,2096,319,564,867,740,500,517,1165,1834,1468,1212,890,1210,1188,696,646,880,561,683,653,1297,1022,1379,544,1590,1995,1814,1717,681,1373,1295,1137,852,3203,3216,1256,1194,1706,909,730,517,717,938,1344,1300,1514,589,623,457,2317,1742,2251,1242,1225,1813,2459,1200,1442,1491,2855,1396,496,435,521,1178,1835,3037,1352,2226,1304,1789,1023,1192,1740,1563,1933,1374,595,1807,1097,730,817,1254,915,576,428,666,757,1416,587,1106,1005,703,675,753,460,370,427,1387,1573,1248,621,5,480,2966,1246,784,1520,764,1296,897,950,1093,4835,2356,2849,2381,2353,1858,2397,1630,1024,1232,629,630,1355,870,1282,643,1364,3048,3717,2726,2827,391,910,586,292,596,1207,495,543,452,843,300,1390,729,266,1126,1516,559,558,994,1138,2423,718,515,1560,730,1510,488,796,727,5816,486,881,5530,3699,2419,850,4205,1739,1081,497,657,1579,948,2109,608,897,2019,413,423,545,990,626,333,1366,1351,1383,1299,665,1245,1557,923,690,470,548,813,1243,1247,1323,1774,892,1180,1558,1936,1245,707,1343,823,719,929,2599,2245,967,1363,2448,1234,745,471,670,895,1055,1298,1772,622,903,576,2257,2024,2701,2237,1355,1274,1622,1162,999,1139,2101,1796,422,358,740,1114,1996,2777,1072,2484,1336,1344,804,1396,1744,939,1741,1580,430,2156,1133,1038,1038,1544,630,464,211,675,807,1531,698,742,751,723,968,855,651,306,380,1125,1415,1372,476,11,538,3093,1042,701,1894,767,550,1010,1165,1179,4293,1960,3066,2984,2686,2156,1708,2264,2199,1234,464,1246,1801,942,1207,800,1197,2650,3402,2624,1993,497,1063,656,382,470,758,662,561,583,540,288,1591,564,472,1223,950,505,630,1068,1116,2294,434,460,1624,1174,1530,539,851,905
sub-20,8162,583,950,6750,5409,3081,865,5226,2920,1294,891,1860,1400,1441,1684,454,842,2232,594,728,877,819,765,372,1765,2454,968,1973,847,1463,1634,963,958,1115,1126,571,576,1114,909,1188,914,1104,1846,1977,1928,854,1653,933,1297,1218,3962,3375,1499,1149,1967,1139,718,586,918,733,844,998,1561,721,991,341,3114,1814,2655,1518,2178,2576,2923,1817,2919,1136,2086,2212,655,651,1146,1771,2001,2920,1879,3749,2382,1567,1193,1159,1686,1321,1899,1262,911,2182,1199,845,838,1545,823,751,376,916,1287,1532,783,1651,1209,683,879,1020,612,426,445,1891,1592,1089,714,2,776,1571,1389,979,1767,841,1145,1484,1240,1729,5887,3107,4101,3057,2405,1669,3264,2735,1710,1168,955,1197,920,1067,1273,897,1546,3766,5279,3814,2569,381,1017,657,351,664,1165,843,1012,512,956,929,1778,819,373,1110,944,530,837,1777,1738,2331,644,725,2054,1432,2543,658,822,1007,9233,1171,992,7500,5114,3659,1191,4913,2536,1234,752,1102,1970,1560,1928,929,1255,2722,725,645,742,1682,1332,293,1695,1402,1108,1639,752,1384,1742,1049,1062,681,714,896,1118,1394,1147,1286,769,1020,1587,2454,1387,794,1031,636,558,1737,3458,3292,1131,1421,2030,1600,900,517,936,765,555,1615,1860,1397,627,733,3000,1659,3640,2335,2031,1720,1973,1495,1364,1619,2552,2330,775,404,1095,1344,3079,2760,1453,3713,1998,1578,1249,1462,2471,1014,2227,1487,580,2111,1562,1232,1268,1748,574,419,283,715,915,1464,941,920,986,1076,1080,1322,642,298,432,1138,1066,862,616,19,681,2245,919,959,2717,817,686,1645,1673,1392,4065,1632,3040,2811,2876,1552,2641,2289,2506,1957,1383,1458,2975,1301,1799,1165,783,2534,5525,3407,2837,770,826,798,480,657,1261,1107,1035,551,625,987,2016,403,539,1180,1012,404,771,1964,1106,1586,580,646,1750,1345,1538,726,633,558
sub-21,5576,725,898,5413,4825,3175,883,4591,2231,1384,558,1406,937,1192,1910,414,1009,3010,416,550,721,953,503,374,1253,2136,1245,1065,876,1559,1529,947,629,845,785,621,837,1431,1046,1350,609,1693,2138,2555,1174,733,1279,686,703,710,2735,2813,1263,1557,1994,983,871,454,627,901,1136,917,1717,655,815,378,2803,1960,2418,1652,1379,1898,2510,1476,1820,1389,2826,1772,839,644,981,1481,1606,2655,1665,2890,2374,1915,1180,1210,2127,1585,1857,983,433,2574,1263,961,697,1201,761,536,411,666,948,1819,956,1383,1117,923,739,962,607,330,343,1271,1804,941,873,34,444,1455,1191,872,1856,774,988,1241,1219,1591,4736,2678,3872,2552,2517,1710,3891,2715,1173,2000,716,966,2012,1256,1316,930,908,3210,5760,3332,3235,584,670,557,269,800,1661,788,827,675,1006,909,1590,620,323,1022,1092,461,696,1276,1164,2383,724,490,2001,1007,1919,662,1223,1114,5907,600,1127,5654,4512,3317,1263,5004,1859,1213,648,727,1770,1158,2105,439,1057,3214,493,542,795,1530,842,503,1843,1397,1297,1371,724,1613,1494,1009,868,701,698,882,967,1420,1030,1368,942,1158,1681,2811,1186,876,1208,683,632,805,2610,2444,1157,1532,2103,1327,1031,374,529,933,944,1302,1996,740,964,557,2042,2010,3658,2883,1595,1731,1471,1609,1150,1600,2486,1987,661,312,1106,1827,2517,2842,1432,3029,1322,1589,947,1684,2033,746,2322,1575,406,2010,1065,1355,1178,1456,590,395,303,698,914,1802,908,792,1017,800,853,938,603,324,367,956,1498,1039,578,41,401,1938,1059,936,2432,665,690,1452,1473,1542,5369,2079,3918,3690,2984,2736,2503,2296,2184,1390,1080,1099,2863,1143,1279,1281,935,1976,4745,3957,2994,501,794,889,355,820,1043,880,796,388,904,710,2095,489,546,1147,1042,493,823,1420,1206,3086,698,571,1949,1225,2255,743,728,741
sub-22,8547,766,796,6176,4960,3811,639,5532,2706,999,616,1167,1342,1242,2008,436,811,1783,408,725,1066,815,696,318,1202,1711,1303,999,808,1590,1471,699,694,906,610,605,741,1064,872,1323,519,1422,2060,1677,1747,771,1219,636,764,669,3305,2491,1244,1411,2219,1033,753,463,665,745,945,1183,1371,654,550,402,2144,1390,2549,1011,1552,2413,1803,1303,1774,1515,2865,2948,601,814,1009,1726,1611,2226,1704,2752,2057,1943,1155,1350,2107,1449,2165,1164,337,1906,910,519,943,1438,963,563,380,607,485,1567,712,1398,1124,713,663,893,549,383,421,1025,1079,1057,771,5,756,2525,1214,816,1932,968,1375,1052,1146,1409,6091,2701,3175,3925,2912,2039,2316,2257,1055,1521,851,872,1693,1086,1130,802,907,2698,4105,2386,3373,353,829,775,422,681,1096,989,792,362,766,676,1745,505,280,810,849,471,597,1274,1349,2396,643,461,1853,891,2423,548,773,1102,9094,556,667,6735,5379,3170,1144,5530,2048,1704,1034,926,1672,1331,1875,660,969,2454,412,452,850,1037,768,331,1687,1404,1212,1495,1012,1639,1502,908,936,479,738,748,1062,1208,925,1507,585,1268,1362,2337,1610,830,1615,848,759,1163,2746,2667,1086,1986,2363,1409,857,393,507,1114,539,1325,1780,920,853,591,2239,1318,3312,2203,1471,1470,1542,1389,1294,1526,2258,2065,539,243,924,1996,2525,3231,1327,2100,1228,1431,1238,1706,2394,921,2227,1370,527,2246,1180,1069,1201,1292,626,439,234,636,826,1522,794,863,997,761,889,884,681,299,366,1022,1319,888,699,52,719,2259,958,784,1829,1000,533,1255,1245,1420,5193,2187,3144,2712,2412,1862,2070,2354,2446,1177,896,789,2041,1240,1357,793,828,2160,4468,3743,2599,508,910,567,443,595,865,806,612,565,572,567,1535,515,639,1099,973,434,737,1115,1325,2345,574,503,1439,1192,1413,551,589,696
sub-24,6578,559,676,5555,4174,3025,792,5812,2933,1193,578,1127,1485,1214,1680,678,928,1899,525,569,722,934,435,367,1501,2218,1488,1254,886,1350,1422,799,814,1013,848,726,837,1297,1151,1607,714,1483,2497,2744,1801,843,1594,1305,1280,1134,3687,3012,1458,1799,2026,1176,647,423,626,939,1013,1869,1782,564,743,431,3131,1962,3155,1499,1159,2225,3193,1559,2196,1378,2910,2185,941,667,1398,1823,1871,2818,2206,2561,1582,1718,1141,1295,1958,2141,2259,1689,1211,2460,1218,803,915,1429,801,586,434,780,1160,1561,661,1661,1124,700,687,968,605,393,499,1510,1538,1449,836,2,638,3116,1120,1199,1937,1196,1268,1244,1140,1547,4861,2745,3738,3379,2894,1799,2676,2088,1107,1372,655,792,1589,1518,1725,755,1269,3763,5379,2889,3584,528,969,633,389,679,1355,599,595,504,947,856,1537,666,266,1613,1090,496,716,1487,1114,2157,708,584,2125,1125,1898,490,1073,788,7490,579,878,6632,4629,2800,1067,5576,2397,2018,927,1220,1419,1759,2076,712,1232,1915,564,301,477,1004,663,358,1655,1542,1606,1402,935,1533,1523,801,979,840,899,932,1072,1363,1160,1525,926,1581,1707,2486,1553,765,2180,805,1090,1291,3138,3022,1284,1804,1570,1595,903,776,788,822,806,1276,2165,891,837,815,2902,1869,3065,2536,1477,1580,2083,1390,1114,1528,2750,2530,663,395,950,1334,2480,3261,1508,3221,1899,1448,1240,1593,2270,1335,2439,2188,431,2618,1588,1295,1403,1623,475,432,251,692,1108,1770,1008,1037,1128,953,1024,1011,587,364,449,1167,2011,1190,570,10,764,2446,839,936,2107,1020,499,1091,1304,1647,4791,2664,3086,5196,3059,1760,2221,1885,2534,1650,683,987,2202,1711,1422,884,986,2703,5202,3666,2724,539,1163,638,402,329,814,681,490,603,761,787,1599,631,668,1656,1138,592,765,1622,835,2923,552,544,1833,1022,1844,618,864,1090
sub-25,6143,527,857,5248,4902,3441,890,6246,2758,1870,950,1682,873,1005,1868,292,652,2396,448,760,680,886,802,351,2118,2089,1245,1080,856,1482,1431,753,559,857,493,760,980,1388,1067,1775,805,1663,2255,2287,1625,745,1693,1534,1500,948,2933,2254,1382,1460,2365,1220,651,541,947,926,1121,1370,1914,572,1054,394,3209,2149,2493,1352,1388,2002,2658,1033,1650,1138,2332,1860,753,904,731,1256,1756,2542,1629,2637,1551,2143,1194,1393,2149,1726,2607,1095,1015,2861,1391,814,875,1334,883,614,390,767,741,1601,606,1019,1070,633,717,874,515,362,349,1092,1389,1460,823,22,529,3399,1122,1045,1958,919,1343,1464,1950,1440,5207,2778,3606,3426,2733,1749,2306,2243,973,1160,460,799,1589,1245,1285,721,1035,3154,5327,2820,3305,410,766,638,372,730,937,1039,666,723,797,623,1557,672,526,1152,912,514,642,1348,1065,2174,665,527,1943,1429,2027,598,857,954,6611,742,872,5363,3675,2593,1017,5925,2526,1574,790,1199,1128,1526,2060,576,839,2056,415,506,662,1023,654,409,1614,1444,1406,1477,653,1361,1661,1231,1032,665,719,994,1152,1321,1006,1731,924,1158,1579,2233,1452,574,1268,1041,1223,1237,3296,3806,1275,1625,2382,1470,1194,822,953,849,969,1027,1880,989,1038,542,2378,2033,3207,2399,1772,1550,2055,1185,1053,1436,2877,2304,637,459,757,1357,2053,3228,1430,3018,1370,1833,1161,1918,2391,891,2348,1422,804,2447,1260,1317,1164,1804,750,419,255,693,938,1532,914,908,1043,1077,931,1021,609,324,418,2012,1471,1237,445,11,624,2388,1204,761,1977,822,616,1738,1296,1687,5682,2627,3898,4083,2836,2361,2631,2087,1989,1261,925,1263,2016,1641,1569,679,1417,3180,4727,2344,2797,577,1185,694,412,656,734,661,827,653,446,412,1822,489,697,1232,1078,460,784,1693,936,2611,539,451,1745,1263,2287,613,652,1054
sub-26,7339,574,728,5590,4273,2990,794,5100,2556,965,524,1010,1383,965,1512,391,845,1692,371,497,776,840,577,521,1239,1352,862,1299,626,1050,1334,560,751,677,543,515,631,1180,744,980,690,924,1422,1614,1408,709,995,1015,1222,1011,3434,2624,1169,1688,1724,883,509,355,390,997,1200,757,1505,511,796,434,1881,1446,2240,1323,1329,2585,1521,1404,1876,1286,2520,1678,759,490,780,1680,1695,2113,2275,3269,2046,1764,1199,1291,1921,1455,2119,1192,420,1877,770,630,680,1214,921,525,425,595,866,1569,815,1487,1251,543,688,903,431,383,367,1215,1113,1209,624,3,633,1789,1398,812,1772,991,1038,1153,1161,1455,5678,3359,3027,3385,2954,1511,1654,2250,1003,1637,573,860,1699,875,954,805,1127,3028,3520,2319,2783,535,852,512,357,710,1098,558,737,389,721,652,1348,527,413,826,843,500,645,1755,1313,2608,762,577,1887,1058,2202,550,950,977,7115,647,949,5824,4170,2938,1071,4512,1925,1162,655,899,1362,1333,1799,528,889,2259,452,423,596,785,621,366,1333,996,1077,1204,613,1179,1435,1123,659,458,676,829,1114,1172,1051,1337,557,1380,1222,1407,1129,614,1334,841,758,640,2961,2568,955,1579,1555,1313,953,478,672,592,907,1136,1651,571,835,557,1962,1514,2979,1958,1446,1526,1746,1712,1035,1511,2420,2175,651,390,1249,2015,2787,2545,1429,2592,1514,1581,1120,1559,1647,683,2251,1589,294,1616,997,645,1231,1384,574,468,250,667,876,1586,894,906,896,1033,744,811,488,336,406,1106,1235,919,632,25,645,2081,1043,729,1864,1031,490,2319,935,1180,5584,2387,2874,2990,2458,1702,2208,2202,1503,1378,691,1213,2552,1104,1060,807,1098,2543,4001,3342,2445,555,976,659,430,609,988,887,573,771,533,347,1429,558,589,1134,969,537,744,1376,1241,2670,467,568,1859,1217,1662,562,626,917
sub-28,6435,474,746,5323,4668,3092,728,6185,2571,1414,627,1088,1312,1720,1639,526,876,2069,349,437,708,780,522,538,1639,1841,1359,1451,727,1787,1496,1005,896,1211,837,608,882,1433,916,1390,615,1341,1952,1701,1616,937,1816,936,1141,1066,3316,2780,1322,1956,2149,1050,1084,700,820,777,1157,1450,1805,509,1046,413,2644,1876,3126,1666,1395,2310,2070,1450,2308,1645,2923,1735,699,563,1129,2033,2093,3868,2693,3880,2236,1875,1610,1305,1758,1451,2487,1371,726,1859,1073,949,825,1424,954,532,400,713,1033,1677,704,1410,1121,872,676,1113,494,462,416,1600,1530,1252,654,1,478,1801,1053,916,1569,876,1245,1112,1113,1694,6109,3086,3859,3742,3109,1959,2730,2251,1590,1437,413,849,1292,1102,1134,729,1396,3805,5610,2926,2972,529,740,594,423,622,708,664,636,371,1013,881,1619,880,439,949,1088,568,839,1762,1772,2783,728,608,2120,1014,2477,454,843,859,7479,473,963,5919,5509,3443,804,5821,2159,1410,717,1002,1715,1491,1947,656,893,2533,366,484,552,1105,880,296,1691,1171,1253,1612,745,1594,1638,1016,1107,608,643,1020,1136,1308,1087,1493,728,1186,2156,2454,1317,527,1837,666,630,829,3003,2661,1218,1689,2325,1653,1181,661,688,1074,992,1725,2248,565,892,666,3103,2218,3117,2428,1578,1686,1779,1338,1189,1654,3216,2284,623,333,1664,1666,1983,3318,1853,4452,1726,1411,1293,1627,2318,816,2200,1778,346,2216,1093,1182,1344,1342,558,432,249,593,782,1777,960,952,1041,1171,1033,1100,542,338,393,1229,1865,1342,586,9,545,2164,1256,796,2229,832,592,1555,1311,1410,5757,2494,3995,3602,3229,2223,2253,1961,2202,1397,768,1187,2289,1430,1120,724,866,2590,5315,3587,2869,624,783,639,412,557,1103,853,770,388,642,492,1857,613,552,1007,900,545,869,1883,1454,2877,589,485,1706,1237,1774,585,850,831
sub-29,7262,417,776,5187,4115,2981,711,5444,2377,1405,692,1171,1036,1030,1910,470,711,2465,342,469,779,976,470,431,972,1654,1080,1007,761,1401,1353,733,680,833,623,608,706,1018,1011,1343,660,1098,1938,1707,1593,697,1863,1320,1061,903,3028,2860,1296,1318,1887,1057,677,462,637,985,887,1053,1723,701,1195,515,2118,1480,2769,1483,1959,2377,1263,1590,1903,1409,2471,1782,568,521,1136,1336,1161,1820,1743,2624,2346,1993,1278,1295,2318,1835,2334,1462,665,1961,1032,710,731,1149,792,507,355,669,1123,1479,727,1651,1217,608,772,844,568,385,415,1429,1706,1706,709,0,640,4028,1112,1008,1831,1133,1240,1063,1183,1513,4780,2194,2895,2670,2613,1595,2227,2137,858,1076,482,722,1201,1029,1041,590,1231,3157,3315,2090,2569,513,903,714,486,489,1056,329,568,458,937,626,1108,634,538,1046,767,444,777,1509,1512,2225,720,555,1943,971,1604,582,761,1004,6699,519,851,5350,3597,2226,1218,5295,1892,1254,734,765,1154,1230,1840,589,781,2918,358,408,512,764,556,320,1337,1212,811,1276,739,1441,1318,856,783,542,513,812,1131,1287,954,1597,689,897,1561,2269,1343,711,1373,952,466,995,3120,2942,1115,1581,2073,1434,1144,593,920,980,941,1509,1804,940,800,598,2188,1791,3374,1949,1547,1730,1801,1381,955,1388,2583,2057,656,420,955,1547,1526,2610,1065,2752,1491,1520,1048,1671,2521,916,1939,1635,425,1844,1061,929,1000,1478,591,389,229,671,695,1318,727,819,920,958,919,907,518,322,396,1053,1443,917,464,3,570,2711,894,936,2318,891,512,1902,1259,1219,5047,1863,2974,2992,3129,1421,2073,2215,2135,981,794,875,1876,845,1663,824,1111,2161,3475,4105,2532,430,1006,648,350,367,1212,498,455,457,481,491,1460,531,412,1048,862,444,761,1150,1554,2539,554,549,1796,1004,1416,570,713,1063
sub-30,6889,616,692,5361,4349,2273,606,5250,2593,1200,467,1111,1331,995,2099,493,740,2135,351,438,591,655,542,359,1976,1943,1622,1345,894,1458,1686,891,694,965,731,725,940,1304,900,1540,563,1559,1820,1919,1953,968,563,1298,1217,1353,3636,2754,1340,1508,2009,1052,695,411,574,1283,1032,982,1571,573,981,327,1750,1988,2689,1339,1728,1977,1780,965,1483,1469,2715,1878,536,460,642,1545,1360,2034,1853,2724,1798,1899,1125,1464,1991,1506,2325,1288,798,2461,1112,405,907,1422,904,604,326,608,786,1422,735,1173,989,625,769,1004,514,415,425,1339,1275,1468,679,3,654,2207,1162,961,1461,959,1254,962,1077,1519,5405,2724,3336,3831,2590,2016,2132,1906,1374,1217,700,751,1284,1015,1437,722,1411,3432,5251,2989,3245,462,712,695,399,272,1132,693,571,377,1219,947,1762,586,350,870,881,513,654,1117,968,2955,613,555,1668,838,1625,472,1085,826,6530,1137,896,5443,3912,2603,1014,4481,1834,1021,634,698,1435,1126,2496,691,774,2373,418,486,579,1089,877,349,1670,1252,1466,1535,1186,1384,1614,1006,677,589,782,894,1254,1453,1237,1429,785,1341,1366,2190,1637,858,1585,1106,1293,1355,3055,2323,1058,1368,1472,1159,845,469,733,842,808,1377,1783,1334,865,709,1258,2024,3089,1903,1403,1781,1122,1341,1324,1284,2431,1920,696,263,1092,1413,2873,2667,1427,3328,1490,1712,1327,1859,2204,961,2541,1390,590,1218,618,494,1113,1463,581,404,239,635,668,1273,919,887,775,883,784,862,556,294,388,1152,1382,1225,635,16,531,2552,1100,703,1855,1035,607,1088,1282,1268,4962,1970,3445,3136,2645,1973,2758,2116,2033,1753,1288,977,2368,1042,1437,720,1029,2613,4843,3788,3272,484,793,722,457,457,1037,926,1018,457,707,786,1833,549,493,1087,920,493,646,1225,832,2326,515,475,1682,881,1607,513,604,952
sub-31,6672,599,774,6100,5779,4104,1053,6072,3517,1166,591,1356,1185,1391,2232,462,974,2371,432,834,1150,1482,858,778,1695,2413,1755,1489,1068,1458,1593,1184,804,1228,1025,929,1255,1995,1359,1661,733,2021,2291,2515,2398,934,1875,1551,1110,1052,4120,4226,1550,2216,2243,1350,962,462,614,1273,1511,1610,1709,654,1018,568,2163,1657,3287,1553,1823,2429,2192,2051,1828,1705,3359,2523,603,968,1038,1579,1630,2684,2171,3847,1914,2163,1267,1376,2401,2158,2200,1868,511,2315,968,711,1090,1668,1213,798,454,1060,1590,1767,1045,1417,1367,882,870,1103,693,511,541,1722,1788,868,816,6,718,2166,1785,1143,1988,874,1069,1203,1342,1694,6319,3359,4135,3366,2760,1573,3723,2475,1400,1682,786,869,2578,1097,1082,929,1737,5099,4518,3481,3190,554,1076,570,388,818,1265,1079,1125,610,1297,867,1526,629,403,1292,1131,592,849,1296,1522,3026,1044,839,2258,963,2201,721,1332,640,6810,1165,1232,6604,4746,3307,893,6009,2190,1350,696,814,1433,1407,2406,505,730,3054,444,513,802,1570,1409,513,1988,1468,2147,1320,1115,1944,1803,1060,732,761,993,996,1418,1489,1183,2149,878,1680,1707,2648,2260,1162,2086,1079,1439,1854,3174,2765,1259,1636,2703,1558,1074,769,900,752,875,1376,1820,664,991,583,2642,1885,3725,2406,1157,1963,1931,1951,1624,1714,2877,3001,1247,516,1678,1763,1534,2510,953,3395,1562,1710,1304,2076,2636,751,2128,1999,739,2014,1066,1112,1337,1690,675,466,277,818,1094,1793,934,946,1104,950,943,943,643,349,505,1177,1711,991,628,50,498,1976,1292,845,2370,824,614,1698,1512,1538,6467,2850,3904,3481,3014,2252,3260,2479,3341,2276,1190,1220,3141,1551,2072,1222,1091,2360,5651,3894,3857,508,1132,986,415,697,1252,658,1284,629,1139,940,2166,709,663,1334,932,560,873,1504,1787,2748,581,629,2214,1258,2243,635,697,1173
sub-32,6574,536,670,5672,4480,3787,967,6241,2722,1347,459,1351,1069,1917,1833,482,1103,2889,368,551,794,971,684,681,2044,1907,1467,1639,873,1517,1427,836,958,1293,994,663,911,1407,1051,1861,610,1248,2073,1641,2037,943,1860,1361,1572,1176,3511,3439,1409,1815,2062,1131,605,413,499,1270,1293,1629,1759,660,965,533,2779,2323,2838,1524,1807,2263,2114,1617,2141,1652,2569,1683,870,589,933,1427,1667,2794,1974,3709,2390,2047,1207,1388,2381,1811,2560,1718,858,2062,1140,918,1080,1443,961,550,390,844,1312,1825,797,1418,1470,686,800,1008,607,508,521,2581,1530,1321,752,5,586,2107,1390,1263,2044,1057,1367,1072,1623,1873,5666,3671,4025,4322,3591,2025,4186,2860,1783,2025,830,1011,1139,1158,1728,787,1953,4629,5422,4124,4435,687,816,746,503,437,1513,805,762,588,995,835,2140,833,688,1345,877,611,783,1701,1196,2382,842,678,2616,1220,2364,615,1234,651,7833,1333,1053,6222,4871,3768,1475,6298,2212,1358,877,875,1575,1825,2188,605,1041,2944,494,501,565,1806,896,448,1893,1264,1334,1794,737,1704,1541,1152,1033,788,827,973,1184,1400,1022,1630,1080,1252,1860,2521,1517,785,1504,593,889,1061,3436,3439,1162,2115,2521,1511,946,699,844,825,848,1288,2226,1186,644,712,2796,2092,3318,2458,1548,1967,2264,1818,1659,1424,2652,2643,1054,600,1262,1736,1918,2609,963,3101,2070,1702,1542,1794,2517,949,2475,1713,449,2447,1136,1002,1402,1603,892,494,281,755,952,1822,1170,928,1145,1027,992,904,633,393,536,2691,2323,1094,819,16,566,2237,1140,1096,2449,1104,719,1299,1294,1686,5669,2908,3528,3765,3642,2146,2682,2293,2109,2083,1625,1223,3125,1335,1798,1120,1482,3862,4832,3225,3998,457,1071,861,547,655,1340,899,1154,444,843,521,2174,556,342,1249,977,603,838,1660,1057,2669,695,556,2196,1371,2278,625,756,931
sub-33,6093,415,648,6230,5028,3475,741,4759,2246,1090,379,923,1438,1050,1931,680,1193,1482,430,631,752,739,579,649,2104,1524,1039,1402,842,1220,1154,844,559,815,530,699,835,1286,1136,1325,605,1712,1641,1807,1899,811,2256,1307,1471,1156,3084,2705,1141,1700,1924,774,768,485,751,627,982,871,1396,540,905,380,2469,1928,2729,1342,1692,2279,2269,1268,1581,1599,2705,1505,576,440,869,1078,1206,2250,1458,3042,2225,1659,1192,1116,1579,1713,2412,1426,801,2426,1170,798,626,1245,816,615,428,822,977,1542,891,1227,1288,616,807,845,557,439,386,1145,2424,1289,812,11,514,3562,1319,1179,2165,1125,957,1411,1194,1691,5003,3307,3310,2775,2400,1700,2338,1731,1132,942,632,866,1583,1191,1467,845,1506,3289,4129,3193,3518,535,783,561,435,564,1456,805,779,594,798,815,1429,705,498,906,1010,490,719,1495,1458,2359,826,659,2249,1459,2015,692,708,909,7008,412,941,6747,5140,2992,879,4769,2122,1616,744,1125,1695,1023,2485,799,1226,2030,517,724,587,1251,559,360,1454,1125,868,1487,802,1337,1226,943,571,441,505,902,1076,1155,1178,1379,499,1324,1195,1686,1460,553,2007,1028,940,1331,3361,3079,1071,1646,1501,1381,707,399,451,1092,889,1253,1863,571,898,628,1966,1738,2920,2389,1551,1280,1594,1342,1352,1541,2895,2136,748,361,942,1354,2275,1327,1215,3545,1816,1497,896,1559,2089,769,2360,1549,666,2062,975,1069,1037,1610,714,470,283,703,782,1426,1087,870,894,877,895,990,559,304,378,963,2211,900,673,31,423,3116,936,949,2096,1093,500,1163,1243,1460,5398,2287,3522,3782,3118,2097,2080,1764,2057,1214,614,1336,2411,1649,1800,919,988,2264,4643,3944,3407,557,641,542,447,686,1044,1014,488,573,443,738,1528,661,427,1356,909,474,837,1630,1141,2924,640,553,1923,1071,1635,640,760,986
sub-34,5173,421,577,4527,3774,2499,653,4488,1756,930,479,1076,1092,868,1682,328,676,1758,286,318,541,856,342,348,1206,1419,1375,1029,676,1272,1292,733,598,757,619,505,659,1130,770,1071,509,972,1443,1556,1580,756,1247,917,1179,763,2503,2433,1093,1112,1435,978,674,312,530,1021,1108,1006,1144,509,638,378,1828,1608,2249,1271,1337,1887,1745,1032,1203,1168,2272,1493,721,559,705,812,1022,1873,1309,2352,1880,1533,1091,1146,2081,1449,2008,1005,846,1946,902,683,881,1445,1016,492,347,592,834,1358,680,992,1115,447,564,672,407,337,343,1987,1266,1077,647,9,485,2635,1267,802,1471,1074,1187,860,1018,1286,5360,2546,2857,2988,2579,1478,1768,1546,1006,696,338,716,890,1119,1127,579,1660,3706,4175,1673,1978,367,688,545,421,331,499,323,393,666,751,684,1478,559,235,784,827,417,568,1250,896,2816,552,448,1608,839,1711,451,638,597,6142,661,952,4799,3451,2184,927,4514,1414,1086,610,751,1356,1174,1708,657,676,2101,446,357,416,898,533,262,1609,955,1025,1178,613,1431,1455,782,983,583,573,740,874,1076,734,1271,427,1173,1363,1432,1110,614,1500,716,822,962,2028,1885,1014,1305,1416,1539,692,460,592,739,668,691,1456,846,587,554,2351,1807,2509,1582,1260,1146,1284,1193,1105,1107,1883,1891,672,349,927,1631,2270,2027,909,2408,1175,1462,975,1432,1847,872,2354,1197,403,1744,1243,790,953,1274,550,337,247,725,799,1097,896,720,912,720,654,713,486,271,323,725,1499,799,623,37,565,2357,884,679,1604,890,685,990,1245,1277,5685,2150,3241,2698,2545,1938,2472,2063,1994,1296,619,1175,1854,1325,1305,775,736,2153,3986,2914,2266,468,890,576,532,385,990,420,598,580,608,459,1638,503,475,1064,857,501,484,967,1010,2622,450,466,1318,1129,1688,481,464,935
sub-38,5857,365,960,5335,4469,2954,602,5325,2508,1247,671,1110,1235,1211,1585,493,737,1888,419,540,755,768,415,410,1273,1851,968,1060,741,1135,1715,801,906,1029,599,713,723,1244,974,947,1017,1531,1902,2075,1357,721,1582,857,832,1029,3355,2939,1294,1648,2361,1213,483,334,466,1310,806,1058,1700,899,615,416,2788,2124,2502,1572,1861,2099,2423,1272,2003,1117,2728,2008,662,805,915,1341,1449,2596,1333,2180,1850,1670,1362,1042,2197,1919,2048,1441,994,2173,1191,822,907,1091,898,507,348,648,822,1524,619,1277,1337,560,687,1099,349,450,340,1477,1438,1167,623,4,585,2409,969,940,1728,824,1202,986,998,1558,5620,2473,3891,3081,2725,1923,2793,1392,973,899,515,791,1485,1180,1762,771,1393,3416,4297,2479,2970,509,766,701,369,648,910,488,756,452,722,851,1306,716,351,1016,903,476,587,1439,1712,2320,692,563,1910,1086,1965,535,1030,1154,6353,606,873,5804,4721,2909,910,4944,2104,1395,717,878,1315,1407,2065,410,677,2327,320,411,741,1057,753,364,1047,1184,845,999,821,1201,1651,1164,733,595,546,1014,1070,1164,1234,1351,698,1085,1477,1729,1237,769,1791,745,591,1306,3003,2868,1143,1633,1937,1481,1021,734,958,799,1113,915,2011,949,648,531,2433,1902,3087,2284,2009,1584,2036,1566,1534,1526,2484,2009,666,497,1223,1942,2310,2387,1106,2697,1661,1625,885,1698,2189,899,2254,1612,649,2075,1210,1103,1144,1208,589,397,213,613,568,1538,729,882,1204,1035,838,983,556,357,298,1071,2157,1077,322,0,485,2347,792,588,1874,732,540,1170,1168,1287,6134,2230,3175,3365,2903,1647,2619,1626,2142,1470,1071,1070,1839,1560,1554,603,815,2037,4278,4566,2806,441,1028,664,370,623,1186,645,693,490,446,754,1532,435,389,1121,1029,430,723,1455,1420,2335,532,520,1518,1010,1550,549,668,1220
sub-39,5072,488,712,5012,4137,3625,579,5213,2827,873,518,1111,1286,813,1715,447,820,1301,548,502,809,809,456,354,1068,1622,1189,940,690,1146,1169,866,470,780,562,547,718,1187,883,1141,624,911,1734,1844,1492,722,1487,995,1281,1040,3698,2931,1269,1941,2059,840,782,419,739,582,525,693,1406,693,490,416,1846,1540,2143,1159,1336,1902,1779,756,1086,1091,2099,1266,402,471,571,828,1172,1819,1247,2021,1644,1437,904,1268,1949,1562,1876,1122,914,2203,971,570,831,1331,884,571,346,525,574,1379,754,923,948,537,624,770,417,335,362,1333,1425,1445,770,4,467,2079,1053,631,1417,945,1019,978,959,1335,5617,2209,3508,2824,2421,1519,2641,2083,903,1060,580,770,1767,1371,1850,933,1070,2510,4319,2924,3418,512,596,395,383,675,846,767,701,516,760,786,1222,582,439,787,958,471,540,1237,723,2503,637,469,1417,660,2030,541,494,870,4941,452,820,4933,4657,2984,897,4508,2100,1315,488,886,1539,1157,1658,567,833,1921,484,387,423,878,565,308,1484,1147,1026,1283,579,1548,1152,872,770,555,758,881,907,1182,934,1190,905,1010,1234,1732,1342,739,1470,818,560,1033,3296,2843,1085,1366,1698,1010,751,374,451,890,616,1145,1429,767,690,631,1699,1417,2403,1860,1291,1333,1499,1125,872,1373,2055,1621,467,278,774,1320,2173,1927,1243,1892,1437,1381,1015,1571,2455,805,2051,1232,472,1617,757,784,1045,1655,593,396,220,641,677,1310,787,642,784,799,842,874,600,271,297,1224,1547,1194,575,24,423,1721,973,737,1755,775,460,1337,1172,1436,5397,1977,2823,3007,2381,1371,1628,1318,2126,1183,524,926,1706,1313,1446,874,1438,2433,5087,3429,2618,563,940,627,383,606,481,763,530,592,705,531,1491,458,481,1054,869,411,590,1280,927,2760,437,543,1421,871,1628,561,769,668
sub-40,6413,617,743,5880,4921,3167,900,5330,2475,1105,566,1424,1335,1613,1798,496,880,2156,403,729,769,822,658,500,1135,1731,1399,1202,638,1551,1327,937,686,1173,862,537,685,1437,637,1102,854,1447,1516,2151,1824,905,1296,792,1135,682,2949,2976,1367,1961,2006,878,803,562,758,707,1390,1715,1410,561,888,481,1698,1471,2567,1396,1502,2158,2072,1638,2411,1530,2287,1855,1062,521,1366,1800,1911,2831,2182,2974,2011,1944,954,1216,1986,1620,2038,1497,757,2437,885,904,907,1493,1329,641,471,733,1053,1951,1020,1326,1479,735,812,786,581,524,481,1984,1472,1273,674,1,600,1503,1628,964,1857,1016,821,1244,1239,1647,6600,3584,3904,4668,2667,1528,2889,2289,1002,1129,852,817,1588,981,1231,789,1845,3250,3720,2864,2297,465,909,480,315,779,1245,651,633,736,858,776,1346,825,365,1257,1180,543,846,1589,1620,2152,880,663,1935,1285,2580,857,1157,818,7833,666,986,6210,4978,3200,1418,5528,2144,1184,735,961,1559,1178,2132,448,733,3198,422,419,611,1044,693,308,1546,1201,1377,2134,569,1625,1557,881,610,461,566,1101,1306,1347,995,2004,811,1098,1600,2104,1302,670,1767,1000,1034,946,2863,2907,1228,1766,1987,1365,657,533,753,728,994,1297,1930,735,860,478,2264,1686,3187,2374,1533,1513,1910,1297,1585,1429,2543,1885,639,415,1249,2064,1616,2485,1288,3378,1972,1432,1257,1526,2323,778,2234,1683,644,2100,1129,1080,1050,1264,541,424,265,653,1086,1944,1034,976,1192,1163,964,1026,591,386,380,1612,1674,929,558,71,501,1735,967,877,2038,620,648,1409,1388,1499,5303,2403,3684,3460,2801,2086,2786,2161,2359,1586,1277,1237,2457,1402,1536,777,1250,2337,4825,3674,2709,349,1068,845,411,747,1088,625,1105,664,550,681,1794,725,553,1476,1164,556,790,1978,1181,2719,539,551,1866,1129,1465,556,671,1021
sub-41,7585,477,727,6366,5112,3466,798,6014,2770,915,653,1065,1644,1148,2285,469,1066,1643,399,495,732,732,458,628,1800,1897,1336,1904,1128,1797,1391,660,874,1152,618,752,773,1198,1056,1453,511,1676,1882,2182,1883,961,1685,942,847,1099,3451,2936,1279,1864,2209,1143,678,409,730,687,1246,1295,1771,461,864,553,3081,2056,3066,1709,1495,2357,2363,1132,1815,1443,2944,1701,568,575,718,1202,1605,2684,1799,2371,2455,1702,1341,1317,1905,1642,2084,1377,591,1996,1178,806,967,1436,1036,650,428,946,1237,1619,673,1383,1156,659,905,838,585,400,379,1919,1663,1273,676,1,753,3054,1162,1035,1569,1017,1318,1245,1029,1249,6633,2700,3526,4170,2570,2081,1746,2327,1120,1307,627,811,2224,1293,1184,961,1612,3771,4101,2813,2721,600,855,473,331,687,760,1015,704,401,1173,740,1492,676,358,902,1021,567,767,1476,1266,2121,830,653,1847,1074,1597,520,819,845,8211,582,1006,6512,5183,3447,1063,5825,2437,1842,725,1412,2102,1339,2192,727,1140,2925,473,476,678,1322,697,490,1646,1177,1331,1369,780,1423,1580,838,931,675,610,919,908,1290,1048,1488,809,1159,1572,1584,1196,476,1890,876,475,1175,3414,2819,1226,1622,2083,1524,661,432,479,1198,881,1261,1931,1068,1033,644,2026,1796,3405,2417,1797,1730,2165,1556,1191,1270,2480,2000,717,366,1208,1412,1929,2140,1005,2391,1764,1549,1527,1777,2000,835,2340,1742,669,1999,1169,1195,1186,1543,628,534,296,733,859,1733,844,875,967,964,955,941,558,353,379,1526,1807,1050,437,10,587,2343,1062,793,2190,844,506,2037,1141,1120,5938,1898,2827,3089,2641,1498,1663,2837,2454,1376,681,1623,2534,1350,1968,909,1043,2378,4128,4363,2916,678,966,863,375,723,589,1117,708,606,611,601,1957,642,659,1441,1149,599,744,1545,1194,2342,588,546,1636,803,1443,581,691,1030
sub-42,5653,531,616,5818,4822,3599,784,4564,2206,1273,420,1117,1251,820,1963,514,1097,2360,515,679,904,1090,407,454,1719,1692,1207,1344,791,1091,1293,607,586,632,497,635,750,1194,845,1563,636,1024,2002,1705,1492,1186,1168,919,1018,853,2906,2145,1121,1532,1678,980,504,408,654,986,1044,1555,1559,674,576,305,2115,1737,2841,1220,1323,2268,1736,1081,2375,1506,2078,1234,710,383,742,1657,1634,2726,1648,2203,1510,1919,903,1332,1507,1509,2180,1510,653,2136,982,634,806,1203,822,518,344,712,895,1855,677,1184,1312,706,773,952,403,426,359,979,1249,1230,615,16,663,3146,1227,1266,1877,900,1383,1062,1183,1380,4784,1914,3006,2533,2607,2177,2503,2047,1260,1056,668,836,1803,929,1730,1005,1248,2596,3936,3116,3399,446,580,696,374,905,1427,835,593,484,812,493,1749,578,418,1159,763,554,840,1263,1533,2113,744,499,1961,761,1610,566,901,1063,5648,746,800,5695,4546,2766,1113,4716,1709,1122,551,795,1656,1096,2265,794,1013,3170,444,431,780,899,642,430,1524,1245,909,1486,707,1390,1561,933,734,654,716,844,921,1126,815,1055,1004,935,1466,2088,1308,1018,1747,959,894,1388,2497,2093,1005,1957,2074,1033,731,385,442,1160,683,1651,2076,977,805,684,1932,1225,3393,1850,1300,1810,1268,1417,1465,1565,2219,1938,687,379,1472,2169,2057,2150,953,2295,1499,1403,1273,1594,1820,889,2354,1684,625,2028,879,846,1032,1240,498,475,281,693,828,1837,941,984,1188,1027,1047,1017,562,372,411,1032,1330,921,233,0,593,3317,982,804,1606,905,558,1034,989,1078,4538,1729,2782,2659,3247,2329,2485,1959,2015,1708,908,1369,2526,1163,1840,783,899,2122,4676,4223,3385,609,729,657,351,746,1406,912,608,478,598,593,1609,582,668,1053,1073,529,896,1376,1353,1958,659,482,1403,780,1191,627,858,856
sub-43,6715,533,712,6344,4567,3357,534,5610,2447,1180,672,1286,1434,1432,1683,450,587,1779,565,606,950,1013,539,472,1536,2293,1075,1025,731,1145,1539,978,664,949,607,723,824,1483,938,1648,916,1248,2210,1904,1234,692,1251,1419,1155,1279,3055,2191,1383,1593,1973,1266,703,538,826,897,1218,1351,2147,696,1171,570,3421,2787,3740,2094,2228,2203,2795,1448,1647,1505,2554,2642,900,1015,883,1446,1869,2644,1657,3193,2098,2021,1085,1246,2218,1761,2547,1191,691,1897,1270,1215,1175,1535,897,799,460,938,1184,1793,728,1563,1471,721,728,931,596,486,489,1708,2323,2245,1011,67,547,4208,1288,1418,1588,992,1241,988,1349,1398,5886,2367,2826,3761,2766,2171,2575,1859,1375,1000,472,1194,989,1338,847,493,1257,5305,4972,2093,2453,454,867,486,378,742,804,618,509,512,759,918,1284,910,430,1027,1047,607,680,1088,1118,1855,667,564,1781,1017,1258,560,966,1180,6998,577,1057,6033,5089,3676,687,5224,2400,1112,965,781,2030,1562,2317,1230,1462,2718,936,591,836,1085,531,371,1465,1510,1161,1258,855,1239,1556,1284,800,641,677,966,1069,1250,1290,1615,854,1217,1713,2737,1164,534,1197,766,730,827,3286,3004,1343,1456,2357,1672,991,599,774,747,838,1601,2201,1055,870,564,3383,2461,3442,2790,1366,1509,2290,1805,1763,1721,2220,2391,781,514,1389,1958,1391,2869,852,2918,1270,1484,942,1578,1994,923,2101,1608,346,2210,1450,1674,1338,1437,589,489,262,691,806,1984,1035,1134,1136,957,917,933,679,351,395,1183,1520,1300,422,24,572,3345,1100,697,1912,766,541,1159,1213,1492,5265,1737,4430,3324,2988,2349,3520,2518,2114,1474,833,1462,2029,960,727,756,813,1942,3956,3165,1703,672,1049,647,343,813,928,781,593,486,515,563,1563,574,703,1200,934,506,868,1233,1359,2522,554,502,1455,1013,1801,592,765,966
sub-44,6215,554,704,5509,4879,3712,822,6578,2485,974,485,1376,1134,1047,1805,570,828,1471,382,650,628,1049,646,436,1540,1349,1486,1375,844,1331,1318,678,721,857,712,676,749,1093,1093,1563,729,2092,1632,1654,2010,788,2197,1465,1286,879,3298,2911,1668,1389,1676,883,456,430,851,721,424,840,1319,981,614,399,2378,1045,2279,946,1168,1941,1527,1479,2099,1483,2887,1381,645,452,1034,1716,1476,2331,2262,2557,1619,1780,1193,1154,2022,1692,2175,1512,879,1784,837,388,831,1156,848,583,409,746,992,1375,697,1349,1112,540,683,685,464,354,332,1068,1613,961,770,9,515,1815,1235,1002,1806,1008,1244,1197,1131,1435,5490,2729,3568,3035,2864,2001,1948,2340,934,1032,574,772,1277,1582,1303,622,1165,2926,5489,2375,2289,497,675,578,462,330,740,771,716,545,1107,642,1716,533,478,853,915,498,723,1398,2061,2867,761,550,1905,869,1873,561,671,837,6433,505,1186,5478,4764,2909,725,5631,2032,1153,700,726,1776,1198,1927,577,865,2446,438,474,470,1123,560,455,1518,1318,1147,1174,793,1513,1634,965,677,591,730,994,1059,1373,963,1591,828,1256,1461,2249,1451,692,2006,966,805,1575,3084,2575,1081,1784,2233,1417,878,471,601,700,639,1515,1964,1211,890,742,1814,1375,3109,2297,2020,1602,1056,1459,1255,1575,2366,1687,657,302,1330,1577,1467,1772,1686,3125,1784,1645,1249,1642,2248,986,2403,1853,513,1774,546,1281,1156,1511,619,472,242,812,927,1146,833,916,813,828,904,879,564,296,379,1237,2561,893,600,7,530,1976,1049,883,2241,994,688,1237,1307,1301,5231,2475,3376,3963,3294,1902,2104,1532,2543,1229,757,1300,2094,1123,1256,711,913,2465,4514,4343,2286,500,870,682,527,413,891,668,599,407,575,501,1762,480,609,1139,820,515,806,1400,1371,3021,627,673,2014,1178,1648,601,664,588
sub-45,6524,643,762,5563,4760,3546,644,4920,2410,920,439,934,1149,1081,1663,401,688,1703,381,737,757,1202,685,338,741,2287,980,706,667,936,1204,933,550,646,564,572,770,1157,840,1339,1015,1423,1797,2408,1059,850,1477,829,953,899,3256,2641,1120,1356,2126,823,455,300,562,1412,1137,1768,1864,612,750,495,2419,1689,2911,1566,1579,2240,2472,1249,1966,1498,2461,1662,740,726,1014,1463,1705,2902,1828,2564,2051,1840,1145,1337,2364,1548,2316,1487,434,2386,1031,857,856,1146,984,518,349,457,455,1829,669,1261,1189,706,787,1113,419,419,357,1394,1043,1178,551,0,654,2638,1125,877,1697,834,1159,1580,1117,1286,5887,1972,3893,3529,2776,1866,2527,2316,874,1560,877,945,1820,778,1121,791,849,2241,3210,2154,2670,446,707,469,315,520,1215,504,768,328,494,485,1567,771,351,1112,1035,473,713,1185,1410,2382,729,467,1810,981,2010,538,1049,758,6766,476,892,5737,4495,2753,964,4969,2217,1178,595,910,1611,1132,1777,596,914,2379,497,317,456,753,581,290,1371,1338,1040,1490,514,1064,1331,1042,732,513,528,910,849,1146,1072,1389,1147,1034,1629,2062,1125,735,1021,546,765,767,3494,2950,1122,1470,1713,1339,756,603,756,811,1027,1271,2198,994,703,550,1719,1955,3624,2854,1610,1643,1917,1441,1073,1711,2457,2202,674,425,1128,1684,2699,3026,1598,3930,1658,1712,931,1747,1992,868,2399,1567,303,1779,935,943,1445,1370,578,412,259,621,847,1722,789,865,1239,1121,970,1014,523,355,356,1478,1253,873,296,9,483,2632,960,796,2094,789,500,1866,1268,1244,5334,1774,3457,3158,2884,1834,2622,2412,2072,1493,774,1020,1792,914,1181,799,1047,3029,3978,2977,2044,495,848,524,360,352,812,527,605,537,461,479,1432,525,427,1030,1037,520,779,1776,1311,2843,468,466,1678,1075,1635,573,684,1116
sub-46,5877,555,573,5464,4077,2923,749,5721,2629,1156,474,1209,1467,1379,1706,512,1044,1702,650,519,965,778,538,413,1432,1668,1497,1250,890,1251,1111,857,552,1038,692,587,761,1220,958,1225,635,1282,1674,1863,1920,1060,1176,957,1268,1073,3626,2598,1267,1500,2656,774,872,690,919,575,841,964,1521,566,998,478,1763,1970,2776,1477,1606,2209,1929,1282,1841,1522,2655,1475,681,433,595,1867,1657,2092,1626,2241,2312,1890,1248,1349,2329,1590,2377,1342,454,1994,786,618,787,1210,878,502,386,625,852,1455,732,1106,1051,641,637,863,512,351,453,1120,1195,1420,767,35,520,3154,1074,798,1594,948,959,1720,1095,1635,5763,2214,3330,3096,2887,1777,2573,1897,1125,1367,632,598,1506,1082,1437,1039,1393,3222,4809,2875,3005,394,807,510,344,637,1001,800,691,533,1141,635,1355,697,534,959,1002,488,584,1416,1065,2140,724,533,1990,1085,2075,562,871,1015,6610,722,790,5712,3923,2269,752,5194,2200,1196,567,884,1595,1272,1873,560,881,1838,486,440,513,766,665,348,1696,1297,1484,1802,642,1283,1258,971,731,610,632,954,1105,1196,1252,1193,1283,1222,1459,2007,1466,712,2101,805,803,1195,3223,3308,1235,1410,2037,1188,699,405,603,745,679,1307,1844,987,727,623,2097,2182,3162,2184,1721,1586,2041,1450,1041,1331,2276,1800,655,354,817,1495,1823,2487,1338,2459,1710,1752,1208,1784,2497,854,2371,1442,463,2104,1103,1204,1216,1624,523,480,261,778,800,1357,729,607,893,883,868,847,472,314,379,1561,1518,1032,514,29,469,2736,901,851,2286,810,488,1533,1576,1758,5288,2586,3200,3638,2909,1739,1918,1433,2504,1322,613,873,1599,1241,1293,916,1112,3247,5311,3159,2396,471,842,513,364,491,782,470,621,431,595,579,1337,480,570,1088,946,506,535,1572,1095,2877,504,514,1819,1295,1984,561,676,934
sub-47,6300,837,713,6080,4908,3992,955,5184,2751,870,693,1086,1053,897,1521,321,619,2221,414,745,792,1136,502,477,900,1239,1114,699,686,1064,1175,823,618,756,549,458,565,1129,761,1214,585,862,1379,1421,1157,745,896,690,1145,718,2833,2444,1354,1380,1470,1085,644,443,888,744,849,858,1418,665,809,536,2332,1930,2864,1433,1639,2073,2735,1289,1602,1395,2039,2012,770,738,837,971,1611,2462,933,2569,2114,1948,1049,1124,2226,1728,2320,1368,545,1676,857,566,839,1514,1071,643,431,798,1063,1719,629,1284,1178,624,723,823,555,406,438,2055,1203,1426,839,8,523,1595,1019,917,1840,938,1444,1189,1864,1458,3830,3234,2646,4119,2444,2166,2688,2422,1103,1921,942,817,1863,975,1151,817,1279,3376,3868,3059,3133,260,766,542,422,746,1101,854,721,400,671,798,1708,731,496,1305,1234,570,747,1372,982,565,662,636,1732,1519,1715,486,696,970,6899,1016,813,6496,4540,3045,1025,5212,1868,1585,734,785,1445,1025,1495,343,569,2479,303,509,674,1000,821,359,1428,1017,698,1243,607,1203,1201,737,664,522,555,669,812,1331,734,1035,746,872,1372,1592,1172,722,1152,458,552,1059,2555,2115,1084,1684,2116,1419,847,530,730,864,707,749,1543,1101,865,668,1617,1272,3371,2306,1544,2014,1597,1358,1335,1241,1571,1829,648,386,964,1312,1594,2263,1063,2348,1518,1561,886,1432,2111,829,2210,1455,418,2179,799,810,1114,1610,811,415,237,715,895,1797,820,732,1057,830,728,886,649,333,430,1077,1592,1265,625,15,479,2269,961,890,2119,916,631,1314,1370,1298,4808,2304,3969,3427,2815,1988,2991,2658,2372,1890,1328,871,2438,1016,1841,778,1255,2643,3604,3760,2778,442,883,685,496,723,1436,783,835,666,413,459,1943,462,661,1124,923,558,758,1248,1261,1922,523,533,1646,1194,1951,581,584,967
sub-48,6379,386,1262,5535,4871,2889,734,6381,2901,1607,590,1247,1913,1262,2267,514,1175,2231,505,502,1073,490,660,484,2067,1699,1261,1212,819,1720,1737,940,787,1087,777,807,794,1307,984,1367,597,1155,2211,1772,1319,601,1379,855,717,645,3890,3889,1358,2007,2167,922,828,609,789,1161,895,983,1612,809,779,500,2544,2026,2535,1481,1668,2467,2031,1234,1319,1473,2643,1661,593,626,785,1465,1771,2497,2125,2999,2076,1958,1442,1388,2295,1798,2381,1527,401,2419,1175,765,930,1778,1229,766,481,805,984,1678,978,1332,1282,822,776,945,500,428,479,2254,1429,1916,832,9,624,2861,1325,903,1912,1108,1368,1158,1205,1710,6227,3726,4462,4037,3411,1872,2360,2327,1073,961,660,1097,1590,1241,1212,782,2387,3385,5842,2564,2738,779,735,645,465,630,1021,661,652,586,1087,922,1824,708,395,1109,1134,516,716,1583,1572,3386,983,739,2076,1268,2476,772,679,1095,7445,518,1013,6272,4845,2676,900,5170,1944,1433,1115,951,1990,1443,2057,608,935,2700,553,589,600,1129,844,459,1708,1095,1199,1695,914,1762,1495,1127,827,626,937,830,1100,1722,1056,1282,1280,1243,1462,1572,1271,603,1743,689,988,1277,3092,3011,1165,1361,1411,1630,1127,608,849,1335,1172,2070,2175,676,886,645,2486,2291,3546,2793,1825,1608,2481,1281,938,1638,2796,2307,573,499,941,1575,2402,2752,1422,3273,1601,1420,1527,1623,2675,1159,2035,1731,407,1681,1038,1244,1467,1845,843,525,262,756,1124,1700,1160,809,1057,1103,979,943,645,322,490,1778,1935,1318,504,16,565,3007,1130,923,2351,985,555,1485,1399,1726,6149,2893,3559,4677,3864,2567,3082,2170,2481,1353,1029,893,2720,1340,1574,1093,1684,3636,4546,3073,2849,615,834,688,451,478,858,998,602,731,750,755,1820,560,657,1362,1139,514,732,1430,1239,3188,677,552,1701,1266,2072,693,885,926
sub-49,6197,579,613,5144,3164,2668,606,4774,2212,930,381,978,1044,1168,1930,405,702,2269,294,498,860,1042,496,330,1017,1659,898,1103,678,1273,1280,843,641,803,613,517,646,1061,694,1207,634,1222,1759,1563,1637,989,1431,799,1044,835,2683,2337,1095,1341,1661,861,656,436,537,827,855,993,1341,539,806,318,1824,1484,2240,1266,1166,2138,1886,1071,1414,1240,2120,1912,844,451,730,1186,1858,2621,1330,2591,1536,1843,1096,1074,1734,1144,1879,1388,566,2069,878,487,995,1220,973,550,434,610,745,1514,707,1247,1013,661,668,934,451,365,547,1589,1372,1481,773,1,518,2834,1156,800,1863,1078,1204,1486,1114,1233,5390,2322,3889,2413,2022,1429,2194,2570,1112,1398,625,846,1361,987,1094,552,1147,3044,3800,2231,2604,406,660,639,415,672,1019,518,782,399,748,694,1775,653,383,919,886,511,551,1161,1193,2024,616,489,1671,1036,1101,484,897,1068,6908,451,810,5117,3728,2491,1043,4363,1626,1477,598,600,1433,1328,1657,610,584,2604,321,328,466,966,515,335,1570,1090,1102,1316,446,1331,1432,1123,701,552,595,942,1029,1432,1081,1521,681,1362,1364,1763,1170,680,1579,722,797,1010,2366,2545,971,1297,1949,1372,848,486,706,731,1036,1145,1902,518,895,477,2388,1408,2849,1979,870,1386,1340,1248,981,1231,2347,2014,655,260,1215,1748,946,2426,563,2692,1121,1368,1123,1644,1565,460,1930,1474,541,1946,1231,941,1258,1499,686,390,201,590,784,1709,752,793,958,980,762,1296,545,300,382,1454,2178,1059,489,9,561,2195,861,759,2129,817,521,1312,1368,1324,5209,2218,3183,2556,2821,1581,1894,1850,1787,1171,452,965,1778,1636,1243,562,677,2597,4124,2623,2205,519,1186,538,324,588,790,471,610,425,581,419,1802,445,373,1013,911,434,705,1278,1435,2262,507,573,1763,1174,1549,486,652,1064
sub-50,7690,941,703,6778,4746,3264,662,5988,2695,1544,593,1265,1488,1131,1567,528,1011,2427,506,510,790,959,690,447,971,2235,993,1083,820,1083,1156,1159,517,930,996,696,726,1204,714,1437,705,681,2006,2200,1482,870,1426,1005,1214,1153,3354,2684,1416,1725,2069,961,691,438,530,1035,1145,987,1656,527,1015,409,2706,2028,2862,1596,1612,2436,2301,1217,2144,1637,2761,1480,811,514,1043,1850,1853,2740,1697,2941,2533,2048,1151,1171,1819,1777,2014,1385,720,2803,1576,838,966,1417,751,632,365,647,644,1792,739,1158,1289,730,789,908,594,480,435,1193,1455,1350,692,8,705,3782,1491,1022,1970,1074,1294,1197,1382,1514,6714,2666,4292,3551,3206,2188,3335,2804,1056,1938,1603,819,2195,1161,1550,1069,1195,3213,4512,3493,4825,531,919,510,413,747,1653,1131,842,542,755,801,1675,777,416,959,1420,526,901,1765,1146,2721,857,534,1652,1108,2107,562,1331,1007,7748,1433,952,6445,4895,2947,872,5401,2319,1234,661,806,1523,1579,1805,656,941,2472,472,438,670,1059,963,305,1163,1377,940,1120,705,1396,1201,1035,882,692,1126,876,871,1280,850,1258,913,1151,1431,2789,1262,644,1662,615,542,1008,3409,2828,1266,1807,1705,1284,951,638,774,729,651,1100,2104,1020,836,579,2321,2475,3580,2578,1045,1658,1800,1633,1255,1379,2683,2056,674,482,1123,1745,2110,3089,1560,3007,1651,1646,1471,1912,2449,956,2356,1502,467,2076,1059,1501,1097,1508,450,400,246,537,588,1816,887,881,1056,1159,880,1174,620,346,451,1440,1532,1059,554,29,544,2878,966,735,1926,952,612,1366,1109,1157,4695,2300,4700,4545,3237,2694,3212,2852,2544,2495,1792,994,3467,1074,1634,988,844,1772,4573,4333,3959,659,935,550,442,722,2027,902,1048,600,616,710,1593,582,715,1447,1094,515,759,1476,845,3250,482,482,1598,923,2099,603,676,992
sub-51,5560,669,572,4848,3655,2714,715,4972,2261,793,395,1171,1339,1162,1794,553,886,2088,429,440,721,813,740,592,1040,2141,1170,1346,935,1320,1310,918,639,914,544,628,805,1202,901,1477,502,1325,1711,1542,1666,999,1500,987,974,1105,2826,2259,1232,1444,2063,958,1039,689,853,663,1333,1387,1708,700,1319,503,2065,2149,2832,1209,1595,2441,1898,1632,1829,1538,2763,1646,783,411,883,1569,1713,2752,1812,3069,1882,2232,1203,1434,2400,1509,2246,1095,464,1737,1102,824,941,1363,876,640,422,660,966,1976,781,1330,1206,744,653,1073,648,408,376,1652,1361,1489,606,0,463,2022,1164,1110,2123,854,1081,1331,1387,1767,6262,3591,3791,4276,3168,1985,2427,2201,996,1529,955,760,1407,1020,1263,764,1615,3278,3924,2383,3143,525,453,656,412,601,1023,569,983,326,994,838,1474,804,609,943,1009,505,685,1215,1590,3349,902,543,2050,1396,2527,702,770,856,5497,1070,854,5644,4560,2844,909,5036,1987,1159,624,787,1691,1402,1789,500,1105,1906,414,612,821,1735,721,417,1146,1429,874,1269,804,1421,1370,1100,779,552,626,1034,976,1123,1120,1294,882,1235,1677,2093,1317,420,2098,727,707,763,3222,2765,1027,1402,2046,1487,936,459,713,810,770,1638,2206,1355,1042,535,2394,1937,3610,2247,1417,1812,1724,1454,839,1432,2865,2160,702,507,989,928,1986,2310,1477,2471,1447,1747,1047,1918,2448,937,2371,1248,374,1651,1229,966,1212,1600,581,446,260,664,660,1769,831,686,945,1058,846,1036,493,305,362,1497,1807,1225,624,27,514,2231,1128,728,2326,897,518,1491,1359,1384,5790,2232,3830,4136,2668,1998,2353,2533,2158,1545,1011,1133,2438,1015,1072,749,1026,2401,3525,2810,2650,621,834,602,391,893,873,695,705,595,568,567,1559,552,574,1487,984,512,678,1296,1208,3255,572,449,1692,996,1695,542,703,987
sub-52,6592,512,874,6108,5061,3906,664,6192,2971,907,587,1272,1499,1479,1837,650,1104,2248,582,575,847,975,749,443,1504,2389,1171,1641,890,1242,1620,1136,727,882,653,816,903,1482,1246,2034,911,1724,2333,2470,1533,780,1485,1163,880,1257,3992,3493,1478,1673,2747,1089,770,526,642,1633,656,1713,1822,1043,848,606,3156,1792,2723,1532,1635,2356,2461,1486,2077,1508,2912,1923,875,775,951,1569,1867,2366,2020,2709,1930,2325,1378,1393,2474,1965,2336,1760,685,2344,1285,529,800,1780,949,606,356,844,945,1858,802,1448,1368,851,800,1172,655,381,451,1530,1564,1653,734,1,867,3614,1330,1185,1678,1184,1223,789,1202,1225,6432,2407,3609,3654,3255,1688,1905,2773,1110,1407,697,875,1494,1095,1774,897,1522,3196,4616,3222,4023,509,897,530,393,591,661,1074,459,389,809,646,1316,715,531,1345,916,489,881,1236,1567,2950,785,537,1805,826,1878,666,996,922,8160,807,1013,7437,5009,3539,1091,5948,2145,1305,843,1040,1370,1520,2190,513,673,2455,420,477,586,1034,748,416,1713,1332,1398,1425,575,1580,1478,1019,898,532,671,1004,1073,1318,1250,1757,927,1501,1529,2006,1483,874,1473,1284,865,1257,3291,3517,1379,1583,2046,1591,1059,495,708,1112,756,1487,1787,1417,827,821,2608,1972,3558,2469,1473,1700,2111,1405,1455,1394,3373,2056,711,451,1066,1601,1827,2433,1443,3174,1758,2327,1203,2022,3030,1139,2729,1821,517,1923,1258,990,1103,1717,471,415,258,759,1179,1862,833,757,1118,972,917,1032,603,327,371,1350,1575,1089,563,31,565,2954,896,1094,2586,985,550,1246,1574,1277,5710,2089,2611,3527,2970,2321,2703,2470,2549,1689,983,1080,2563,958,1503,840,1428,2657,3817,4390,2985,433,968,704,391,276,1238,1183,936,535,604,586,1520,700,671,1301,1078,460,799,1620,1224,2550,679,585,2254,1279,1773,677,934,838
sub-53,6076,449,687,6069,4098,3803,793,4596,2239,935,455,855,1193,1097,1999,389,658,2056,384,648,1098,803,592,421,1198,1707,1152,1381,595,1234,1316,799,592,698,711,674,761,1160,861,1328,626,1319,1558,1873,1146,805,1592,912,662,651,2698,2503,1102,1426,1574,837,568,343,407,1025,890,1036,1550,584,731,418,2285,1548,2776,1386,1512,2097,2375,1567,1466,1466,2663,1424,539,440,898,1145,1783,3146,1814,2644,2038,1771,1055,1231,1889,1544,2164,1259,658,2117,907,708,798,1195,797,622,368,663,981,1655,764,1164,1090,521,649,890,546,404,423,1435,2322,1364,665,4,744,3160,1367,996,1620,906,1279,1888,1028,1585,6164,2585,3963,3188,2500,1964,2310,1952,1089,1474,923,863,1254,1283,1447,659,1273,3276,3677,2339,2380,339,940,681,345,776,1019,871,689,557,750,716,1521,681,435,929,924,536,724,1190,1105,2730,640,513,1856,1230,2023,656,1107,548,6399,664,852,6191,5129,3419,1100,4561,2008,1067,657,564,1899,1164,2137,612,847,1956,334,468,799,1150,744,327,1426,1075,1160,1378,620,1466,1318,1012,470,484,685,863,1098,1293,1217,1125,952,1492,1322,1583,1111,759,1451,1102,683,1367,2596,2094,933,1320,1778,1273,583,496,531,861,985,1046,1967,642,964,550,2417,1506,3475,2087,1105,1603,1697,1559,1223,1161,2275,2126,821,424,1170,1592,1962,2722,1308,2614,1310,1469,1071,1550,2001,669,2386,1429,494,1593,1202,723,1078,1535,521,460,227,626,680,1523,867,723,881,696,821,1293,688,291,400,906,1659,837,465,28,588,1903,991,788,2036,790,529,1416,1204,1273,7020,2269,3847,4484,2573,1746,2435,1658,2329,1860,1032,1055,1751,1108,1551,668,968,2009,3384,3352,2595,496,904,648,460,769,986,574,1022,902,467,591,1533,590,496,1076,874,517,583,1563,1345,2820,527,564,1568,1213,1466,556,699,1086
sub-54,5011,539,909,5092,4583,3552,618,5154,2464,1128,425,1469,1424,1135,1826,435,962,2240,368,619,951,938,616,559,1413,1698,845,1755,801,1234,1390,887,648,919,641,624,897,1460,770,1262,651,1141,1788,1950,1398,684,708,787,769,842,3270,2832,1193,1729,1898,1057,756,343,566,1020,794,1384,1621,915,862,414,2121,1631,2845,1386,1615,2143,2053,1493,2244,1604,2461,1706,1006,571,1038,1942,1753,2840,1567,3088,1862,1996,1002,1416,2031,2058,2482,1384,471,2161,1025,783,780,1169,1083,607,459,817,982,1862,925,1281,1249,634,806,1133,477,423,470,1488,1315,1310,711,0,438,2557,1568,1036,2113,1159,1316,1379,1289,1589,5462,2682,3601,2831,2529,1672,2471,2423,1510,1403,872,964,1781,798,1502,848,1754,2926,3507,3423,3749,436,633,673,513,829,1380,600,957,388,865,882,1778,646,480,1170,1024,549,710,1258,1463,2508,856,628,2265,1112,1965,633,994,783,5039,571,717,4814,4105,2911,763,4655,1775,1201,678,719,1607,1230,2004,656,871,2441,330,399,567,1311,671,388,1539,1174,1094,1646,945,1440,1337,968,788,669,675,796,983,1234,793,1513,641,1077,1601,2046,1276,683,1599,703,788,1206,2524,2217,996,1341,2049,1654,1035,583,733,869,911,1277,2114,586,816,657,1796,1982,3426,2282,1633,1536,2129,1807,1052,1428,2471,2289,677,437,983,1895,2259,2579,715,2958,1251,1514,1205,1934,2648,995,2545,1624,496,1547,958,808,1202,1801,568,416,249,684,953,1822,996,868,1219,835,982,1242,535,365,406,1304,1364,1081,493,0,485,2445,1161,849,2161,993,593,1712,1493,1578,5611,2042,3726,3479,3047,1811,2367,2314,2887,1721,781,1133,1808,1079,1744,654,1311,2957,4132,3747,2748,527,1012,732,407,490,797,817,644,633,504,435,1707,593,565,1246,955,587,701,1425,1255,3026,603,503,2070,1088,2259,693,697,953
sub-55,6769,586,1155,5976,5207,4446,714,7092,3108,1337,730,1794,1708,1417,2785,754,1252,1865,663,531,779,1087,550,653,2122,2281,1967,2509,1276,1850,1839,895,855,1162,928,638,907,1470,1044,2094,957,1199,2049,2251,2065,1069,1782,1117,1732,1324,3785,3305,1726,1955,2488,1290,619,641,702,1546,1051,1366,1903,530,1089,538,3252,2534,2979,1882,1656,2373,3302,1588,1781,1488,2996,2695,834,1248,1102,1479,2330,3560,2205,3104,2005,2164,1735,1630,2615,2081,2723,1455,884,2702,1917,831,1212,2127,1304,742,487,924,1387,2142,1123,1639,1222,1004,622,1270,615,477,666,1729,2016,1469,908,23,668,2201,1970,1168,2036,1142,1185,1146,1737,2087,7274,3619,5364,4146,3602,2319,3042,2299,1862,1386,763,1309,1748,1929,2609,1143,1677,6288,5931,3813,4568,909,796,499,427,539,838,1193,579,665,1283,730,1555,791,604,1386,1184,720,666,1582,1901,2902,977,708,2510,1224,3471,778,1228,1029,7653,1000,1221,6461,5462,3910,1209,6230,2399,1363,821,1085,2108,1663,2959,879,1060,3111,768,603,704,1760,922,599,2179,1435,2043,1761,1118,1947,1778,1139,990,854,944,970,1301,1425,882,1741,1250,1405,1785,1645,1949,843,1354,1063,1328,2095,3635,3063,1336,1821,1926,1896,853,492,516,1590,943,2223,2419,1404,900,814,2830,2071,4754,2816,2041,2197,3181,1910,2066,1904,3516,3019,936,752,1657,2314,3366,3789,2559,4416,2193,2100,1809,2247,3255,1069,2783,1966,675,2080,1178,903,1378,2118,813,523,326,989,1302,1976,1256,1283,1357,1039,1121,1501,949,459,520,1591,2305,1144,789,79,676,2760,1462,1014,2852,1091,804,2259,1792,2113,5887,3041,4460,4808,4357,2891,2164,2981,1950,1615,1090,1391,3447,1329,2032,1435,1558,3658,4765,2505,3723,816,973,1010,591,619,1387,1185,798,565,718,530,2476,666,834,1537,1270,633,1068,1855,1623,2975,679,682,2262,1589,2871,891,1336,962
sub-56,7858,640,944,6666,5396,3602,891,6558,3649,1236,768,1262,1633,1557,2664,676,1536,2942,538,556,901,819,768,629,1356,2259,923,1208,1134,1542,1917,1464,1087,1130,568,867,1235,1797,1625,1911,718,1841,1926,1782,2173,1043,1944,1572,1342,1832,4084,3482,2003,1805,2290,1007,1252,752,787,1614,953,1170,2058,711,1202,599,2805,3048,3470,2078,2940,2901,2999,1473,1652,1752,3202,1650,628,506,748,1057,1797,3634,2034,4003,3224,2317,1538,1764,2779,2357,2775,2274,821,2249,1727,1325,1239,2047,1449,830,484,843,1249,1996,1325,1375,1814,1027,983,1508,601,533,526,3284,2617,1631,869,5,835,3828,1731,1230,2534,1317,1533,1723,1640,2104,7309,3715,4424,4586,3453,2316,3458,2810,1224,1226,529,1326,1868,1466,1362,1014,2478,4992,4202,3252,3396,703,891,755,481,838,1155,970,464,587,1110,788,2063,772,601,1587,1133,624,861,1944,1026,2904,1051,674,2340,1501,2821,1193,1617,1209,8336,729,1184,6755,5234,3040,1584,5927,2115,1113,696,1195,1866,1443,2515,751,1068,3731,397,616,766,1444,927,441,2146,1856,1003,2267,807,1923,2126,1289,1143,830,782,841,1403,1671,1380,1512,1732,1386,2061,2910,1299,1028,2006,1401,1107,1637,3687,3688,1423,1720,2151,1447,1291,889,1149,1734,830,1832,2895,1355,942,754,2941,2672,4518,3868,2572,2055,2822,1768,1247,1595,2674,2626,760,494,1138,1970,2898,3608,1691,4404,1924,1744,1328,1903,2847,1288,3136,2376,872,2116,1407,1642,1712,2035,845,542,245,789,1123,1975,1377,971,1332,1285,1115,1438,988,460,536,2521,2894,1164,504,15,605,1995,1447,1056,3057,957,827,2278,2084,2100,7186,2924,4694,4846,3573,2588,3213,2896,2484,1800,579,1888,1902,2146,2048,878,1837,4151,6854,2644,2995,927,1155,1052,498,750,1156,493,886,759,846,784,2682,841,917,1770,1166,622,847,1562,1231,2740,769,740,2992,1646,2463,794,1361,1373
sub-57,6852,522,949,5503,5308,3258,627,4723,2444,833,400,1150,1672,1311,1699,329,762,1838,413,761,927,1099,783,284,944,1748,600,830,709,1289,1608,714,925,768,520,538,754,1242,908,1314,601,1260,1941,1769,1475,761,1552,1435,912,805,2897,2868,1158,1442,1574,682,730,503,863,766,899,815,1480,876,646,345,1628,1620,2322,1248,1344,2105,1554,1049,1753,1416,2633,1369,604,360,547,1273,1619,3038,1750,2441,1680,2031,1081,1223,2338,1543,2077,1222,695,1770,788,561,785,1307,853,510,385,543,532,1633,769,1144,1140,674,624,888,564,363,394,1799,1598,1383,793,1,625,3394,1485,655,1535,1030,1204,1325,937,1358,6103,2891,3853,3831,2812,2299,2925,3035,580,908,724,942,1416,1306,1026,564,845,3185,4269,2473,2452,554,845,488,363,765,1164,736,888,519,737,573,1308,632,406,1012,884,516,564,1453,1371,2223,578,420,1315,989,2107,608,932,1279,8298,560,894,6306,5359,2974,764,4818,1892,1371,775,574,1608,1136,1799,467,783,2010,342,331,464,1195,729,270,1706,1095,918,1686,695,1345,1571,901,839,602,612,730,891,1220,737,908,972,1097,1266,1571,1134,781,1844,760,623,1522,3146,2685,1091,1371,1724,1270,800,443,794,700,1005,1381,1824,770,751,737,1641,1999,2916,2003,1532,1595,1501,944,1067,1276,2816,1534,364,249,687,1320,1439,2667,1292,3351,1393,1793,1121,1798,2397,813,2103,1356,762,1701,1139,865,1068,1094,578,410,223,604,663,1432,739,752,887,862,749,832,484,265,281,1078,1230,1030,513,20,546,2897,1264,565,1967,854,502,1499,1186,1379,5639,2271,3865,4119,2940,2380,2345,2495,1462,1420,496,1038,1688,1346,2770,608,676,2321,4915,2810,2547,508,919,628,379,409,935,436,708,659,692,558,1510,400,337,1014,843,438,621,1325,1335,2673,410,513,1442,1080,2110,597,651,913
sub-58,5531,484,602,5470,4490,3325,619,5756,2978,1252,538,1551,1484,1415,1377,485,806,1368,491,473,870,734,287,529,1968,1875,1225,2058,550,995,1331,1036,852,929,507,679,975,1280,933,1521,592,1261,2651,2401,1354,731,1383,904,1012,843,3737,2806,1328,1475,2070,994,878,566,874,1053,766,1339,1729,821,680,458,2521,1328,2530,1361,1240,2207,1621,1341,2717,1733,2731,1654,695,562,1137,2685,1977,2215,1724,2607,1779,1943,1088,1264,2030,1623,2477,1435,916,2642,828,526,731,1294,895,573,444,644,998,1841,722,1505,1288,570,804,956,565,413,399,1712,1618,1395,555,1,969,3704,1319,936,1689,977,1386,1119,1405,1657,5655,2823,5013,4149,3664,2786,2934,2393,1317,1308,525,888,1200,1274,1415,697,1610,4033,5946,2790,2623,380,797,507,361,590,707,771,384,372,594,590,1559,793,373,1056,1045,499,765,1612,1845,3196,808,548,2080,821,2231,676,1067,1103,6005,626,506,5639,5066,3105,979,5714,2339,1628,856,848,1544,1253,2068,565,817,2110,412,492,698,1158,805,416,1636,1364,1425,1336,683,1331,1254,1060,704,511,570,945,1159,1539,1062,1429,928,1318,1645,2468,1722,1095,1549,954,876,1699,3361,3302,1262,1621,1780,1747,1043,658,608,1139,880,1308,2065,1225,738,612,2284,1715,3654,2691,1239,1805,1815,1867,1102,1624,3062,2408,571,467,1306,1986,1797,2051,900,2828,1372,1641,1359,1703,2442,978,2598,1682,805,2142,1065,1144,1138,1475,650,365,262,703,1028,1676,873,860,896,1152,1174,1151,512,348,361,1281,2101,1051,521,16,648,3065,1074,944,2259,874,513,1624,1451,1752,5398,2011,4109,3694,2975,2198,2880,2259,2445,1748,854,814,2010,1405,1866,723,1332,3088,5379,3142,2661,397,856,560,357,736,843,479,703,560,540,753,1563,642,530,1198,1000,468,870,1632,1210,3265,665,549,1863,1108,2086,677,761,1070
sub-59,5598,526,878,6191,5928,3276,735,4609,2104,864,398,1024,1147,971,1636,351,610,2856,330,762,1001,1224,809,519,1315,1857,561,1629,799,1371,1492,638,661,826,467,582,774,1092,894,1329,775,1556,1719,2200,1296,762,1659,801,869,605,3109,2462,1198,1407,1930,841,676,478,631,1116,994,1489,1375,828,784,472,1846,1709,3253,1119,1071,2513,1518,1064,2247,1787,2994,1691,742,475,955,2089,1719,1694,2404,2720,2247,2292,1382,1324,2167,1458,2296,1349,457,2123,1038,524,812,1479,1269,649,441,834,1115,1745,836,1143,1118,629,816,1065,593,368,426,1482,2258,853,814,16,642,1952,1834,956,1818,590,1137,1261,1451,1551,6583,3126,3656,4033,3011,1876,1963,2245,1613,847,497,975,1706,1047,1260,666,1404,4078,3621,2668,3128,290,969,586,291,457,596,652,568,352,938,301,1830,628,436,901,1047,563,774,1646,1537,2519,836,645,2082,1187,2387,665,701,812,5892,979,941,6253,5512,3067,1072,4345,1709,1026,589,816,1988,1158,1617,717,804,2776,586,373,454,1268,602,372,1636,1263,1071,1602,761,1238,1438,686,715,614,613,702,960,1179,1386,998,896,1161,1316,1846,1234,750,1701,664,786,775,2599,2776,970,1283,1904,1203,809,534,791,725,876,917,1863,743,845,474,1860,2030,3446,2246,2003,1621,1620,1587,1275,1693,2586,2012,750,365,1191,1437,1707,2161,1192,3265,1636,1685,1460,1926,2368,631,2517,1452,461,1632,937,691,1047,1466,455,412,283,670,915,1813,759,868,847,1035,902,1195,649,316,354,1037,2146,821,525,24,642,2404,1103,716,1846,673,470,1193,1112,1477,5916,2267,3413,2850,2632,1659,2374,1593,1842,1521,1727,1208,2354,1487,1599,825,1072,2575,4395,3350,3339,663,971,601,302,313,1451,756,841,595,437,397,1666,390,595,1208,1224,469,801,1272,1107,2423,480,602,1807,1042,2067,569,698,1096
sub-60,5038,557,828,5311,4561,3881,682,4553,2189,822,353,939,1365,995,2021,586,1054,2139,447,730,994,1031,616,486,1699,1867,1196,1719,1096,1474,1697,1252,797,908,961,696,867,1169,822,1354,525,1920,2045,2045,1717,733,1408,940,820,699,3113,2926,1135,1445,1929,895,914,400,571,1129,1281,1712,1675,670,950,551,2247,1758,3311,1715,1698,2855,1453,1448,1818,1389,2433,1618,607,447,1020,1446,1876,2715,1951,2705,2129,2382,1092,1205,2003,1718,2128,1498,493,2017,1117,869,1083,1448,1024,615,406,766,887,1560,653,1135,1141,628,723,927,476,409,435,1551,2279,1457,626,0,588,3464,1244,971,2127,884,1377,1133,1191,1219,6630,2495,3829,4062,3378,2402,2575,2631,1041,1437,612,1019,1700,1199,1206,651,1474,3777,5758,2590,2525,534,829,812,374,381,691,917,647,442,992,796,1503,717,324,930,864,563,759,1692,1466,3158,747,539,1920,1031,2028,411,1099,578,6177,647,869,6171,4769,3666,921,3989,1547,1094,668,635,1460,1047,1885,635,993,2745,425,526,783,1356,869,372,1576,1130,1399,1363,1022,1552,1590,965,877,642,729,942,1209,1297,835,1407,1058,1044,1493,1837,1671,891,1027,621,713,1611,2887,2832,845,1264,1782,1325,638,365,481,1206,812,1749,1975,1213,797,621,2198,2159,3704,2094,1727,2103,2226,1678,1217,1501,2491,1949,589,412,1027,1547,1789,3242,1267,2851,1726,1965,1165,2131,2161,869,2174,1268,520,2026,1019,838,1288,1852,575,495,237,657,786,1421,1001,987,863,826,824,886,718,408,433,1658,1359,845,592,37,560,2532,1261,754,2329,936,486,2152,1152,1311,5466,1646,4013,3071,2759,1813,2476,2162,2522,1870,1089,1045,2727,1099,1847,884,1374,2626,3863,4614,2848,512,1025,854,391,700,1539,999,604,644,886,656,1738,384,630,1016,749,541,906,1458,990,2382,582,486,1878,1170,1863,574,855,608
sub-61,5365,519,930,4816,4379,2892,613,5449,2129,1013,500,1154,1346,1125,1877,570,916,1946,439,449,692,807,301,381,1855,1648,1140,1695,745,931,1352,907,669,677,602,624,815,1363,874,1369,556,956,1983,1686,1122,703,1129,698,1067,851,2899,2263,1292,1714,1836,966,923,533,760,814,1053,1727,1426,596,853,441,2685,1589,2684,1224,1163,2188,2375,1328,2241,1617,2776,2327,841,855,1369,1812,1394,2321,1442,1864,1737,2103,1105,1299,2285,1707,1806,1096,784,2121,1318,555,999,1300,805,604,441,714,1048,1341,730,1540,945,501,763,1043,615,380,398,1175,1271,1276,827,13,410,2513,1146,950,1844,954,1109,1171,1244,1662,5704,3029,3859,2994,2575,1787,2065,1855,1009,755,631,1104,994,1129,1250,587,1456,3330,5405,2371,2008,591,869,576,364,495,1054,524,670,549,734,760,1309,568,325,997,938,507,709,1309,1447,2186,895,662,1952,982,2441,529,891,559,6209,462,652,5447,3704,2896,1080,5166,1827,1357,866,1350,1266,1285,2045,754,975,2691,518,312,502,833,462,316,1201,1289,1227,1264,773,1255,1283,1046,638,626,650,931,1122,1351,1261,1660,829,1269,1414,1910,1241,539,1305,743,688,987,2643,2696,1201,1523,1790,1226,971,421,626,786,907,1673,1945,636,754,471,2149,1757,3037,2178,1478,1433,1747,1559,1412,1768,2854,2111,927,507,1116,1863,2141,2026,1363,2379,1689,1587,1096,1800,2105,641,2113,1503,664,1979,1257,819,1068,1383,540,375,245,648,562,1318,867,784,821,859,945,889,504,283,309,1185,1316,1185,600,53,364,2309,964,793,2223,829,592,1234,1273,1045,5170,2172,3397,3177,2928,2511,1863,1793,1951,1170,920,929,1752,1288,1761,764,661,2278,4138,3123,2521,530,1079,700,444,455,810,732,504,560,533,811,1638,571,453,982,967,428,780,1169,1354,2410,595,713,1870,1034,1636,567,938,587
sub-62,6544,662,1104,5685,5045,3293,1001,4978,2047,922,674,1312,1336,1055,1819,477,868,2211,428,540,1120,756,447,506,1984,1767,1026,1529,701,1551,1470,867,827,889,509,549,724,1221,911,1517,778,1048,1973,2053,1131,808,1171,1087,1011,1093,2608,2261,1230,1331,1726,828,597,449,645,845,1115,1363,1703,660,678,466,1719,1347,2509,1444,1307,2238,1483,1059,1610,1548,2431,1464,579,461,919,1429,1441,2455,2003,2734,1958,2047,1391,1185,2073,1470,2136,1186,782,1921,783,690,647,1148,776,537,398,799,835,1640,790,1315,1303,714,816,809,498,397,403,1171,1219,1213,726,15,458,1380,1449,890,1717,889,1021,1287,1094,1721,5480,3469,3932,3298,2564,1532,2530,2625,1309,1086,617,1243,1203,1597,936,560,1290,4100,6512,1949,2460,643,744,639,393,788,1113,560,783,671,832,742,1410,677,306,939,1064,461,756,1557,1278,2258,672,554,2188,1139,2735,470,786,739,6971,736,936,5735,5164,3216,1628,4781,1793,1051,699,833,1441,1273,1936,503,788,2513,493,443,699,990,886,415,1763,1091,765,2034,556,1464,1475,893,816,573,601,820,954,1303,983,1579,633,996,1220,1283,1072,694,1840,907,656,1641,2401,2824,1024,1309,1485,1276,891,437,750,646,713,1158,1678,987,611,537,1623,2161,3197,2565,1850,1698,1923,1485,1638,1400,1969,1882,804,344,1034,2066,2094,2583,1018,2662,1498,1623,1194,1763,1809,687,2273,1502,605,1702,900,970,997,1264,612,445,265,786,933,1533,724,902,1008,987,820,782,551,363,348,1059,1277,1072,448,12,488,1852,1053,683,2258,856,469,1449,1427,1324,5490,2424,3562,3362,2737,1408,2716,2545,2126,1522,848,1453,1874,1298,1720,734,1156,2338,4409,3731,2604,497,1137,657,365,672,1075,457,739,657,594,789,1429,501,606,1121,1044,476,820,1608,1233,2123,471,577,1840,1214,1936,533,508,776
sub-63,5231,486,882,4916,3230,2123,596,5713,2358,1398,892,1210,1058,1146,1576,404,721,2019,286,587,447,685,511,574,1354,1944,1354,1660,901,1160,1168,845,648,901,527,657,883,1464,1264,1825,800,1547,2116,1737,1872,824,1674,1107,1128,930,2605,2894,1190,1610,2069,1000,795,595,875,1009,911,1328,1529,614,581,503,2313,1460,2524,1470,1289,2026,1872,1383,1941,1729,2438,1442,795,499,1288,2490,1670,2178,1601,2338,1437,1630,973,1081,1902,1615,2373,1563,714,2316,1214,821,897,1183,1054,656,470,780,1064,1650,755,1232,1074,655,851,1064,408,479,403,1588,2287,1098,779,25,406,3299,1329,1128,1760,1396,1546,1537,1548,2007,5576,2887,3713,3905,3710,2276,3293,2933,1422,1367,683,774,1292,1592,1273,567,1473,4373,4257,2715,2929,445,665,652,532,727,1213,331,683,352,1173,647,1857,671,342,1261,1048,557,862,1481,1934,2667,800,621,2207,1312,2372,559,733,994,6408,837,701,5308,3703,2139,899,5477,1909,1737,698,900,1355,1223,1626,457,858,2930,357,463,570,707,791,348,1631,1487,1241,1588,863,1180,1128,1100,677,648,833,1071,1128,1394,1223,1753,982,1376,1761,2237,1719,776,1699,891,1065,1104,2910,4523,1233,1935,1831,1506,837,395,570,960,903,1638,2104,634,940,489,2900,1835,3570,2514,1159,1403,1865,1559,1117,1421,2635,2000,708,465,1177,1569,1417,2696,1279,2711,1526,1368,1006,1537,2421,837,2313,1582,506,2701,1499,1233,1216,1267,585,460,249,689,933,1638,914,877,960,859,945,976,559,345,371,1066,1470,1060,689,45,389,2917,1187,876,2205,902,592,2462,1284,1431,5562,2165,3577,3597,3405,2447,2409,2220,2193,1179,824,1108,2442,1159,1745,766,1062,2231,5065,4635,3275,416,779,678,381,755,1007,696,649,582,555,507,1937,492,503,1155,989,531,749,1705,1385,3469,576,653,1807,1184,1533,543,912,810
sub-64,7562,391,737,6286,4938,3297,847,5448,2623,1252,732,990,1054,1226,2000,579,956,1981,398,411,807,734,448,490,1497,1557,1018,1169,766,1244,1408,1033,631,874,552,636,788,1234,961,1426,605,1212,2024,1655,1377,687,1470,1031,797,1020,3203,3383,1320,1622,1961,982,773,456,807,915,1043,1001,1508,707,823,452,2303,1715,2368,1251,1636,2151,1407,781,1769,1328,2182,1242,476,459,625,1121,1262,2471,1562,2506,2374,1746,1151,1144,1927,1481,2289,1164,474,2018,1103,886,748,1079,721,484,432,656,896,1637,702,1176,1136,624,694,940,491,431,344,989,1205,1356,673,3,800,2074,1232,803,1728,973,1185,1053,1177,1596,5818,2833,3153,3296,2266,1865,1893,1630,905,1167,675,987,1246,884,1241,794,1232,3109,3953,2435,2873,520,813,559,306,583,981,782,707,509,756,694,1549,572,395,876,981,470,696,1399,882,3065,799,556,1766,886,2133,563,771,903,7922,692,855,6742,4532,2664,964,4262,1871,1128,578,830,1319,1358,1890,461,768,2300,346,464,610,974,986,333,1251,1231,917,1111,627,1169,1573,1012,744,573,838,919,1032,1420,1038,1300,1066,1341,1432,1442,1224,658,1916,982,917,866,2583,2909,1043,1187,1524,1181,954,538,668,1039,823,1217,1786,1151,676,456,2546,1771,3423,2130,1593,1588,1609,1305,1281,1440,2275,1869,635,354,1237,1313,1511,2584,1147,2049,1549,1734,1256,1590,1920,798,2421,1101,494,1714,1125,1130,1055,1339,668,393,253,676,764,1593,784,921,1118,882,961,948,653,379,320,1192,1426,928,613,15,621,2294,934,805,1900,913,516,966,1264,1285,5506,2067,3000,3781,2844,1762,2284,2179,1810,1399,826,1157,2208,1006,1144,697,1227,2371,3445,2996,2644,524,838,534,419,621,1086,560,831,593,543,592,1498,562,601,1111,857,432,760,1386,1080,2607,541,585,1563,1053,1448,527,674,867
sub-65,6181,365,764,5744,5050,3196,652,4860,2464,1065,671,1366,1349,1188,1752,301,632,1975,353,586,740,949,464,480,1714,1910,1278,1367,988,1175,1336,997,698,922,582,684,677,1297,900,1036,486,1457,1653,1648,1422,731,868,950,1116,768,3148,3093,1271,1348,1803,885,651,354,557,949,919,1016,1352,599,691,596,1620,1797,2528,1506,1265,1922,1605,1295,2393,1465,2451,1419,620,421,847,2086,1471,2090,1592,2160,1131,1773,1008,1163,1921,1622,2323,1372,607,1908,1340,874,810,1366,893,706,381,735,1010,1348,651,1542,1114,597,757,803,462,393,476,1568,1405,1486,763,2,688,2951,1415,860,1725,1043,1008,1277,1109,1548,6316,2587,2430,3116,2858,1839,2582,1869,994,1095,496,788,1224,1275,1364,707,1398,4166,4421,2086,2249,285,889,597,360,581,845,425,666,403,759,855,1329,574,299,924,966,578,767,1029,1612,2252,641,530,1843,844,1893,509,823,888,6653,672,924,5571,4448,3440,1088,4586,1887,1048,709,947,1416,1458,2292,418,590,2110,283,587,663,1348,748,407,1319,1119,1211,1385,497,1453,1617,1185,879,544,588,988,1088,1360,1021,1393,561,1140,1384,1496,1486,495,1216,768,897,1143,2634,2252,1011,1286,1906,1186,988,437,684,793,897,1098,1749,814,736,547,1985,2184,2941,2463,1220,1380,1652,1736,1502,1621,2206,1962,733,319,1123,1799,1884,2588,1684,2901,1393,1505,1299,1663,2059,851,2315,1411,440,1859,1148,801,927,1310,586,399,255,600,813,1506,744,929,950,993,889,1004,702,312,388,1576,1503,1231,547,6,621,2686,1074,810,2273,986,456,1189,1220,1056,5850,2024,3107,3201,2538,1707,2180,2175,2385,1401,597,1194,1705,1389,1229,602,868,2646,4486,4074,2416,373,1146,597,358,625,961,535,613,585,532,803,1350,502,504,1088,937,503,784,1076,1401,2440,488,585,1794,1012,1557,500,525,846
sub-66,5727,621,1310,6355,5850,3014,1130,6382,3223,1496,693,1636,1352,1831,2154,626,1094,3242,570,905,1269,943,735,455,1759,2396,1094,2497,827,1430,1695,1424,723,1093,950,649,943,1550,1217,1772,711,1294,2479,2416,1124,985,1659,729,1081,1175,4196,3159,1547,2051,2091,1228,809,506,679,1316,1492,2146,2228,805,1023,577,2956,2294,3457,1873,1761,2076,2708,1639,1842,1522,3257,2028,1139,738,1042,1523,1970,3198,1876,2552,2009,2135,1244,1305,2472,1937,2549,1544,695,2772,1533,988,1187,1727,1390,689,389,1011,1436,2299,1130,1420,1409,828,692,1144,639,449,474,1869,1923,1366,731,8,600,4246,1642,1180,2168,1162,1477,1565,1763,1871,5508,3222,4584,3804,3139,2214,2203,2827,2768,1640,999,1310,2310,954,2100,1254,2284,3764,4116,3332,3513,727,766,835,481,883,830,1014,708,557,966,926,1752,736,527,1479,1029,549,684,1211,1422,2378,946,859,2887,1305,2273,650,1191,748,7540,938,942,6893,5513,2538,1164,6138,2555,1731,843,942,1939,1822,2190,456,742,3854,542,453,898,1552,628,470,1667,1420,1801,1543,722,1703,1625,1660,948,641,939,957,1255,1804,1411,1877,890,1331,1702,2076,1753,990,2003,997,826,1656,4439,4059,1180,1824,2070,1749,1203,997,1108,830,885,1165,2516,1197,753,609,2687,1787,3810,2590,1694,2145,2365,1705,1347,1515,2298,2504,658,571,1191,1754,2872,2718,1651,2487,1788,1657,1125,1475,2064,787,2408,1726,859,2270,1355,1236,1281,1939,886,461,302,745,923,1900,1079,939,1297,1211,964,1324,782,352,398,1817,2368,1141,886,32,627,3472,991,758,2353,1174,647,1511,1541,1592,5491,2323,4647,3669,3592,2622,3021,2662,3181,2306,1601,1090,2941,1893,2433,954,1407,2909,6131,4720,3861,374,765,705,554,533,1301,937,864,798,785,1030,2026,469,736,1396,1085,586,812,1185,1271,2874,639,488,1883,1170,2109,614,653,1044
sub-67,6037,601,872,6035,4865,3747,806,4846,2110,1017,515,1022,1406,1040,2150,543,927,2604,617,496,727,902,586,440,1597,1830,1718,1328,1069,1606,1339,778,574,972,730,623,761,1205,896,1488,678,1565,1696,1762,2021,886,1760,1116,1550,1108,2910,2532,1217,1842,1964,1058,627,385,574,1197,1423,925,1500,713,830,389,2424,1572,2633,1228,1843,2410,2162,1329,1826,1604,2333,1596,688,545,884,1326,1304,2379,1524,2894,2657,1918,1048,1235,1915,1489,2152,1465,1010,2358,1046,519,945,1361,1023,526,418,804,924,1593,880,1160,1044,741,795,1114,441,378,385,1476,2589,1289,668,5,611,3142,1342,1286,1813,1097,1194,1241,1217,1487,5260,2109,3806,2829,2776,1787,2443,2146,1352,1303,649,929,1635,1132,1412,920,1206,3758,4650,3131,3094,465,951,582,327,480,888,942,780,628,1121,690,1727,781,394,965,1042,581,684,1957,987,2391,790,720,2282,1065,1967,747,1066,925,6911,524,861,5910,4903,3144,957,4746,2011,1270,565,757,1439,1396,2273,575,899,2995,455,708,552,1532,739,362,1701,1124,1568,1591,1071,1413,1451,934,927,672,773,916,1182,1380,1385,1157,831,1593,1554,1543,1745,783,1777,926,712,1131,3283,3856,1092,1543,1589,1355,952,712,665,914,948,1034,2009,782,883,555,2723,2161,3052,2214,1472,1552,1901,1783,1149,1251,2293,2080,663,353,1172,1813,2447,2922,1148,2873,1644,1383,1095,1603,2239,816,2325,1400,444,1845,1391,971,1085,1708,730,357,275,778,925,1546,1164,787,978,970,900,1082,692,293,410,1615,1539,1096,565,22,580,2837,1311,954,2208,995,525,1919,1368,1352,6157,1956,2796,3738,3323,1914,1799,1942,2638,1359,958,1026,1924,1073,1531,806,1443,3120,4282,4152,2791,560,840,571,371,741,779,560,899,559,784,851,1534,633,550,1248,949,475,653,1491,1304,2482,640,727,1909,1074,1858,710,756,1026
sub-68,5736,776,769,5488,4514,3278,784,4980,2339,1163,462,930,1223,1103,1831,548,1039,1750,577,358,909,891,533,279,1042,1468,1147,953,815,1284,1467,745,805,757,460,706,736,1249,1089,1479,685,1525,1613,1435,1245,790,1279,1017,581,954,3492,2906,1217,1360,1460,874,657,405,624,927,627,1154,1443,566,746,363,2137,1748,2790,1309,1194,2102,2448,1456,1765,1236,2036,1359,779,395,964,1150,1632,2752,1631,3048,1595,1639,978,1120,1729,1532,1905,1142,681,1804,1180,536,856,1109,682,469,362,643,661,1366,654,1103,1046,671,721,1009,472,336,347,1160,1295,1154,686,4,472,3310,1126,812,1485,857,1118,1212,1148,1497,5773,2345,3784,2731,2272,1493,2700,2513,1292,1735,826,787,2137,831,1426,994,1066,2472,3964,3007,3373,383,865,643,312,445,1230,867,629,431,773,852,1462,613,417,1090,914,406,613,1267,1074,1782,611,441,1516,956,2058,497,749,988,6663,614,1088,5928,4418,2602,899,5063,1811,1337,567,776,1488,1375,2172,696,1161,2432,547,444,645,1016,731,257,1273,1020,1435,1046,779,1500,1536,1013,879,552,636,942,960,1281,1020,1255,1087,874,1425,1748,1027,666,1167,499,627,760,3260,2857,1004,1551,1962,1316,959,721,890,774,911,755,1719,649,579,500,1749,1341,2804,1921,1452,1311,1245,1199,1005,1273,1732,1999,812,470,1041,1196,1396,1910,992,2538,1537,1359,1166,1685,1842,778,2397,1266,287,2023,1110,1121,963,1114,493,367,215,543,611,1436,772,776,1010,872,822,989,459,347,349,1013,1394,1030,529,0,441,2577,947,612,1619,958,581,1291,1230,1397,6013,2114,3953,3434,2883,2132,2796,2473,2317,1399,925,990,2529,760,903,997,1125,2204,3727,3962,2352,622,917,630,440,630,891,784,574,530,643,606,1688,463,483,1290,1024,444,761,1592,1046,2423,463,542,1591,1016,1978,489,561,1151
sub-69,7078,476,1006,6755,5793,4164,1244,6136,2913,1141,546,1291,1608,1486,2614,699,1198,2438,468,673,1313,754,676,418,1675,2074,1203,1752,830,1442,1740,1075,947,1009,687,672,839,1354,957,1488,1259,1193,2168,2340,1609,746,1207,1120,1303,1156,3814,2802,1235,1771,2387,827,482,330,610,1354,1118,890,1431,728,1131,351,2116,1841,2837,1348,1407,2270,2102,1847,2706,1492,2805,1332,646,491,1592,2255,2144,3379,2373,3408,2189,1888,1044,1169,1815,1827,2399,1411,781,2545,973,814,597,1485,1056,621,483,889,1200,1706,781,1161,1194,748,727,1123,464,463,385,2080,1490,1419,764,14,638,3308,1258,1259,1807,928,1268,1205,1427,1836,5909,3182,2603,2410,2328,1329,2515,2192,1229,1355,566,1115,2120,1118,1834,849,1857,3143,3902,2710,2888,667,677,700,356,620,827,1026,1027,493,777,389,1638,763,602,1078,1008,527,861,1401,1688,2178,864,549,2128,1196,2258,639,633,801,7127,839,1017,6359,5375,3621,898,6985,2762,1271,725,783,1870,1363,2535,659,1136,2325,485,593,802,1094,1017,371,1510,1376,1642,1913,851,2015,1754,891,986,604,701,1127,1366,1231,1483,1958,757,1512,2046,2525,1429,834,1269,728,438,891,3971,4118,1440,2181,2935,1296,1085,559,731,872,789,944,1699,1142,734,495,2835,1968,2920,2010,1583,1560,2013,1805,1196,1282,2584,2305,1072,528,1335,1363,1904,2301,1649,2583,1694,1530,1212,1467,1831,825,1968,1583,398,2993,1367,711,1130,1469,645,382,283,680,707,1564,779,908,1051,713,931,1021,623,330,389,1927,1477,1005,742,114,673,2216,869,1061,1907,737,606,1194,1133,1525,5158,2836,4145,3837,2987,2354,2107,2231,1862,1403,1053,1241,2399,1121,1698,1102,830,2758,4926,4526,3853,647,1149,777,419,510,903,929,885,489,806,416,1672,465,403,1280,1045,455,796,1408,977,3226,655,674,1809,1183,2153,538,820,1073
sub-70,6886,603,1065,6102,4963,4124,596,5896,2418,1044,610,1615,1766,1119,2296,579,987,2640,575,624,1103,893,471,545,2054,1930,1566,1914,847,1377,1696,599,669,715,600,741,820,1286,984,1455,730,1685,1815,2117,1908,921,842,1248,1520,1287,3245,2810,1353,1268,1909,1076,946,538,774,852,1335,1439,2053,673,1062,441,2340,2078,2872,1448,1486,2338,2398,2014,2394,1494,2994,1964,1083,683,1493,2100,1815,2674,2219,3635,2191,2011,1332,1303,2198,2003,2563,1599,999,1934,991,746,757,1160,833,619,448,688,1122,1640,821,1668,1019,675,738,1028,711,351,462,1408,1370,1000,818,9,590,1822,1474,1028,2062,1043,1426,1327,1672,2184,5708,2927,4158,3708,2973,2156,3299,2187,1443,1747,562,1157,1889,1255,2262,1071,1171,2994,5259,3908,3986,628,700,654,479,825,784,957,903,549,763,502,1669,755,509,1251,965,487,645,1306,1481,2891,832,653,2429,992,2540,576,1512,496,7100,758,1160,6663,4897,3322,928,5077,2012,1280,756,977,1906,1244,2188,881,1088,2481,617,388,656,1052,608,506,1805,1098,1622,2038,1003,1718,1787,993,890,653,779,969,1143,1245,1422,1882,833,1577,1456,1590,1480,768,1890,1060,920,1228,3243,3877,1161,1278,1468,1541,1009,887,1072,774,1097,1285,1733,965,744,657,2272,2019,3547,2238,1586,1688,2586,1905,1188,1540,2724,2865,968,464,1657,1791,2957,2655,1571,3389,1853,1697,1240,2012,2615,1034,2700,1693,530,1574,969,785,1308,1731,482,496,280,705,1012,1671,1026,935,988,816,956,1042,860,338,393,1587,1952,861,742,42,627,2183,1280,777,2113,828,619,1286,1427,1507,6582,2622,4206,4586,3201,2507,2759,2551,1910,1343,1133,1386,2643,1219,1465,899,1151,2968,5390,2960,2695,702,725,618,474,574,1114,970,645,670,727,348,1716,754,554,1613,1008,554,826,1797,1180,2987,619,584,2069,1099,2113,708,674,1134
sub-72,7085,480,655,5645,3342,2603,563,5440,2330,1021,579,1188,1249,1050,1687,491,828,1481,472,442,786,728,490,467,1551,1997,1098,1194,629,1376,1425,740,719,699,480,643,964,1192,932,1984,735,1369,2036,1969,1242,707,1410,1199,1070,664,2889,2203,1346,1409,1739,861,736,506,541,1218,944,878,1549,467,805,384,2100,2014,2311,1358,1229,1684,1652,1354,1777,1441,2341,1386,608,503,750,1160,1774,2467,1881,2682,1869,1677,1143,1134,2112,1642,1911,1383,581,2010,925,881,713,1071,723,549,347,658,980,1589,761,1364,1138,687,826,951,477,379,383,1392,1392,1308,809,12,776,2851,1013,1023,1551,832,1208,1157,1199,1614,5790,2745,3403,2715,2337,1941,2359,1986,1192,1463,696,993,1404,1205,1559,896,1531,3471,4509,2636,2986,499,705,577,402,378,1036,708,729,463,690,281,1504,611,468,1002,882,465,858,1294,1119,2395,761,554,1759,1379,1938,476,984,1049,7347,384,875,5415,3728,2305,945,4717,1913,1145,670,864,933,1252,1937,502,881,1971,306,377,486,905,648,383,1552,1137,1045,1454,861,1555,1621,729,877,664,706,825,888,1122,849,1678,725,940,1592,1672,1392,819,1702,704,880,1379,2900,2348,1140,1218,1281,1377,830,616,732,888,991,897,1747,704,1067,751,2722,1700,2778,2062,1126,1475,1958,1623,916,1459,2234,2542,668,444,686,956,1286,2280,809,2321,1248,1395,1196,1460,2158,887,2326,1490,488,1546,1236,1059,1191,1508,514,460,206,639,791,1367,705,876,840,1137,1089,1093,657,322,376,1405,1464,1134,585,20,648,2149,813,808,2140,815,476,1265,1241,1417,5413,2617,3206,2896,2179,1591,1624,1662,1729,1022,826,1290,1869,1212,1510,770,1275,2517,4373,2075,2839,505,1100,555,382,450,1105,676,755,658,932,490,1578,613,761,1152,1043,376,802,1341,693,2613,567,525,1627,1336,1701,435,712,1190
sub-73,7628,534,639,6183,4905,3289,821,4540,2313,818,584,1438,1383,1280,1862,577,769,1882,466,487,947,759,369,380,645,2062,1351,743,983,1660,1746,731,764,973,768,500,625,1074,913,1371,530,1598,1869,2102,1607,1177,1841,1122,1359,1325,3167,3397,1224,1151,1529,1290,826,381,538,896,1356,1376,1594,632,983,489,2506,2066,3026,1459,1996,2328,2464,1448,1926,1488,3090,2098,887,685,899,1351,2121,3040,2082,2581,2580,1939,878,1293,1950,1927,2251,2147,863,1686,950,955,932,1294,735,552,413,745,930,1605,777,1287,1211,799,861,1104,565,413,307,1954,1700,1047,901,20,922,2269,1239,990,1956,1178,1159,1125,1212,1417,6604,3089,3658,4125,3276,1814,2121,2278,1066,1211,716,976,1315,1492,1133,613,1411,4392,5032,2598,2843,584,676,492,389,617,746,748,568,526,815,589,1674,736,356,1389,1082,496,676,1327,1303,2450,783,668,2324,894,1972,474,1130,504,7732,431,992,6699,5409,3106,1043,4915,1966,1139,580,823,1617,1500,1872,811,1217,3070,631,502,730,810,635,356,757,1489,1377,730,778,1627,1552,1148,978,734,693,838,1077,1309,1076,1569,842,1522,1666,2582,1423,922,1922,621,833,1282,2652,2678,1058,1492,2350,1303,1024,466,648,1138,870,1367,1922,657,879,686,1989,1699,3345,2755,1515,1712,1541,1728,1170,1691,2663,1938,774,357,1274,1534,2254,2740,1510,2204,1407,1594,1043,1888,2378,1042,2398,2089,351,1836,1140,1147,1133,1393,626,340,277,527,679,1498,850,766,950,998,920,998,510,280,331,1459,1907,829,595,10,718,1548,1340,629,2398,1049,609,2149,1746,1407,5434,2659,3696,3016,2294,1806,2345,1888,2280,1150,774,1521,3091,1233,1441,1268,811,2348,3463,4948,3360,482,965,727,446,760,804,859,549,701,569,369,1899,521,671,1613,1020,439,699,1087,1191,2479,558,459,1610,1226,1539,641,648,1040
sub-74,6231,473,799,5540,4185,3370,722,4716,2587,986,817,1726,1178,818,1834,692,992,1279,375,556,855,1115,473,483,1033,1755,1118,903,996,1371,1159,828,512,880,529,548,724,920,1016,1224,990,1484,1464,1981,1391,798,612,972,1105,731,3771,3736,1111,1361,1684,883,514,259,557,1008,771,994,1538,481,1062,382,2292,1527,2603,1287,1599,2301,1734,1607,1253,1597,2907,1372,661,575,779,951,1812,2319,1922,2492,2242,2201,979,1208,1616,1028,2616,1142,459,1786,873,611,725,1216,696,527,422,690,711,1613,711,1065,920,648,568,871,428,291,287,1579,1244,1008,680,0,486,2285,1400,937,1694,1050,1149,1218,1025,1231,5057,2690,3031,2648,2055,1312,2048,1648,958,1128,563,830,1781,801,1011,743,1308,3036,3135,2469,2469,629,934,538,367,586,701,754,621,402,661,428,1097,421,402,826,688,408,554,1262,1386,2220,714,611,1963,737,1860,532,1206,667,6686,467,766,5701,3910,2532,1077,4328,2016,1239,858,800,1485,1019,1584,440,949,1805,381,499,583,863,716,284,1570,1091,992,1239,681,1074,1067,891,564,499,516,959,1065,1169,1173,1357,727,1200,1534,1974,1674,468,1813,827,794,1347,3294,3146,1019,1300,1950,1510,853,490,854,649,795,1040,1634,734,764,512,2570,1416,3233,1863,983,1683,1594,1390,1126,1675,2756,2154,591,430,1018,1620,1738,2181,1497,2241,1475,1698,1096,1638,1818,517,1681,1108,600,1450,1087,738,1012,1392,538,351,230,558,666,1238,708,697,834,815,909,868,587,261,334,1302,1611,748,611,29,470,1925,963,770,1689,746,472,1066,1035,1374,4581,1927,3023,3218,2525,1466,2151,2145,2002,1289,695,1031,2056,1454,1555,575,1065,2371,4372,4206,2612,515,875,640,365,497,708,724,730,505,484,579,1318,312,455,919,940,472,714,1461,1146,2385,450,490,1561,779,1956,513,536,1124
sub-75,7189,584,780,5903,5104,2871,820,4889,2333,1062,421,953,1226,952,1516,338,638,1948,462,645,834,1038,512,412,1734,1528,978,1251,589,1102,1178,762,640,789,770,484,721,1151,799,1413,621,991,1637,1631,1164,628,1391,803,746,596,3500,3568,1216,1476,1822,900,644,349,547,1155,842,1299,1567,759,815,517,1908,1467,2586,1217,1272,2005,1600,887,1532,1309,2583,1952,759,410,992,1372,1924,2815,2232,2607,1505,1770,791,995,1435,1410,1708,1049,402,1982,860,448,1148,1189,786,549,376,716,933,1559,695,1111,1146,486,634,654,512,405,363,1363,1364,987,669,8,617,1638,1279,860,1607,812,1127,1133,1037,1518,5782,2184,3284,4278,3306,1944,2664,1574,977,1586,633,656,1835,901,1049,817,1558,3145,3882,2478,2601,361,822,588,399,668,899,782,842,585,804,570,1536,597,476,872,1071,479,729,1343,1078,2996,735,604,1830,793,2112,540,989,735,8102,882,784,6472,4533,2577,1122,4565,2093,1245,428,881,1445,1110,1664,388,748,2744,266,437,711,1180,878,333,1322,1239,649,1268,591,1119,1347,789,734,517,621,814,1143,1219,918,1472,933,1113,1627,1587,894,644,1361,564,613,699,3586,3324,981,1400,1824,1133,868,524,911,810,826,1177,1818,812,768,637,1930,1519,2575,2174,1108,1632,1505,1103,916,1464,2513,1768,854,272,811,1373,2141,2890,1565,2659,1253,1470,993,1562,1827,690,1952,1204,441,1911,1020,1160,1223,1323,463,405,222,617,838,1362,918,738,678,799,794,974,397,264,325,1218,1344,1077,451,15,481,2579,1153,602,2070,639,657,1964,1363,1343,4948,1717,3955,3156,2735,1820,3073,2033,2430,1624,672,925,1998,988,989,540,1167,2099,3508,3365,2593,476,1123,785,393,728,958,498,896,624,589,305,1991,416,479,1067,1069,471,574,1241,1203,2103,490,437,1582,899,1458,585,769,1092
sub-76,7199,583,972,7213,6046,4020,595,5601,3270,1066,586,1678,2049,1568,2242,548,961,2632,507,700,972,875,483,561,1547,2011,1263,1478,682,1632,1862,1043,912,1115,785,763,724,1329,1204,1491,675,1578,2121,2229,1638,1022,1522,1139,1221,843,4413,3890,1193,1954,2277,1261,941,502,517,1070,910,1340,1746,842,601,457,2492,1564,3083,1328,1211,2388,1775,1500,2361,1658,3152,2061,863,894,1340,1981,1371,1479,2184,2532,2345,2100,1320,1266,2267,1457,2300,1495,729,2866,1501,620,1119,1485,1061,644,457,805,976,1624,924,1465,1177,726,768,1222,489,453,400,1586,1675,1372,739,0,817,3347,1357,1159,1992,963,1460,1180,1429,1534,7238,2975,4270,4218,3603,2519,2851,2480,1000,1499,537,1233,1863,1042,1664,725,1551,3653,4706,2889,2924,747,954,728,370,901,1154,764,645,522,896,822,1776,863,426,1129,1112,532,861,1721,1521,2644,1053,644,2432,1067,1862,710,1056,1140,8559,865,1197,7174,5914,3653,968,4689,2329,1413,870,959,2090,1688,2397,547,637,2257,317,823,787,1251,845,325,1554,1189,1392,1379,980,1451,2010,1037,1043,711,724,953,1042,1395,1362,1283,700,1475,1215,1450,1430,657,1758,647,786,1098,3651,3657,973,1547,1996,1759,1076,485,616,1092,914,1011,1973,775,951,574,3014,2233,3675,2691,2451,1951,2226,1538,907,1596,3184,2017,597,435,1122,1286,2019,2621,1387,3917,1949,1802,1415,1985,2394,1089,2256,1472,485,1787,1417,798,1371,1618,777,521,270,694,788,1588,859,892,979,889,974,1315,604,278,432,1374,2055,930,529,10,885,2683,880,621,1820,834,721,1152,1145,1298,6513,1910,4160,5504,4097,2882,2867,2433,2277,1459,1102,1496,3612,1538,1556,587,1258,2572,6061,4161,3138,588,1141,965,417,702,1321,987,792,576,584,732,2302,620,511,1411,1037,534,675,1725,1062,3279,452,528,1687,755,2266,683,926,1036
sub-77,6951,593,567,6877,5479,3962,722,4959,2206,778,466,924,1168,1386,1588,426,778,2510,525,893,1057,1103,601,352,1032,2032,1562,1347,924,1287,1300,912,629,1100,637,673,773,1397,824,1316,746,1400,1636,1876,2105,1029,985,923,712,1097,3018,2112,1162,1394,1929,919,662,393,501,778,787,1766,1597,1178,1027,511,1622,2294,2631,1525,1644,2395,1501,1466,1926,1692,2971,1539,562,362,972,1828,1772,3201,1983,3796,1857,2367,1474,1493,2503,1968,2675,1449,1164,2000,1062,1027,860,1549,805,613,430,650,823,1548,831,1185,1142,634,791,1005,518,373,469,1599,2333,1429,794,0,592,2984,1223,879,1852,1145,1331,1253,1300,1771,5893,3387,4508,3483,2738,1814,2533,2533,1210,1478,895,521,1892,1278,2102,951,1329,3469,4544,2645,3696,414,752,756,410,539,1027,790,703,505,807,846,1662,695,608,1340,853,480,716,1434,1568,2577,712,558,2028,1122,2040,530,1069,642,7247,992,895,6771,5241,3400,859,5291,1819,1730,933,1000,1378,1545,2026,566,927,1938,557,498,810,1862,1050,333,1696,889,1259,1636,729,1369,1599,1155,980,537,748,927,1028,1183,1102,1730,742,1068,1282,1623,1232,641,1228,852,923,965,3085,2688,1031,1596,1597,1564,763,519,262,1009,959,801,1700,1184,877,666,2155,1723,3134,1849,1642,1639,2662,1169,1335,1394,2613,2102,565,313,1367,1803,2747,2755,1501,3008,1618,1929,1414,2004,2490,1086,2479,1628,553,1348,1090,699,1332,1729,499,462,240,617,794,1805,1047,893,919,878,848,989,634,347,441,1449,1451,1192,513,5,559,2998,1214,747,2075,925,452,1926,1273,1449,5308,2471,3566,3350,2942,2285,2580,2807,2007,1381,1075,812,2661,1250,1366,890,1205,2789,5431,3403,2557,432,826,649,335,589,1115,782,983,470,718,622,1812,656,558,1409,932,446,684,1573,1112,2839,516,592,1844,1146,1966,587,1073,1044
sub-78,4984,495,1032,5252,4027,3552,728,5630,2625,834,622,1008,1405,1074,1955,785,1061,1581,473,521,821,849,580,404,777,1740,1089,993,792,1028,1576,680,774,583,565,750,793,1139,1028,1423,830,969,2038,1736,1512,686,1573,1201,1209,1220,3474,2874,1281,1529,2179,1026,633,387,536,1271,906,1545,1786,542,1108,527,1907,1302,2504,1149,1214,2171,1593,1139,1616,1220,2680,1953,680,672,840,1446,1797,2593,1837,2505,1748,2080,1307,1491,1982,1625,2228,1063,1047,1807,808,708,993,1719,965,702,393,591,675,1462,690,1101,814,562,712,851,454,453,391,1615,1466,719,782,8,502,1824,1122,744,1612,999,1080,1030,836,1162,4253,2136,2913,2903,2480,1704,1552,1959,785,931,350,1188,1113,1361,1749,590,1521,3274,4286,1545,2219,691,741,884,473,415,669,704,580,387,768,666,1755,448,409,575,886,447,643,993,1283,1587,666,528,1769,758,1449,566,895,470,5094,649,1211,4851,3648,2570,813,4752,1894,1035,557,1025,1561,1183,2194,609,684,2088,466,357,596,908,357,352,1179,1011,1132,1392,894,1138,1350,902,648,477,517,1045,1002,1267,1322,1424,783,1255,1413,1641,1162,711,1955,673,967,1073,2562,2588,1144,1459,2166,1151,1065,740,887,888,957,1033,1804,754,994,539,1835,1538,3394,2084,1564,1652,1813,1088,1177,1300,2470,2148,577,291,905,1355,2503,2812,1479,3241,1534,1597,1378,1847,2186,699,1824,1340,525,1606,1245,1038,1249,1382,577,409,236,658,674,1173,824,817,717,906,1012,983,441,300,344,1412,1816,629,542,18,412,2107,1205,701,1961,1215,562,1432,1302,1380,4165,1964,2336,2768,1854,1468,1633,1717,2491,1257,712,1126,1423,1342,1672,491,731,1951,4375,4577,3148,516,843,712,483,417,812,345,586,423,446,388,1924,429,389,996,889,427,625,1294,1237,1911,515,478,1746,965,1404,621,733,1000
sub-79,8666,494,1031,7490,5541,4552,849,5638,2551,1495,528,1631,1459,1532,2398,520,787,2105,550,801,996,1137,577,518,1867,2054,1321,1481,641,1326,1705,1084,790,1029,777,708,908,1518,1085,1495,713,1560,2164,2057,1953,1045,945,1496,1148,1100,3918,3348,1277,2020,2583,1012,898,608,806,1214,1033,1445,1967,633,1170,544,2881,2151,3230,1588,1963,2417,2381,1783,2056,1459,2522,1969,614,495,956,1396,1926,2788,1927,3190,2269,1948,1320,1361,2254,1648,2492,1258,1024,3088,1517,894,731,1261,1002,593,423,746,948,1635,755,1250,1145,650,663,1049,601,407,376,1377,1136,1254,679,0,627,4100,1155,963,2009,1301,1191,1215,1206,1680,6282,2731,3902,3523,3552,1883,2555,1908,1324,710,659,1214,2024,1262,1424,812,1265,3333,6178,3989,3385,450,928,759,459,791,1132,878,720,599,768,635,1818,688,533,952,970,596,610,1535,1341,2505,839,683,2197,897,2426,562,981,1010,8307,732,1049,7443,5912,3660,1134,5684,2178,1474,1051,1391,1661,1120,2368,574,790,2358,397,554,697,1483,918,429,2020,1161,1254,2036,724,1447,1810,1079,851,581,646,1002,1147,1528,1067,1711,800,1482,1343,2075,1403,937,2296,991,1118,1320,2952,2367,1146,1533,1883,1765,1105,563,1088,739,1068,886,1909,1094,1027,808,2952,1740,3393,2625,2108,1794,1919,1294,1321,1209,2435,1967,516,370,1067,1540,2556,2776,1601,3118,2035,1818,1019,1780,2366,1041,2240,1529,628,1626,1140,1006,1434,1538,543,489,277,715,970,1648,996,677,1014,881,755,958,502,310,392,1198,2012,799,672,80,485,2571,1101,964,1989,832,626,1299,1441,1550,5791,2245,4341,3076,2787,2696,2432,3087,2065,1910,1138,1284,2099,1932,2014,697,1084,2456,6726,2998,2748,533,1004,772,374,707,1251,1053,922,574,746,516,2079,593,703,1286,946,594,589,1472,1365,3004,695,715,1886,1066,1860,638,558,1121
sub-80,5552,875,797,5011,4580,3190,678,5449,2786,1397,589,1173,1115,1088,1984,345,954,2131,371,780,849,815,676,407,1386,1817,696,1352,793,1324,1187,761,633,966,613,515,659,1246,758,1274,964,1154,1968,2198,1231,715,1813,614,659,745,3785,3321,1395,1216,2091,1325,688,482,798,844,1169,1231,1659,618,747,507,2372,2060,3521,1332,1294,2241,2348,1124,1956,1636,2692,2219,638,601,1178,1856,1760,2634,1360,2645,1644,1919,1015,1199,1840,1705,2744,1219,616,2190,1127,409,1046,1695,928,705,396,676,956,1468,689,1353,1119,703,685,925,499,357,470,2060,1872,1667,795,10,504,4454,1121,1086,2217,1095,1290,1439,1273,1520,5750,2128,3887,3573,3069,2086,3503,2459,1229,1144,878,763,1254,1437,1712,581,1795,4736,4356,2240,2234,439,711,638,435,729,1376,382,1065,533,717,711,1918,715,299,1189,893,505,766,1382,2110,1990,750,601,2222,1295,1949,619,844,1041,5492,838,899,5819,4627,3228,1110,5053,1805,1673,717,947,1479,1169,1847,490,731,2271,446,595,733,1305,745,370,1260,1240,1221,1054,524,1308,1255,1031,716,670,650,1087,1107,1361,1038,1536,1267,1736,1592,2368,1587,669,2469,664,862,1196,3123,2718,1116,1334,2067,1671,1028,786,976,748,1023,979,2000,1255,950,580,2662,1848,3488,1957,1213,1910,1678,1512,1191,1497,2562,2392,761,418,1256,1804,2070,2808,1213,2429,1589,1505,1396,1964,2608,987,2469,1517,377,2327,1272,880,1397,1950,440,435,219,601,872,1629,896,906,943,919,769,1101,660,300,416,1476,1784,1255,513,18,425,4043,991,793,2328,984,522,1157,1264,1375,4885,2077,3267,3646,3632,2274,2905,2434,1943,2112,1573,818,2931,1382,1477,811,1135,3381,3821,2932,2826,451,1140,710,409,869,1233,616,702,703,674,859,1863,619,744,1505,872,407,670,1646,1320,3213,569,445,1882,888,1936,669,621,1251
sub-81,9114,475,815,6820,4756,3207,843,5571,2694,1136,490,1159,1456,1144,1521,451,877,1821,462,704,820,1295,645,605,1676,2251,872,2262,704,1070,1736,905,698,729,612,628,869,1286,1075,1250,659,864,2050,2464,1152,774,917,881,882,761,3844,3116,1185,1681,1928,929,728,316,663,1021,1035,828,1770,695,883,576,2559,1991,2484,1453,1870,2539,2315,1317,1892,1481,2572,1634,810,562,901,1521,1975,2932,1853,3110,2362,1946,1226,1290,2039,1753,2228,1249,551,2363,1110,898,726,1430,782,571,449,799,1226,1396,1020,1258,1323,523,708,878,588,416,414,1400,1294,1152,693,5,789,1316,1144,1114,2354,968,1036,1682,1495,1902,5571,2885,3500,2970,2939,1654,2599,2346,1421,1271,710,1215,1872,908,1569,967,1490,3119,3632,3329,2970,476,970,659,325,758,909,761,744,533,678,818,1430,734,540,957,1003,456,768,1475,1156,2541,947,613,2282,1201,1842,602,1008,889,9205,899,921,6367,3873,2656,1050,4954,1881,1149,759,858,1264,1532,2292,667,1414,3040,486,427,523,1046,873,367,1861,1086,859,1506,732,1557,1703,1078,889,521,721,841,947,1336,1027,1066,1140,1254,1742,1872,1104,786,1820,738,621,1059,2625,2702,1055,1364,1724,1434,1056,792,920,871,920,616,1615,983,726,633,1962,2000,2620,2721,2074,1594,2078,1666,1109,1347,2534,1990,655,342,957,1614,2081,2653,1383,3273,1629,1724,1404,2042,2510,994,2247,1564,536,1578,920,658,1031,1253,598,364,243,772,580,1609,971,916,1374,744,862,1013,646,370,403,1121,1534,843,456,49,777,2350,1242,679,2121,842,654,2397,1144,1427,5530,1998,4056,3105,2911,2009,3089,2544,2859,1909,882,1230,2439,1206,1523,906,761,1994,5379,5424,3251,794,987,834,412,504,1022,666,582,567,411,457,1995,640,493,1158,1079,444,719,1557,1248,2511,472,560,1851,903,1684,613,583,988
sub-82,5918,975,652,5555,4177,2925,844,6112,2768,1191,422,1419,1376,1281,1817,518,767,2531,368,734,864,636,746,476,1219,1752,1353,1302,910,1213,1407,861,684,1161,556,763,799,1337,979,1360,418,1495,1595,2217,1751,876,1495,1196,692,1230,3272,2728,1463,1786,2082,931,824,453,896,709,1029,1054,1432,524,1179,469,1793,1262,2859,1229,1643,2187,1457,1290,1745,1714,3118,1509,739,479,1001,1705,1383,1682,2125,2928,1757,1851,1176,1273,1996,1555,2203,1142,638,2176,771,787,930,1113,752,553,404,706,827,1822,840,1390,1234,537,774,922,528,345,401,1447,1651,1185,525,0,645,1971,1350,1187,2155,955,1185,1921,1659,1831,5754,2882,3754,3271,3109,2185,3280,2730,1231,1865,907,651,1873,1162,1410,776,1606,3354,3339,2494,2980,545,1019,650,387,476,1448,371,1063,438,786,766,1353,548,342,734,1086,459,749,1261,1482,2130,829,515,2319,1335,2272,681,645,711,6429,923,721,5638,4196,2888,965,5835,2132,1526,686,772,1774,1232,2074,649,1126,2857,468,543,561,1161,740,429,1443,1355,1096,1438,829,1383,1311,1056,765,553,597,1203,1071,1394,1049,1654,714,1082,1496,2506,1307,536,1502,563,663,1058,2944,2983,1262,1976,2012,1261,894,481,588,691,864,687,1810,982,893,514,1792,1774,2807,2174,1302,1407,1255,1484,1168,1350,2692,1867,752,390,1032,1588,1344,1928,1208,2351,1549,1424,1134,1790,2218,646,2036,1241,395,2176,634,1180,1018,1233,618,366,271,782,665,1964,828,797,1042,870,870,1054,526,305,311,1270,1365,1081,599,14,417,2478,1178,917,2284,833,575,2270,1269,1318,5163,1759,3817,3198,2840,1942,3227,2770,2685,1936,939,962,2453,1119,2048,858,792,2077,3903,5234,4146,593,955,813,452,418,1312,442,774,514,543,570,1720,469,515,913,1061,519,764,1295,1185,2345,600,500,1875,1117,1940,647,861,1103
sub-83,6074,712,843,5422,4771,3324,812,4889,2489,758,515,1099,1490,1189,1945,477,771,1644,400,657,874,986,781,314,1134,1511,1285,1287,826,1399,1353,646,640,898,736,679,820,1224,928,1209,409,1687,1449,1862,1716,880,1763,1199,1322,939,3007,3029,1070,1612,2000,1067,858,562,774,504,454,1359,1296,820,945,431,1886,1349,2554,1099,949,1774,1870,1051,1925,1343,2720,1666,586,372,1029,1730,836,1783,1737,1964,1160,1790,1185,1082,1759,1692,2115,1351,618,1569,655,544,905,993,861,499,363,615,642,1470,594,1248,1082,588,640,820,462,355,305,1311,1333,1632,873,12,537,4044,994,791,1445,1119,1386,1121,839,1259,5400,2464,3882,3891,3184,2118,1852,2639,1032,1468,667,792,1766,1076,1218,819,1335,2825,3678,2753,3225,381,787,642,500,658,1018,854,894,506,854,839,1593,540,518,920,852,447,618,934,1353,2118,581,440,1419,883,1636,525,540,539,6433,911,965,6013,4855,2971,920,7345,2349,1697,818,1049,1853,1287,1846,438,697,2295,261,521,656,1191,773,306,1092,1072,993,1045,576,1363,1481,1037,793,602,642,1295,1032,1267,916,1548,675,941,1406,1997,1157,332,975,433,452,765,2555,2173,1890,2116,2235,1712,909,481,348,928,957,771,1610,540,922,547,2141,1349,2918,1963,1098,1726,1080,919,978,1240,2219,1690,516,295,687,944,1050,2013,916,2996,1648,1276,1120,1598,1849,700,2009,1379,363,1837,950,909,1153,2109,507,446,237,614,843,1303,897,851,863,884,870,1029,534,252,298,1070,949,1054,446,0,567,3179,1275,588,1807,1115,697,1492,1176,1165,5912,2360,3539,4016,2923,2038,1884,2641,1323,1491,908,942,2157,855,1107,521,1349,2217,2982,2786,1982,405,1022,629,482,754,819,780,814,609,503,509,1761,519,522,961,881,356,666,1604,1066,2791,497,536,1450,1083,1554,561,929,858
sub-84,6183,392,776,5675,4823,2622,723,4983,2188,1064,721,1185,1421,1111,1770,405,749,1758,352,515,697,838,516,360,897,1294,952,1073,664,1279,1289,710,820,799,638,550,651,1072,938,1134,448,1266,1258,1334,1515,677,1410,919,1388,953,2998,3266,1145,1280,1600,907,621,343,433,621,860,830,1271,698,961,351,1930,1391,2163,1218,1074,2073,1535,1286,1442,1412,2521,1342,872,570,987,1630,1220,1738,1574,2056,986,2033,1207,1084,1748,1360,2233,1201,468,1799,806,490,783,1018,704,493,342,594,690,1437,596,1139,1009,444,708,865,410,341,332,1215,1087,1056,592,5,680,2341,1084,660,1110,827,1192,764,957,1286,5492,1640,3822,3421,2704,2167,2316,1832,999,1298,490,960,1294,817,954,605,1049,2548,2966,2338,2759,583,781,472,360,482,791,362,716,419,741,683,1471,608,454,928,807,419,574,1196,1092,2501,542,457,1270,665,1530,499,845,445,6110,584,916,5915,4677,2865,659,4735,2023,1081,614,819,1625,853,1850,605,751,2325,336,369,637,1141,734,290,1188,939,1056,824,648,1070,1435,798,551,389,457,925,1337,1078,1118,1464,710,1489,1037,1448,1335,862,1114,587,673,1021,3024,2749,1102,1439,1378,1426,685,444,579,593,621,1003,1490,889,611,440,1517,1509,2765,1635,1422,1581,1957,1062,843,1197,2097,1753,485,355,806,1012,2194,2032,815,2581,1472,1452,924,1708,2196,726,1883,1206,300,1240,761,638,1086,1205,485,411,209,596,694,1270,696,645,739,604,668,743,429,227,266,1197,993,696,547,40,448,1517,954,516,1666,697,417,1381,1335,1282,4980,1802,2575,2533,2294,1313,2140,1853,2392,1403,1067,1058,1983,778,1553,645,1030,1777,2994,3909,2540,447,613,555,350,619,830,486,743,301,461,448,1469,430,553,1208,871,396,486,1293,1119,2174,467,431,1283,792,1605,571,547,937
sub-85,7566,618,720,6302,5952,4045,772,4962,2566,1074,418,1414,1272,1244,1526,322,680,2271,320,720,1046,828,604,507,1008,1498,899,1172,603,1217,1502,792,738,879,466,643,713,1243,848,1282,487,816,1460,1343,1344,501,1210,567,629,679,3084,2280,1128,1223,1702,1059,895,533,819,695,944,1654,1482,643,888,517,2340,1700,2837,1406,1298,2321,1927,1302,1601,1367,2915,1687,786,687,916,1385,1467,2231,1651,2303,1841,1933,1168,1338,2211,1574,2160,1278,362,1972,994,735,892,1221,780,550,377,672,782,1604,904,1192,1125,618,800,906,458,363,411,1211,1525,1021,737,8,720,1821,1302,880,1495,801,1036,993,1109,1564,6062,2875,4184,3409,3157,1590,2998,2130,1443,1340,926,934,1514,1096,969,600,1204,3499,3363,2505,2254,417,964,559,369,891,1237,618,1076,498,773,801,1708,680,471,1018,897,451,654,1335,1490,2637,621,609,1849,939,2347,557,728,569,7930,591,1306,6949,5772,3982,1079,4746,2090,1386,773,809,1456,1179,1802,436,643,1754,402,595,749,1274,937,440,1701,972,832,1606,559,1217,1667,940,808,510,617,821,876,1260,802,1085,757,1185,1250,1445,958,761,1482,527,511,1071,3242,2528,1068,1111,1560,1468,797,406,588,821,1026,1296,1680,591,949,636,2455,1968,3138,2103,1281,1620,2097,1762,1324,1376,2410,2129,720,525,1520,1587,2184,2317,1861,2833,1518,1527,1134,1696,2127,1028,2288,1409,573,1410,1007,746,1189,1415,440,449,256,681,919,1499,933,661,863,902,732,855,633,300,369,1099,1547,859,679,23,609,1614,1211,777,2048,867,468,1397,1210,1619,5332,2308,3471,2835,2581,1560,2045,2703,2097,1423,771,1150,2244,1262,1166,685,1145,2529,4668,2706,2089,538,1357,747,420,776,871,771,722,733,397,598,1559,510,506,1034,1034,442,743,1530,1252,2391,563,461,1780,1201,1750,524,921,824
sub-86,6227,685,796,5957,4755,3299,655,4666,2016,1080,543,1234,1241,1269,1862,445,805,1841,413,551,808,989,527,418,932,2045,1463,904,771,1020,1546,1024,774,1005,642,646,877,1363,931,1294,551,1353,1918,2238,1410,753,1217,1046,1110,1058,2565,1962,1165,1040,1903,996,840,498,796,827,1005,964,1630,662,896,367,2024,2316,2609,1290,2055,2042,1587,1097,2326,1912,2459,1555,615,534,1146,1648,1570,2528,1521,2370,1821,1522,993,1074,1886,1943,2390,1564,844,2088,866,950,822,1181,702,537,451,695,762,1732,812,1564,1403,530,837,914,512,444,367,1310,1258,1088,630,9,447,1642,1185,807,1598,991,1252,961,1257,1735,5530,3214,4033,3117,2900,1539,2710,2255,1234,1948,643,754,1385,1211,1325,677,1204,3162,5337,3006,2562,484,955,714,443,612,1262,779,720,676,793,818,1615,615,418,1132,1293,503,857,1194,1533,2170,749,508,1835,1382,2612,656,799,1054,6869,668,718,6051,4602,3203,1020,4239,1632,1508,532,893,1270,1424,1640,653,746,2711,484,350,530,1423,517,354,1380,962,1591,1212,642,1374,1472,1133,1127,667,735,716,1019,1416,837,1326,681,1108,1219,1417,1397,873,1062,774,817,1043,2268,2195,992,1263,1359,1373,935,636,789,711,978,1477,1854,840,679,506,2681,1805,3462,2114,1459,1634,1609,1718,1629,1374,1983,2024,663,335,1257,1950,1990,2543,1474,2714,1417,1372,803,1091,1853,887,2154,1673,527,1560,857,636,962,1464,562,391,257,679,708,1813,997,887,1185,1161,886,926,650,451,461,796,1194,818,619,15,475,1522,871,719,2189,939,560,1470,1364,1666,5220,2303,3340,2690,2708,1711,3066,1900,3157,1977,1024,753,2808,1210,1487,980,577,1811,3685,4165,3140,426,1099,666,390,434,982,1000,729,460,729,909,1823,662,579,1319,1130,495,868,1419,1133,2214,726,656,1871,990,1764,728,679,1189
sub-87,7663,586,835,7217,5094,3054,538,4844,2457,947,519,1348,1485,1307,1891,505,989,2002,649,349,757,592,502,372,1393,1508,1101,1342,773,1254,1585,786,775,791,780,647,719,1031,774,1247,787,806,1808,1580,1248,797,1360,711,888,1023,3007,2288,1305,1207,1837,963,593,455,663,795,872,1113,1487,736,880,360,2179,1382,2645,1304,1372,1990,1788,1268,2033,1182,2140,1663,1059,675,1152,2259,1286,2024,1513,2286,1843,1760,1145,1339,2192,1700,2299,1143,789,1725,848,572,912,1147,955,611,402,679,759,1399,732,1173,1221,560,702,744,381,410,443,1204,1622,1299,626,13,561,3043,1060,1031,1287,837,1508,1139,1069,1619,5838,2701,3883,3651,2961,1978,2861,2186,1386,1596,563,1039,1287,1373,2393,1060,1166,3068,5334,2743,3048,472,893,742,352,551,944,641,660,511,701,753,1570,625,402,787,789,494,654,1276,1526,2726,709,520,1704,1848,2481,579,872,834,7481,699,982,7077,5020,3212,808,4424,2239,1180,632,834,1548,1227,2142,559,810,2671,449,642,643,896,814,305,1577,1118,1202,1575,603,1457,1548,677,811,578,623,767,988,1136,1219,1492,717,888,1423,1760,1375,557,1215,518,695,799,3527,3614,1072,1484,1877,1144,802,483,604,823,914,1533,1752,861,771,609,1268,1970,3070,2048,1643,1429,1880,1576,1028,1598,2134,1956,642,394,1175,1530,2088,2112,937,3012,1531,1752,1214,1824,2638,930,2252,1488,391,1499,590,988,1005,1565,639,378,255,683,857,1441,981,763,866,1008,938,1111,583,267,351,1114,1696,1106,545,53,542,2290,1165,855,1865,773,575,1435,1106,1141,6019,2209,2852,4302,3510,2017,2209,1905,1622,962,991,1174,2650,1398,1580,806,993,2350,3961,3763,2681,479,852,705,335,665,1129,1039,787,596,836,542,2067,594,476,1113,828,461,792,1524,1452,3182,578,582,1608,1152,1468,650,819,846
sub-88,5265,337,652,5629,4300,3551,771,4895,2311,1018,527,1044,1206,1080,1531,448,859,1695,433,579,769,872,321,515,1617,1727,947,1515,719,1255,1234,677,727,895,687,496,532,943,755,1173,472,1079,1567,1755,1120,683,1290,771,665,721,3209,2439,1071,1319,1775,952,683,268,521,1010,846,1328,1213,517,845,371,2353,1814,2175,1297,1095,1779,2137,944,1930,1496,2406,1450,534,403,779,1270,1392,2099,1483,1730,1338,1792,1148,1067,1891,1638,2160,1184,489,2437,971,862,900,1116,819,515,386,728,907,1448,668,1211,965,610,729,895,432,326,323,1213,1216,1081,631,5,575,2429,1231,827,1447,885,856,1363,1449,1234,5913,2552,2053,2679,2217,1174,1550,1444,1146,669,575,694,1253,869,964,675,1129,3506,3428,2113,2114,437,637,408,290,460,820,747,512,369,1175,734,1309,611,398,937,1032,457,705,1112,1459,1926,692,570,1629,1746,1643,479,680,541,5608,497,767,5122,4373,3404,1002,5168,2025,1311,691,694,1817,1093,1878,570,969,2071,426,473,676,1019,661,247,1041,1094,1168,908,762,1081,1285,787,561,490,707,705,905,1186,887,1359,1000,952,1252,1771,1040,595,1521,506,735,924,2552,2353,1011,1477,1628,1330,633,415,743,710,1046,993,1608,533,699,519,1768,1485,2686,1701,1187,1294,1025,1087,1205,1263,2488,1657,371,275,820,1520,2012,1914,1093,2841,1330,1440,975,1650,2075,747,2060,1312,524,1800,953,976,956,1392,577,429,225,646,682,1557,831,842,874,1066,819,831,511,322,307,1298,1299,866,471,19,489,2115,989,561,1480,907,481,1727,803,852,5630,1853,2336,2723,2100,1310,1828,1471,1475,793,867,811,2062,1057,1279,751,855,2252,3443,4061,2279,512,955,541,311,289,564,882,504,624,518,547,1209,503,464,1087,1040,437,685,1299,1105,2607,415,537,1249,1112,1076,526,566,852
sub-89,6303,385,1107,5931,5405,3876,652,5076,2181,902,464,1297,1419,1315,1692,496,623,1546,389,595,734,1485,425,503,1188,1579,1465,681,1007,1289,1615,834,808,1186,799,530,719,1304,910,1296,552,1296,1350,1708,1271,989,1961,1044,1053,856,2779,2372,1222,1352,2014,1150,902,643,910,583,1112,1286,1657,775,750,525,2694,1839,2655,1384,1440,2343,1796,1105,1997,1436,2731,2191,598,600,1000,1872,2038,2882,2258,3238,1815,2095,1485,1446,2059,1758,2310,1411,740,1992,1070,731,1455,1561,1105,660,435,656,875,1541,917,1366,1121,782,818,903,428,394,378,2197,2581,1234,730,0,675,3724,1478,837,1713,947,1276,1607,1293,1642,6132,2572,3522,3658,3018,2018,2190,1935,1744,888,692,714,1208,1226,1077,721,1915,4422,4355,2498,2679,560,730,448,327,556,651,784,753,341,938,691,1423,717,338,1036,1036,416,691,1446,1391,1688,858,620,2002,1162,1696,614,823,1232,7753,838,922,5609,5424,3165,897,4595,2324,1235,665,1088,1507,1566,1758,572,660,2545,424,593,640,1267,669,288,1024,1119,989,1017,725,1270,1527,921,869,634,857,714,888,1346,727,1342,836,777,1363,1820,1190,506,1154,808,973,1290,2922,2305,1088,1220,1995,1364,860,484,521,1227,788,1436,1832,1107,824,547,2588,1536,3273,2194,1314,1504,1543,1223,1017,1466,2818,2732,868,473,1744,1775,1896,2990,1470,3624,1579,1831,1614,1755,2517,735,2419,1349,646,1742,1222,749,1581,1373,603,472,250,630,557,1553,936,811,916,915,837,749,475,346,403,853,1873,1108,484,11,620,3014,1161,698,2239,1027,499,1520,1432,1480,4655,1915,3406,3033,3358,2507,2754,2010,2518,2035,1522,1028,2180,1456,1694,673,1081,1988,4545,3575,3223,469,764,683,351,658,993,841,969,323,433,691,1664,605,679,1107,1018,489,744,1550,1383,2475,579,482,1819,1192,1549,635,898,994
sub-90,8936,606,613,6284,4406,2711,661,5786,3461,1200,434,1354,1143,1482,1753,365,600,1723,389,837,678,699,911,540,1356,1743,1224,1601,810,1251,1604,1010,886,1283,828,718,776,1304,1195,1325,607,1148,1875,1950,1501,755,1477,843,1141,935,4138,3874,1356,2020,2649,784,845,567,702,1166,1196,1422,1598,630,982,375,2067,2144,3388,1328,2319,2685,1983,1613,1834,1733,3384,1692,715,434,865,1306,1748,2758,2517,3559,3259,2142,1519,1453,2140,1852,2236,1575,604,2620,988,798,868,1857,1055,651,398,730,931,1705,875,1493,1217,571,847,954,763,420,590,1536,1504,1746,630,0,742,3966,1278,1148,2137,1129,1238,1562,1274,1772,6162,2902,3884,4046,2982,1815,2103,2471,1315,1578,764,810,1898,892,1451,832,1520,3073,3963,3047,3577,256,932,437,383,723,737,769,832,385,872,712,1370,825,508,994,868,550,887,1614,1570,2731,820,766,2280,1028,2251,596,958,1120,9206,674,894,6578,5335,3289,1092,5803,2509,1796,817,1103,1308,1421,1694,529,577,2797,414,649,685,1213,952,485,1673,1415,1095,1855,579,1306,1488,1346,1023,704,693,876,1126,1527,1462,1758,725,889,1535,1605,1333,593,1537,743,713,1147,3507,3269,1142,1789,2009,1666,1307,814,899,770,1302,1481,2125,713,1018,678,2131,1569,3313,2503,1988,1817,1785,2076,1183,1852,3383,2469,740,419,1638,1994,1854,2434,1817,3415,1966,1531,1484,1891,2737,782,2374,1791,632,2554,1273,1120,1487,1632,523,465,244,727,940,1712,812,1015,974,901,1093,997,774,347,429,1215,2162,1172,470,0,616,3330,870,760,1861,1033,492,1362,1386,1439,6367,2335,3880,3958,3076,1956,2813,2549,2339,1720,1212,712,2794,1566,1534,833,961,2519,4439,3823,3697,384,913,605,397,716,1322,1253,914,647,617,608,1500,597,609,1116,974,503,856,2014,1609,3244,530,595,1700,1130,1670,489,779,1074
sub-91,5597,463,855,5508,5286,4073,903,6068,2286,1113,679,1450,1498,1165,1841,623,1012,2593,470,672,1077,781,445,531,1402,2076,1053,1495,723,1159,1530,979,737,789,537,796,904,1427,1147,1578,646,1237,1798,1916,1120,599,1369,696,751,743,3339,3046,1343,1583,1942,1224,795,436,488,1092,1185,1257,1617,1030,925,581,3075,1954,2763,1582,1522,2148,3202,892,1588,1548,3177,1839,544,806,621,1143,1647,2530,2244,3054,1922,2392,1286,1451,2606,1610,2675,1324,331,1945,1231,905,1021,1513,1052,627,404,728,1062,1887,682,1076,1260,775,707,1055,527,384,464,2006,1584,1863,829,66,416,4775,1196,1040,1849,1013,1144,1289,1201,1515,5460,2491,3231,3295,2580,1675,1554,2551,1363,661,736,921,1104,946,1171,644,1716,4780,4751,1769,2096,595,564,354,350,518,1054,890,703,660,798,856,1379,737,585,1263,1007,596,690,1504,1138,2343,705,573,2320,1370,1113,603,1019,899,6206,680,863,6106,5173,3090,760,5129,1727,1089,647,933,1497,1308,2114,533,926,2915,468,434,793,1182,759,391,1466,1273,1178,1758,670,1296,1368,1111,660,474,606,918,1035,1621,831,1481,729,1091,1570,1737,1474,804,1578,663,554,1531,2614,2409,1165,1584,1754,1436,1089,491,610,868,828,1673,2167,1205,736,618,2257,1871,3896,2887,1662,1890,2408,1322,1225,1488,2663,2282,672,594,1284,2164,3698,2992,1797,2794,1546,1827,1121,1822,2560,840,2222,1909,569,1941,1004,1096,1241,1519,715,470,241,748,870,1794,858,717,975,1041,953,1262,569,311,370,806,1458,1133,500,17,375,3749,947,765,2084,780,525,1524,1398,1363,5655,2116,3035,2930,2902,1590,1854,1912,2477,1719,956,928,2263,1189,2047,1035,982,2280,4921,4702,3190,460,766,681,336,810,926,864,641,491,460,728,1478,541,683,1237,1047,543,630,1259,928,2986,515,631,1676,1053,1508,666,904,975
sub-92,5831,592,1442,5581,4548,3161,927,5301,2760,952,505,1202,1531,1302,2898,819,1126,2341,498,539,1065,945,507,615,2069,1893,1211,1755,971,1777,1952,1294,1214,990,643,652,819,1378,1015,1647,669,1468,2111,1855,1415,1224,1038,1673,1443,1762,3441,2687,1516,1722,2103,1279,1014,537,731,1143,940,1612,1826,604,1086,571,2459,1603,3453,1452,1406,2278,1592,1814,2357,1860,2634,2229,1058,629,1662,2333,1484,2255,1678,3138,2056,2034,853,1060,2153,1647,2412,1520,1125,1905,1032,360,1115,1654,1272,713,488,827,1173,2012,892,1683,1318,816,923,1266,838,486,566,1772,1546,1116,516,0,707,2268,1457,1458,2188,660,1300,1362,1406,1585,5909,3133,4424,4287,3359,2674,2547,2499,1244,1168,351,1800,1436,1667,2145,732,1897,4634,6106,2291,2473,985,566,690,393,658,1229,794,302,379,1091,562,1444,719,467,1174,1181,622,957,1427,1316,2379,939,666,2537,1211,2889,859,1069,793,5354,984,911,5524,4775,2918,916,5117,1983,860,712,720,1539,1263,1737,781,966,2688,476,350,444,1396,661,371,1766,1153,1691,1724,701,1682,1637,1383,820,664,678,1031,1653,1829,1487,1815,939,1668,1584,2066,1925,775,2051,1141,1240,1444,3095,2895,1111,1424,3077,1496,941,477,634,1198,502,1537,1979,1156,587,821,2474,1493,3649,2306,1219,1349,1577,2116,1614,1716,2334,2655,980,511,1742,2276,1367,2352,1121,1967,1139,1837,852,1506,2217,890,2364,1894,555,1600,892,836,1217,1890,613,492,307,912,1071,1983,1176,1335,1244,1262,1025,1403,749,408,516,2194,1916,1615,608,17,594,3108,1146,1261,2840,682,491,1620,1383,1429,6159,2634,3511,3549,3148,2140,2089,2706,1981,1498,712,998,1917,1493,1941,719,1340,3666,5817,5509,3063,557,1071,809,300,389,1497,667,762,714,1144,574,1580,644,542,1216,1493,432,988,837,1307,2378,670,737,2325,1314,2044,593,903,820
sub-93,4288,635,553,4573,3513,2962,667,4777,1993,1031,436,1251,1057,1064,1426,387,808,2047,431,537,546,555,534,406,948,1504,1133,932,568,963,977,915,608,793,539,444,753,1686,1086,994,443,1200,1472,1406,1572,653,1525,737,767,829,2680,2136,1167,1490,1559,826,720,355,354,1023,559,675,1298,598,907,401,1794,1320,2059,1098,1310,2136,1437,1678,1939,1477,2817,1867,1150,625,1549,1962,1139,2019,1679,2201,1500,1845,1084,1096,1810,1989,2345,1368,610,1968,846,514,770,1158,670,527,362,559,745,1154,688,1017,1123,731,648,788,461,357,361,1240,1409,1570,736,9,391,3933,1161,760,1646,900,1138,1050,1059,1407,5076,2615,4985,3417,3025,2290,2819,2317,994,957,870,725,1833,795,1417,871,894,2533,4036,2973,3498,388,629,429,363,646,1444,854,783,419,618,567,1479,859,521,1409,914,448,626,1318,1480,2514,715,513,1597,960,1995,665,823,995,5148,527,731,5032,3795,2633,695,4165,1565,1386,692,753,1754,1365,1806,448,830,2377,460,383,586,833,340,265,1427,1002,1164,1290,961,1495,1049,762,731,627,711,543,871,1115,960,1006,475,1283,1039,1642,1156,818,1191,562,604,1080,2297,2276,1022,1186,1388,1502,869,464,598,605,771,1211,1598,869,796,532,2647,1655,3080,1808,1345,1658,1855,1679,1106,1554,2595,2191,1140,473,1380,1601,1614,2757,827,2590,1437,1583,1209,1522,2023,1180,2302,1749,387,1612,1151,517,1024,1212,616,368,216,578,520,1224,722,803,902,1009,808,939,551,272,308,897,1593,802,661,57,365,2210,1021,618,1545,901,618,968,1119,1320,5597,2258,4315,4335,3507,2107,2332,1964,2096,1778,797,729,2475,1065,1490,1008,619,2090,4366,3463,3131,519,819,593,442,565,1301,679,810,446,628,870,1620,568,556,1315,929,460,699,1189,1114,3352,447,392,1477,867,1989,596,599,1077
sub-94,5082,308,687,4684,4174,3063,791,4858,2855,980,492,1487,1009,1102,1697,481,788,1490,407,455,786,1050,349,406,1328,1695,1445,1188,713,1240,1336,763,593,1010,702,573,766,1115,953,1199,472,1145,1751,1535,1704,1031,1501,910,1064,917,3374,2954,1164,1393,1636,780,770,579,679,669,928,1014,1443,609,679,384,2172,1699,2758,1404,1212,1856,1938,1229,1747,1346,2217,1453,728,400,724,1571,1732,2577,1866,2510,1950,1727,1082,1278,2027,1470,2056,1188,631,1907,1032,780,829,1079,671,499,358,664,857,1438,551,1468,1092,607,717,905,538,457,371,1480,1558,1060,649,0,473,1819,963,863,1552,936,1026,967,1101,1506,5149,2774,2630,2749,2426,1475,2260,1890,1348,1129,582,631,1072,1379,1117,776,1285,3052,5023,2608,2542,369,627,383,272,388,987,748,556,505,1061,722,1255,734,291,1032,898,496,648,1297,1324,2253,551,528,1682,946,1940,422,734,883,5897,391,851,4874,3913,2258,776,4624,2121,1129,657,773,1249,1255,1726,600,840,2243,410,411,575,954,807,383,1486,1001,1059,1788,685,1439,1494,797,744,577,635,744,891,1168,992,933,903,1121,1266,1445,1380,591,1285,823,705,902,2848,2529,995,1500,1774,1348,667,504,641,907,852,1095,1582,996,818,592,1563,1951,3252,1866,1346,1438,2152,1158,1094,1233,2470,2261,642,402,1021,1610,2643,2588,1403,2860,1504,1541,1145,1729,1967,862,2377,1296,528,1559,764,835,1162,1535,450,451,225,694,902,1368,681,726,846,769,748,922,561,305,340,1110,1316,900,542,46,447,2015,910,880,2101,811,485,1359,1355,1601,5169,2576,3252,2923,2381,1619,2017,1850,1996,995,669,858,2298,1086,1441,907,824,2051,4429,3032,2825,452,621,529,365,459,804,606,586,541,981,380,1537,553,502,1382,937,423,589,1393,1105,2482,502,574,1766,1236,1586,507,599,822
sub-95,6363,536,669,4888,3967,2770,602,4702,2408,1034,413,1151,1016,1116,1718,453,663,1935,299,829,952,920,687,613,1261,1714,1072,1292,775,1253,1163,810,613,836,566,637,635,1082,773,1064,476,922,1673,2042,1174,694,916,1083,937,627,2693,2437,1081,1438,1510,769,585,450,625,1021,818,1037,1306,631,785,349,2130,1629,2175,1246,1095,1834,1888,876,1622,1197,2318,1627,633,463,605,1344,1550,2105,1466,2060,1490,1689,915,980,1607,1463,1886,1289,707,2052,900,605,816,1208,868,691,450,714,878,1469,763,1183,1064,503,678,835,435,375,407,1260,1094,1140,729,3,651,3414,1088,1097,2308,883,1302,1528,1418,1634,5284,2580,3654,2675,2249,1866,2255,1879,1273,886,525,952,1284,1055,1273,544,1274,2773,3103,2265,2481,478,722,444,295,830,1053,488,530,377,538,680,1389,513,414,922,863,504,630,1123,974,2347,920,662,2324,1013,1304,652,679,839,6399,750,938,5540,4198,2603,813,4498,1740,1351,650,1077,1619,1014,1993,543,881,2170,392,466,975,1145,631,424,1357,1152,922,1240,683,1038,1441,686,768,460,510,770,775,1012,752,1199,565,971,1301,1721,950,630,1065,1037,599,800,2571,2191,1034,1325,1508,1319,785,481,692,664,488,944,1502,1018,702,441,1809,1413,3105,2239,1125,1412,1639,1126,1099,1187,2274,1743,472,396,832,1225,1891,1811,1045,2015,1226,1527,1261,1462,1868,614,1851,1345,508,1688,978,893,1158,1355,429,464,246,719,692,1542,929,803,795,915,709,642,494,310,334,1039,1119,1045,552,25,528,3356,897,738,2184,804,548,1217,1375,1434,5222,1939,3692,2827,2961,2112,2469,2057,2887,1403,938,1478,2421,906,1214,711,786,1958,3049,4688,2482,468,707,575,365,689,657,555,782,482,395,441,1588,536,631,860,953,493,588,1118,832,2289,494,544,1994,1046,1347,634,651,681
sub-96,7630,372,760,6985,4562,2712,784,4945,2151,935,391,1428,1078,1178,1692,370,597,2031,230,470,735,844,444,415,1155,1573,910,1224,637,1057,1393,681,664,735,537,505,618,779,729,1063,869,1138,1434,1637,742,661,1237,735,774,655,2865,1844,1153,1187,1647,960,431,355,538,1022,921,1082,1544,573,703,361,1620,1324,2446,1086,1183,2255,1656,1277,1909,1568,2559,1386,667,434,937,1294,1577,2305,2014,2938,2181,1939,1179,1264,2094,1407,2071,1139,508,1677,1091,549,748,1175,628,529,369,635,846,1425,663,1078,1040,731,748,1004,440,342,317,1101,1326,1454,653,0,685,3050,1468,790,1787,1131,1238,1428,1109,1666,5592,2307,3213,3021,2556,1635,2357,1793,917,1198,448,1029,1398,856,934,562,1301,3054,3764,2647,2488,362,908,649,353,710,916,634,439,607,579,534,1420,658,493,721,957,393,591,1570,1266,2680,586,513,1864,946,1599,509,793,965,7844,568,881,6910,5236,2792,780,3997,1790,1051,602,743,1747,1201,1684,479,667,2235,411,425,557,1032,878,309,1213,1066,831,1255,531,1019,1581,802,838,505,546,813,777,1019,891,1075,452,894,1196,1240,888,572,1277,756,691,730,2469,2298,1039,1004,1126,1288,768,568,771,660,1148,989,1797,662,736,423,1870,1512,3108,2067,1600,1730,1384,1623,1104,1515,2555,1881,773,248,1191,1432,2589,2621,1541,3625,1715,1430,1046,1657,1998,626,2206,1170,482,1141,816,446,828,1216,442,356,223,598,632,1426,787,771,972,877,817,991,483,302,327,751,1468,1141,430,2,587,2567,1009,576,1956,940,517,1595,1194,1298,4520,1762,3247,3307,3001,1766,2342,2271,2265,1650,864,1007,2460,954,1209,636,817,1808,3208,3450,3256,520,812,529,359,544,746,701,824,592,473,662,1475,464,428,985,894,466,747,1488,1246,2022,454,491,1558,771,1968,525,611,1275
sub-97,6839,463,713,5249,3945,3554,666,5109,2398,1115,413,1416,993,1365,1695,520,790,1895,350,470,767,966,362,493,1222,2003,1437,1437,1020,1174,1289,980,687,1084,728,546,706,1352,885,1315,527,1340,1798,2422,1638,755,969,1191,1455,1193,2985,2444,1233,1531,1966,984,846,520,669,729,1331,1619,1714,514,746,483,2544,1829,2908,1705,1518,2139,1433,1126,2058,1669,2637,1747,714,569,1178,1245,1490,2327,1746,2621,1710,2096,1330,1059,2080,2154,2275,1678,1006,2041,799,853,892,1371,816,516,356,681,920,1750,652,1285,1266,710,861,921,551,439,411,1275,1225,1437,747,8,474,3323,1120,985,1647,1000,1290,1271,1074,1155,5972,2288,3204,3207,2461,1750,2476,1821,1283,1208,686,694,1783,1044,1380,756,1207,2893,3845,2622,3002,457,671,598,363,543,1190,850,380,330,722,671,1505,722,325,1229,1018,578,851,1479,1376,2144,630,662,1800,963,1897,507,890,808,6899,408,780,5316,4037,3167,797,4495,1962,975,710,827,1011,1542,1835,489,718,2848,372,465,721,1139,677,426,1357,1700,1420,1335,882,1534,1281,854,874,620,738,904,951,1348,1006,1299,822,1143,1423,2348,1515,843,1476,766,771,1509,2992,2486,1029,1166,1813,1349,780,440,460,1016,662,2035,2210,1218,984,698,3025,1877,3578,2613,1202,1667,1877,1766,1707,1380,2555,2148,826,455,1451,2038,2211,2155,1411,2959,1460,1307,1308,1685,2281,945,2609,1642,744,1605,1093,1376,997,1918,547,375,259,662,905,1662,795,1108,962,994,1092,1055,634,326,401,1225,1974,1024,652,14,478,2375,887,820,2070,821,564,1218,1212,1535,5420,2445,3355,4018,2754,1843,2083,2097,2340,1045,396,832,1937,1614,2286,790,1344,2872,5139,3329,2594,397,699,737,375,595,596,698,469,291,963,712,1695,757,638,1265,898,450,820,1483,1197,2979,544,539,1846,1098,1736,576,808,622
sub-99,5130,776,920,5415,5063,3827,872,5917,2944,1068,504,1393,1289,1531,2245,507,881,2197,377,847,908,993,608,544,1584,2353,1624,1477,1023,1575,1506,1278,842,1275,812,602,847,1563,839,1571,1022,1048,2000,2569,1756,1519,1542,982,1412,1590,3843,3468,1320,1703,2311,1263,719,586,1067,1271,1126,1757,2160,888,833,527,2586,2499,3424,1824,1883,2616,2493,1681,2203,1676,3234,2073,763,664,1194,1644,1938,3050,2048,3545,2082,1935,1324,1506,2392,1684,2586,1362,911,2539,1037,1072,1213,1538,1152,659,381,853,1107,1712,984,1521,1289,804,972,1378,789,491,508,2084,1651,961,812,8,433,3744,1374,950,1681,1010,1572,1131,1179,1666,5640,3335,5000,4060,3333,2486,4296,2862,1259,1667,813,958,1919,1193,1821,925,1961,4300,6235,4084,3880,567,849,609,495,910,1705,976,627,489,1130,1010,1682,793,367,1347,1164,545,804,1482,1775,2911,987,694,2014,1140,2873,733,797,873,6315,778,673,5332,4173,3167,966,5107,2093,1598,618,882,1656,1312,2186,719,1000,2917,501,312,549,1417,745,453,1513,1208,1659,1460,876,1581,1455,1722,910,620,779,803,1443,1909,1444,1598,1208,1760,1637,1947,1932,1030,2218,1195,1080,1407,3734,3126,1141,1626,1462,1644,1196,728,1076,919,827,1289,2126,1367,963,652,2314,2431,4239,2687,1943,1949,1750,1590,1350,1857,2893,2577,917,499,1364,1731,2336,3104,1853,3620,1946,1806,814,1785,2106,894,2902,1551,873,2461,1202,1407,1560,1770,886,545,261,712,698,1716,1097,1075,1131,1132,1131,1222,865,358,535,1488,2910,730,600,22,498,2230,1267,847,2284,1008,522,1339,1601,1725,5872,2778,4230,3827,3361,2373,3412,2931,3206,1879,1380,1055,2658,1916,2413,843,913,3341,5331,5242,4586,487,942,573,425,326,1524,731,783,602,775,628,1850,822,801,1687,1033,560,1044,1891,1357,3044,785,554,1946,1418,1747,671,829,1100
sub-100,7161,555,678,5472,4490,2901,751,4743,2443,914,513,1018,1160,1287,1376,295,766,2440,488,486,778,902,501,495,1158,1778,925,1031,605,1066,1487,811,783,909,562,637,772,1167,704,1355,685,1046,1737,2133,1151,378,525,893,993,1081,3156,2634,1174,1471,1875,858,847,601,1123,623,1182,897,1370,644,809,361,2639,1811,2624,1308,1031,1948,2381,1123,2542,1359,2199,1544,715,471,836,1490,2004,2971,1664,2248,1552,1746,1135,1196,2018,1871,2152,1559,431,2146,791,839,816,1216,884,519,362,611,652,1609,786,1467,1303,678,784,864,688,426,353,1423,949,1087,495,0,947,1647,1057,910,1539,879,1062,1290,883,1194,5273,2605,3577,3413,3052,1640,2548,2207,1076,1196,598,682,1355,804,861,659,1220,2765,3525,1980,2364,348,717,762,337,645,911,781,640,342,568,343,1747,705,322,1092,1111,442,820,1242,1582,2528,770,542,1638,1269,1723,487,569,1108,7328,438,599,5286,3892,2481,864,5163,1942,1104,726,763,1250,1373,1568,541,858,2701,385,343,574,1243,599,322,1308,1318,1122,1418,761,1254,1466,1054,883,530,587,949,980,1330,1162,1562,963,805,1642,1921,1350,655,1006,616,528,844,3142,2864,1085,1412,2873,1447,747,433,637,1059,1056,1627,1915,599,882,732,2526,1717,2934,2229,821,1308,1883,1302,1226,1500,2278,2245,569,373,1171,1878,2471,3000,1173,2572,985,1362,899,1640,2128,867,2439,1696,265,1975,1201,1069,1302,1602,668,465,221,616,813,1498,964,798,1032,905,1064,1039,745,367,350,1293,1102,943,462,9,822,1612,1011,758,2130,723,472,1490,1359,1576,5338,2593,3325,3609,2411,1388,1994,2389,2203,1327,550,959,1629,846,1017,703,962,2624,3584,2813,1835,408,867,738,348,476,818,512,555,387,734,453,1717,496,635,1068,1083,434,779,1218,969,2728,587,574,1765,1217,1795,667,814,903
sub-101,7671,737,878,6124,5212,3317,922,5460,3008,1056,542,1122,1290,1502,2153,558,1012,2212,326,729,1167,670,562,350,1583,2288,1422,824,613,1392,1634,937,710,733,402,668,835,1260,984,1512,614,1067,1883,1974,1497,939,649,763,1128,852,3712,2970,1165,1603,2330,972,931,589,864,709,1489,983,1595,647,658,357,2389,2267,2313,1685,1639,2084,2117,1082,1658,1297,2509,1730,807,658,897,1635,1523,2408,1416,2263,1835,1765,1058,1099,2331,1405,2348,1095,621,2436,1186,861,721,1453,1071,555,386,733,953,1900,894,1223,1555,646,695,848,433,409,424,1578,1308,1290,915,16,797,3304,1463,1015,2057,1030,1217,1623,1139,1716,5648,2450,3717,2348,2083,1636,3283,2413,1731,1180,660,1083,1439,1096,1101,591,1191,5036,4203,3229,2692,674,694,497,343,915,1239,458,863,562,827,741,1683,853,361,1080,1010,461,710,1155,1309,2493,619,560,2007,1663,1802,550,826,1086,8842,1037,1331,6548,5564,3163,1235,5331,2351,1162,793,771,1660,1755,2346,787,1442,2967,565,604,645,1475,892,320,1309,1237,785,1187,642,1246,1611,1049,892,418,517,953,954,1015,929,1569,721,1025,1478,2034,952,881,1090,547,703,806,3236,2492,1225,1479,1985,1318,924,552,668,1023,851,1327,1976,555,857,572,2849,2744,3573,2760,1601,1530,2119,1347,1133,1211,2244,2406,582,490,1298,1693,2105,2906,1277,2956,1763,1596,1204,1687,2410,924,2168,1219,309,1802,1015,853,1699,1534,598,412,248,604,725,1919,839,795,1091,1106,716,1183,582,352,411,998,1381,1110,825,20,763,2795,990,697,2334,942,510,1450,1423,1698,5421,2200,3925,3379,2757,1938,2732,2349,2554,1817,1411,1936,2853,1164,1199,909,658,2181,3674,3601,2741,765,731,558,395,775,1328,856,1031,670,551,451,1717,525,489,1228,902,488,602,1375,1138,2914,567,458,1929,1042,2080,541,691,1070
sub-102,6210,838,1016,5117,4756,3032,554,5536,2672,1394,612,1415,1252,1167,2240,443,924,1737,375,664,746,828,770,348,1027,1548,1969,1210,1009,1438,1539,825,966,996,811,663,873,1346,1190,1458,503,1521,1896,1474,2081,1076,1497,1072,1187,850,3411,2960,1413,1302,1591,912,829,575,778,598,780,926,1474,497,873,487,2311,1957,2552,1282,1704,1819,1912,896,1312,1271,2281,1314,428,484,672,851,1339,2310,1552,2845,1997,1509,1024,1213,2204,1690,2008,1541,646,1681,1360,897,925,1203,685,507,352,574,749,1505,668,906,969,791,789,1183,413,355,279,1650,2306,1104,608,2,558,1981,1484,825,1464,836,1095,865,967,1600,5360,2835,5433,3030,3633,2112,3102,3123,1154,1785,1011,1154,2445,1364,1625,801,1650,3123,4733,3501,3712,396,533,617,402,542,1037,771,823,374,1149,455,1289,676,509,1227,1048,433,619,1333,972,2830,564,485,1656,957,2264,716,596,952,6685,626,1132,5500,4587,2606,810,4980,1905,1415,787,769,1817,1470,2332,600,978,2534,609,506,693,875,844,314,1459,1120,1573,1154,1098,1678,1505,1132,775,623,773,970,1385,1584,977,1359,566,1155,1369,2113,1789,1279,1446,762,844,1376,2887,2461,1098,1370,1741,1341,1220,643,644,744,977,1274,1684,904,710,658,2236,1765,2580,2198,1272,1442,1469,1233,1171,1316,1958,1958,506,321,1003,1444,1285,2002,1074,2327,1237,1681,1029,1551,2038,810,2048,1768,584,2377,1150,1193,1115,1354,527,399,232,585,776,1510,753,903,975,1097,973,931,483,370,344,1168,1898,1039,574,5,533,1688,861,785,2104,885,719,1361,1504,1400,5448,1961,4321,3215,3388,2336,3474,2195,2754,1801,1072,1060,3409,1433,1667,1130,1197,2719,4855,2965,3037,543,666,753,454,577,1116,846,953,441,783,676,1793,643,570,1267,988,503,847,1446,1153,2883,535,484,1772,1158,1683,554,742,494
sub-103,7836,389,564,6604,4428,2167,899,4843,2385,921,410,827,1533,1419,1832,721,937,1920,396,240,582,552,284,424,1212,1929,1109,1287,967,1070,1807,926,855,933,560,728,651,1085,875,1174,856,1007,1987,1904,1222,731,1579,819,1167,837,3251,2606,1135,1666,1924,831,864,424,609,1239,1335,1595,1811,640,1098,585,2112,2213,2747,1325,1619,1945,2332,1442,1953,1523,2242,1710,839,424,1098,1501,1647,2126,1984,2665,1734,2660,1496,1392,1551,1595,2184,1152,676,2510,1227,600,804,1232,1261,622,347,792,1094,1700,480,1366,1318,841,924,1177,535,482,491,1697,1427,1240,675,0,785,3071,984,1086,1624,1010,1267,1263,1158,1446,5116,2275,3561,2858,2707,2105,2958,1542,1270,1497,520,812,1215,795,1436,784,1964,3221,3167,1833,2587,670,771,523,379,606,1020,638,390,389,552,346,1983,676,353,1102,1078,513,726,1157,1705,2552,597,515,1764,1093,1131,556,953,985,7950,425,566,7067,4474,2908,1008,4666,2672,1448,995,640,1352,1444,1516,559,762,2117,440,342,656,1061,381,321,1223,726,1147,1275,1030,1136,1430,789,827,655,673,936,832,1310,1444,1350,768,1099,1502,1597,1179,501,2194,818,1002,912,3498,3158,1265,1483,1892,1314,921,397,588,959,700,1719,2142,962,1069,704,2093,1633,3286,2256,1173,1703,2387,1843,1367,1605,2585,2293,798,476,1560,2025,2483,2848,1426,2463,1469,1634,909,1270,1677,641,1807,1425,381,1406,892,1062,1109,1174,420,469,261,624,699,1937,770,862,990,1264,1150,1148,634,302,365,1317,1610,986,563,31,662,3211,1021,660,2117,889,599,1070,1353,1329,5095,1916,3114,3600,3281,2478,2251,1672,1722,1370,789,1167,2174,1357,1327,674,841,2432,4269,2206,2910,481,938,617,403,416,834,643,558,413,481,675,1711,555,708,1160,1151,469,869,1493,1318,3026,473,448,1430,971,1624,726,948,539
sub-104,6467,479,696,6037,4255,3447,772,5429,2489,1091,853,1245,1267,1007,1980,576,980,2001,387,481,869,713,358,511,1475,1739,1021,1011,667,1018,1134,738,725,947,444,598,664,1000,733,1383,747,843,1747,1825,1480,605,1411,1415,1287,1489,2847,2091,1303,1385,1998,992,801,487,853,747,850,883,1538,858,567,414,2069,1396,2507,1498,922,2114,1335,1439,1728,1384,2750,1790,724,648,1090,1663,1165,1791,1480,2761,1981,1685,1589,1203,1747,1286,2126,1123,1027,2112,999,701,811,1101,689,599,391,659,919,1541,631,1272,1035,484,738,825,433,375,394,1038,1443,1270,561,6,609,2696,950,951,1635,975,1545,1120,978,1209,4428,2183,3072,3429,3138,1860,1724,1807,1114,1014,382,1006,1098,1337,1670,556,1082,2658,3848,2714,2225,551,951,574,360,741,833,663,338,517,520,425,1642,542,266,729,1105,439,720,1817,1332,2130,724,570,2018,935,1661,483,630,1039,6469,511,1010,5801,3989,3312,825,5302,2318,1217,645,730,1347,1120,2073,550,757,1859,348,489,639,994,719,327,1144,1110,1174,1093,602,1338,1352,725,664,519,549,949,954,1152,883,1569,539,1258,1397,1687,1090,473,1372,725,680,1008,2592,2114,1112,1569,1717,1523,746,432,443,893,965,928,1841,722,544,440,2376,2004,3103,2037,2295,1582,1640,1301,853,1377,2339,1981,527,476,1053,1130,2284,2470,1664,3730,2049,1383,1414,1568,2143,653,1824,1384,560,2096,1140,937,1142,1513,580,438,251,532,599,1492,766,809,1058,855,924,906,620,330,345,894,1299,1136,661,17,493,3219,1253,666,1910,880,564,2031,988,1242,3909,1365,3902,2594,3015,2481,2592,1681,2371,1614,606,972,2083,1070,1445,591,882,1653,3421,4812,2579,486,961,940,379,592,772,523,480,567,445,541,1817,363,462,1021,1027,459,702,1766,986,1797,541,485,1581,902,1754,586,1002,1061
sub-105,4978,438,679,4584,3676,3135,608,4158,2073,781,514,914,844,1062,1884,289,504,2206,374,649,788,844,434,552,2124,1671,1088,1940,493,1133,1336,769,704,739,574,542,719,1291,990,1281,574,1159,1814,1538,1357,675,1346,794,1047,689,2933,2451,996,1168,1537,1130,824,428,669,1175,695,1304,1688,867,822,444,2571,1574,3214,1518,1353,2111,1966,1507,1918,1343,2972,1932,615,883,953,1506,1823,3557,2240,2917,1860,1804,1219,1202,1991,1566,2295,1136,865,1588,804,550,605,1037,658,536,470,932,957,1699,762,1419,1159,719,819,880,445,429,384,1312,1366,1271,588,5,490,3346,1140,1024,1684,883,1208,1111,1317,1640,5298,3301,4290,3415,3318,2332,2333,2206,1185,927,740,832,1416,1242,1283,508,1300,4323,6356,2744,2420,292,467,730,377,742,834,615,806,327,813,730,1728,576,445,860,1007,487,753,1384,1499,2389,779,678,2170,1377,2382,593,1043,1150,5615,848,884,5476,3420,2438,943,4578,1803,1121,737,776,1294,1014,2186,487,675,2987,384,358,421,1011,776,552,1570,902,1098,1875,703,1308,1465,652,746,543,634,1047,907,1201,950,1655,678,922,1274,1487,1236,549,1193,549,889,1084,3123,2523,985,1643,1757,1302,1010,714,914,703,1153,1441,1785,739,771,488,1971,1774,3412,1993,1381,1514,1724,1243,924,1603,2620,2042,401,469,954,1322,1946,3353,1779,3398,1572,1350,1025,1485,2068,689,1951,1494,366,1428,742,565,1331,1508,655,462,343,707,915,1571,895,756,1259,1070,849,838,650,331,426,1127,1216,809,371,2,409,2608,841,975,2410,719,579,1434,1352,1174,5363,2453,3278,3239,2942,1733,2878,2642,1933,1574,1429,1165,2387,969,1607,839,891,2126,3341,2898,3266,539,777,739,391,499,1150,876,903,425,553,491,1853,546,383,1052,989,525,718,1516,1179,2526,717,650,2098,1095,1713,630,679,854
sub-106,5325,950,905,5270,4682,3986,890,5467,2867,1156,514,1233,1301,1247,1986,669,707,2188,700,825,1170,1437,688,436,1145,1656,1130,1364,841,1637,1285,990,709,1029,647,730,834,1284,928,1798,583,1266,1935,1841,1847,1018,2026,947,1203,1048,3625,3589,1361,1556,1968,1059,881,610,869,769,962,1373,1826,532,828,410,2478,1621,3160,1420,1178,2358,2154,1510,1737,1566,2794,1716,912,679,946,1076,1885,2694,2061,2688,1816,1851,1307,1361,2201,1811,2302,1627,694,2305,963,692,1063,1302,911,559,428,709,763,1742,896,1385,1244,639,836,915,526,411,503,1785,3034,1672,697,0,413,4084,1152,1059,1578,1216,1436,1194,1194,1734,5751,2785,4253,3762,2955,1606,2861,4082,1073,1934,752,947,1960,1045,1451,874,1369,3510,3753,2764,2889,578,854,774,460,883,2062,754,585,749,951,826,1855,878,375,1288,1236,561,869,1197,1042,2928,679,532,1901,939,2365,614,883,1057,5637,924,1033,5133,4067,3240,855,5334,2010,1452,702,810,1447,1741,2125,559,911,3161,462,344,523,1135,749,384,1944,1067,1126,1921,835,1847,1452,1020,830,841,880,916,1028,1317,1012,1539,899,1304,1474,1658,1492,705,2324,779,901,875,3104,3389,1186,1238,1716,1413,855,651,761,1310,861,1619,1859,1165,791,720,2520,2493,3274,2235,1607,1690,2570,2018,1039,1731,2841,2626,977,553,1196,1331,2155,3008,1462,2950,1554,1910,1440,2167,2693,1157,2584,1909,508,1609,1027,680,1490,1798,704,494,270,817,915,1964,930,921,1060,1014,1047,947,753,347,520,1615,2564,974,647,39,444,4044,1101,1005,2296,1167,773,1671,1394,1476,5753,2411,4470,3762,3382,2176,3149,2960,3020,2053,1503,1072,2803,1653,2006,841,1332,3254,5500,3285,3394,679,857,1080,556,560,1138,813,916,422,933,756,2198,726,630,1269,1048,559,648,1527,878,2851,566,601,1822,1408,2162,612,1052,964
sub-107,5899,623,623,5045,4012,3272,1024,3556,2365,887,1022,822,1135,1418,1518,372,838,2937,356,403,1048,872,486,434,1332,1976,996,1482,686,1283,1359,813,867,801,784,604,761,1443,830,992,525,1024,1597,1743,1429,882,564,777,819,736,2397,2015,1290,834,1378,934,855,488,988,708,1128,1350,1846,703,809,441,2578,1714,3299,1701,2112,2353,2239,1256,1991,1458,2551,3136,877,958,1339,1560,1950,2873,1716,2704,2828,1991,1077,1459,2187,1980,2220,1477,448,2307,1523,828,1334,1460,833,665,515,623,562,1671,992,1285,1073,610,768,985,821,441,560,973,1269,1183,466,2,537,2488,1447,996,1886,911,1342,1073,1253,1612,5241,2531,4272,3781,2517,1916,2579,2649,1293,1480,837,998,1637,1004,1378,823,957,2983,4294,3147,3342,468,791,917,342,643,797,767,772,534,990,653,1730,626,282,1157,1084,611,783,1397,1779,2507,918,612,2152,728,1911,698,910,1248,7078,549,779,5333,3906,3097,1123,4103,1664,950,489,474,907,1336,1864,310,792,3136,271,312,468,1422,873,370,2064,1136,1447,1757,777,1426,1418,1001,880,778,849,883,1035,1278,972,1366,484,1489,1143,1250,1683,792,1681,882,1264,1543,2563,2759,894,1500,1371,1022,1091,607,702,642,912,1231,1844,789,949,720,1590,1905,3219,1785,1947,1618,1539,1638,1062,1487,3137,2034,898,226,1585,1925,2561,2781,1526,3148,1680,1637,1377,2120,3019,1169,2566,1812,509,1312,661,510,902,1736,585,564,251,746,1020,1827,1102,861,1049,1000,754,1005,654,343,465,1367,1873,847,291,0,633,1826,1055,830,2135,360,486,1673,1449,1778,6341,2039,3330,3382,2939,1914,2292,2262,2869,1796,613,1267,1835,1174,2056,618,1599,3194,4778,4347,3109,619,995,930,276,467,955,507,466,465,625,651,2005,649,577,1353,985,607,691,1549,1357,2522,631,678,1895,894,1865,702,606,980
sub-108,6400,546,1031,6340,4978,3831,781,6218,3094,1177,539,943,1182,1519,1901,465,881,2595,511,499,853,931,369,414,1508,1992,1598,1368,796,1451,1584,856,833,1059,981,767,777,1307,873,1542,525,1742,1572,2290,1896,777,1628,1335,1301,880,3818,3157,1483,1821,2187,1287,800,605,728,1277,1106,715,1426,564,786,408,2044,1743,2732,1367,1535,2546,1775,1894,2512,1298,3279,1973,974,653,1214,1940,1086,2005,2282,2357,1953,2100,1538,1234,2213,1715,2446,1216,742,2035,955,904,1183,1712,1289,639,420,759,1324,1560,654,1976,1082,577,723,956,481,427,473,1811,1701,1374,625,0,718,3063,1184,882,1498,972,1218,722,1064,1479,5446,2953,4070,3181,2976,1836,2499,2138,1422,1428,586,774,1848,1040,1506,904,2273,5006,4602,3133,3705,533,983,741,329,692,929,961,419,507,1119,1047,1608,758,308,1087,913,567,850,1549,1778,3092,819,575,2031,959,2510,526,590,1253,7447,568,1091,6971,4441,3248,960,5170,2268,1322,798,671,1312,1452,2383,715,939,2228,537,506,838,1084,667,334,1805,1387,1470,1624,696,1672,1615,807,932,763,991,859,1040,1167,1053,1439,755,1078,1556,2346,1611,685,2001,939,1024,1374,3038,3012,1180,1443,2002,1868,942,539,766,764,1004,1373,2136,608,822,667,1839,2912,3775,2583,2270,1742,1548,1371,940,1852,2776,2029,483,319,857,1491,2406,2539,1406,3964,2050,1515,1298,1743,2366,966,2307,1755,592,1753,760,1160,1240,1741,782,450,256,641,739,1419,879,778,828,1124,988,1173,529,287,350,1432,2079,1017,479,6,571,2287,1081,749,1902,859,541,1201,1233,1330,5374,2469,4057,4732,3417,2247,2925,2750,2499,1701,890,1190,2559,1813,1572,916,1285,2909,6354,3451,2601,505,947,598,377,645,1071,876,609,488,919,621,1602,551,549,1208,946,493,796,1911,1231,3018,511,500,1677,1068,1943,572,651,871
sub-109,6820,474,657,5857,5736,3723,884,5822,2708,1346,731,1329,1504,1255,1743,523,989,2385,536,515,904,940,498,664,1357,2134,1695,1373,698,1468,1484,964,779,996,724,596,822,1316,909,1478,1012,1691,2114,2242,1314,758,1748,969,968,1001,3285,2407,1340,1812,2258,1253,573,430,780,935,816,1258,1724,828,968,398,2182,2038,2832,1647,1845,2599,2007,1207,2464,1697,3017,1846,684,496,855,1733,1689,2534,2130,3003,2765,2117,1645,1525,2682,1767,2882,1537,702,3009,1286,983,1071,1413,1046,691,475,942,1039,1540,921,1454,1122,678,714,927,431,427,481,1757,1699,1199,660,11,524,2011,1669,970,2105,841,1488,1474,1471,1987,6087,3852,4568,4900,3295,2463,2891,2317,1360,1338,607,751,1721,1000,1839,1053,1594,4219,4608,2768,3630,488,688,671,427,600,877,1004,685,472,867,803,1978,853,514,1368,1188,613,735,1509,1529,2569,911,683,2449,1462,2618,644,674,870,7156,852,892,5807,5219,2797,1162,6211,1947,1813,746,1270,1470,1530,2290,708,974,2495,501,676,731,1072,918,349,1536,1790,1288,1782,976,1424,1505,1168,834,766,670,935,1081,1452,1101,1371,898,1020,1634,2904,1393,649,2065,586,805,1067,2815,2412,1172,1953,2030,1385,892,486,729,759,761,1392,2350,1110,922,641,2037,1794,3575,3091,1690,1313,1892,1655,1733,1551,2862,1940,730,524,1080,1862,1764,3102,1369,3238,1464,1674,1252,1863,2295,1243,2806,1677,641,2735,1001,1765,1122,1363,639,440,258,800,937,1600,994,1090,915,1010,1098,1243,640,362,425,1324,1893,886,639,58,529,2071,1092,1033,2192,846,787,1645,1288,1619,5906,2609,4732,4416,2841,2706,3554,3091,2203,1670,1235,926,2298,1463,2191,985,1007,2892,5268,3548,3288,586,1028,780,484,684,1114,907,883,824,688,837,2018,737,502,1713,1052,565,862,1320,1413,3204,562,596,1814,1265,2287,607,770,1010
sub-110,6690,743,714,5882,4961,3266,985,5461,3313,1025,551,1390,1016,1444,2059,510,1011,2529,520,563,1000,946,463,507,1906,2145,1821,1589,972,1553,1651,1014,961,945,648,700,979,1450,1242,1464,730,1231,1870,1782,1610,1135,1121,1206,1002,1032,4474,3486,1498,1123,2041,916,895,456,601,1414,893,1502,1992,659,1175,527,2139,2203,3586,2004,2347,2539,1962,1792,2155,1695,3088,2070,1181,663,1179,1618,1911,2717,2414,3982,2835,2252,1600,1246,2122,1991,2787,1479,632,1749,916,1004,1223,1219,962,590,388,814,1099,2185,794,1519,1532,910,913,1313,553,475,438,1515,1462,2106,1022,96,590,4420,1355,928,2010,973,1382,942,1504,1685,5265,2743,4027,3795,2953,1868,3093,2290,1693,1253,721,772,1528,1556,2025,916,1893,4397,7398,2896,3092,407,885,802,382,747,1515,797,713,472,1173,857,1629,831,545,1524,1097,477,936,1715,1819,2848,663,628,2142,1027,2608,575,1107,727,6984,605,798,6326,5002,2995,1418,6298,2293,1623,794,1088,1391,1477,2217,663,896,2884,375,418,756,1325,784,335,2133,1631,1623,2290,836,1312,1276,1004,1031,603,680,1144,1344,1642,1041,1848,881,1535,1842,3319,1776,959,1638,1007,1298,1495,3588,3035,1227,2385,3207,1136,1147,649,861,808,980,1472,1799,634,911,668,1748,2341,3817,2569,2128,1881,1715,1789,1446,2010,2962,2059,779,429,1242,2168,1588,2227,1460,2861,1643,1514,1037,1645,2182,975,2285,1968,482,2357,871,1192,1156,1301,703,451,256,742,977,2191,1082,1046,1197,1441,1294,1370,526,370,405,1002,1497,1587,604,55,557,3217,1051,992,2554,902,659,2198,1771,1629,5150,2789,4102,3979,3194,2483,2464,2642,2853,1958,945,886,2653,1443,1858,936,1134,2799,7398,5038,3582,471,1034,932,488,600,1478,943,600,580,899,851,1983,699,464,1436,1269,438,992,1501,1583,2711,546,561,2081,1400,1973,667,579,704
sub-111,5727,508,545,4971,4321,3358,603,4107,1867,808,365,1183,1336,1128,1441,565,831,1818,412,424,803,839,542,381,935,1248,981,916,616,1082,1255,592,712,806,504,464,625,1040,957,816,638,1171,1206,1406,1269,542,1374,749,942,806,2856,2385,1046,1405,1586,566,429,242,517,698,755,1012,1186,653,859,364,1960,1428,2071,1329,1186,2146,1642,1209,1410,1220,2438,1582,771,407,834,1041,1328,1866,1522,2376,1482,1675,908,1078,1592,1692,1797,1409,480,1806,724,585,710,1275,896,663,378,754,861,1395,522,1175,964,785,746,1079,485,394,374,1243,1540,1140,649,6,805,2234,1099,648,1323,837,899,633,1138,1332,6046,2828,2835,2457,2353,1331,2654,2076,845,1056,518,676,1776,943,917,681,1386,2917,2963,2358,2657,527,765,467,314,622,1064,978,430,697,671,656,1308,693,421,1355,1074,485,672,1256,1048,1823,509,458,1211,883,1211,446,428,707,5710,556,573,4828,4436,3083,861,4368,1837,1125,547,851,1247,1065,1784,733,964,2753,325,431,603,1103,435,386,1689,899,1026,1501,670,1129,1299,651,641,522,439,821,992,956,1050,1120,493,901,1123,1322,1004,570,1299,661,844,625,2850,3069,1090,1106,1628,1094,624,356,474,650,630,891,1512,820,789,723,1771,1556,2804,1513,1129,1701,1880,1020,827,1198,2023,1724,428,343,681,1093,1582,1923,1195,3002,1305,1508,1121,1539,1665,846,2309,1827,282,1770,898,901,1058,1588,603,485,239,725,916,1641,695,680,859,941,762,980,461,309,387,1348,1388,945,383,23,512,2139,905,788,1901,721,405,1256,1239,1433,5332,1973,2647,2628,2117,1266,1794,1508,2029,1195,570,942,1889,895,1195,712,1358,2589,3689,3366,2077,620,822,739,292,431,677,683,355,506,358,200,1427,542,453,1255,960,465,610,1231,1074,2604,419,462,1526,1254,1192,496,479,634
sub-112,5773,363,936,5319,4331,2667,613,5092,2592,1349,357,1021,1539,1228,2082,528,938,1484,360,282,705,619,494,572,1278,1857,820,1527,624,1256,1548,727,700,939,488,632,624,933,700,1145,1006,1115,1831,2725,1112,713,1618,801,614,995,3358,2579,1315,1691,2066,829,569,409,840,956,748,833,1407,552,979,423,2120,1869,2436,1232,1277,2039,1710,1115,1563,1224,2865,1472,571,450,726,959,1194,2198,1402,2575,1560,1825,1442,1262,1923,1689,2388,1168,555,3619,799,697,796,1401,938,624,392,761,1113,1598,877,1485,1386,761,778,947,571,383,406,1778,1634,1138,522,0,621,2214,1207,1209,2243,753,1032,1419,1110,1467,6540,1849,2642,3540,2888,1532,2026,1408,1126,649,354,1160,1445,1032,986,565,1558,4234,3395,2437,2371,610,831,427,266,461,640,663,292,385,545,340,1222,574,410,919,951,412,681,1782,1069,2308,812,702,2240,1511,1549,640,564,920,5543,396,844,4942,3851,2308,831,4401,1784,1324,804,777,1394,1072,2293,690,822,2421,334,525,497,823,356,553,1691,1206,1142,1517,632,1526,1475,876,773,580,500,1014,873,956,940,1327,714,1047,1536,1488,1234,857,1426,759,697,1083,2628,2258,1163,1105,1528,1357,817,547,609,870,789,1449,1914,825,902,608,3276,2022,3554,2388,1350,1523,1711,1316,1156,1348,2212,1954,612,358,819,1179,1609,2299,1190,2912,1275,1444,1259,1535,2057,769,2237,1753,422,2334,1366,1255,992,1586,525,423,248,794,1012,1654,1299,1013,1165,1048,913,908,607,332,391,1225,1378,1002,431,35,468,2590,907,1241,2398,808,486,1729,1096,1144,5919,1895,2839,3244,3050,1642,2183,1822,2268,1261,676,1474,1744,1053,1051,497,1110,2535,4026,3012,1864,641,1079,716,331,536,748,600,563,711,645,248,1431,470,542,1113,1019,456,765,1271,1235,2354,782,618,1885,836,1503,693,718,743
sub-113,6744,919,768,5941,4844,3852,782,5083,2515,848,462,1066,1416,1072,1982,613,1086,2169,558,808,1033,942,710,441,1047,1674,1231,937,863,1317,1303,746,687,935,523,557,705,1118,875,1149,652,913,1663,1479,1231,861,1056,633,748,865,2887,2679,1206,1462,1439,917,710,473,560,1003,1034,1660,1601,735,687,442,1676,1914,3085,1319,1672,1936,1847,1296,1567,1523,2871,1628,935,549,919,1119,1860,2923,1877,3675,1879,1727,1188,1113,2095,1570,2363,1427,494,1986,1310,506,726,1051,625,494,357,632,714,1491,667,1223,1311,566,763,928,366,411,317,1228,1169,1120,715,5,459,1691,1067,716,1679,993,1101,1251,1275,1565,5234,2881,3868,3529,2684,1681,2770,2406,1098,2142,1062,856,2253,990,1730,998,1174,2402,3524,2604,3186,542,613,865,410,658,1363,737,1184,608,797,735,1549,714,325,949,998,478,769,1232,1412,2440,663,534,1681,1130,2381,494,1018,785,6932,623,857,6175,5079,3275,1061,4815,2188,1144,575,893,1895,1310,2335,701,1010,2576,641,417,316,1307,423,368,1508,1197,839,1213,847,1380,1357,887,823,558,619,846,953,1291,1008,1481,660,1139,1402,1598,1020,655,1345,534,508,974,3051,2687,1086,1219,1723,1271,1109,694,771,786,987,966,1668,704,815,640,1871,1529,2603,2169,1240,1320,1739,1427,1136,1753,2848,2128,743,436,1379,1517,1932,2028,1217,2373,1457,1361,1114,1749,2558,857,2323,1536,362,2011,936,1026,1107,1542,623,461,263,677,803,1607,767,915,1190,841,1115,941,520,352,382,1444,1327,1118,588,15,543,2317,1010,763,2060,1104,604,1605,1523,1540,5379,1875,3457,3652,3087,1960,2437,2420,2450,1396,674,1165,2028,1038,1565,1152,1137,2945,4783,3471,2761,561,897,634,449,320,1110,892,682,544,449,640,1650,507,645,1110,1046,492,853,1457,1194,2669,531,507,1802,1072,1926,566,573,992
sub-114,5719,571,663,5142,4323,2886,886,4739,2615,885,462,986,1320,975,1794,570,834,1970,344,654,794,749,484,447,1488,2188,1013,1600,868,1429,1344,899,515,854,665,691,899,1217,924,1461,786,1080,1784,2014,1781,805,1057,1075,931,756,3673,2739,1058,1269,1789,1122,605,383,645,892,845,1261,1785,874,735,463,1539,2193,2646,1488,1337,1891,1737,1348,1893,1822,3199,1473,765,352,836,2008,1875,3061,1517,2553,1481,1917,1088,1199,2008,1945,2282,1500,788,1900,1634,948,747,1449,892,583,420,601,719,1395,906,1101,1121,478,732,824,578,328,374,1636,1487,1112,496,1,559,1441,1267,1012,2473,695,1071,1672,1262,1527,6524,3189,4742,3720,3097,2019,3076,2432,1270,1819,704,845,1381,1143,1175,668,1329,3936,5537,3039,3184,672,827,588,359,812,1190,836,484,548,660,880,1702,606,344,1064,920,470,670,1120,1473,2671,786,567,2533,1569,1906,598,1276,897,6152,843,726,4878,4320,2769,1108,4329,1833,1129,573,859,1522,1161,1801,607,961,2542,364,367,803,1052,619,356,1528,1172,1054,1189,774,1415,1483,1044,746,633,824,956,1120,1297,780,1690,684,1148,1334,1302,1232,773,1645,667,590,1032,3124,2966,923,1172,1683,1243,1179,507,756,694,924,1218,1823,1116,825,532,2334,1656,3213,2419,1270,1705,2438,1481,1067,1427,2284,1743,713,293,1131,1645,1851,3313,1250,3258,1633,1627,1195,1635,2260,981,2409,1663,409,1394,961,1001,1150,1551,620,407,229,697,837,1185,968,777,1065,763,829,855,623,253,316,1153,1662,935,381,5,522,1602,1177,956,2414,711,462,1271,1622,1392,5705,2862,3263,3835,2555,1687,3214,1547,2720,2452,1244,935,2381,880,1829,687,1297,2523,3741,5030,3045,705,1279,746,333,721,1093,852,805,606,548,671,1786,597,531,1142,916,521,685,1221,1438,3287,667,626,2046,1241,1968,564,747,1167
sub-115,5752,624,958,4721,4050,2817,623,4215,1944,1115,378,1177,1567,1068,2037,633,1235,1702,508,637,676,752,483,307,917,1574,1637,983,1050,1604,1242,716,616,1097,828,580,622,1060,824,1134,463,1379,1823,1686,1935,939,1335,980,1625,1364,2570,2518,1008,1120,1712,653,752,640,734,564,688,1042,1437,869,547,403,2199,1258,2699,1278,1274,1801,1935,1126,1720,1264,2357,1434,856,484,780,1320,1515,2022,1812,2516,1753,1749,1034,1073,1950,1429,2331,1176,860,2140,878,564,605,1340,904,476,386,543,627,1403,584,1290,1000,624,713,849,445,358,407,1095,1556,1325,656,5,518,3855,1016,689,1445,922,1262,915,1021,1266,4697,2248,3298,3101,2405,2239,2207,1961,922,828,629,975,1708,1003,1159,968,927,2791,3591,2558,2461,588,755,435,338,568,722,870,604,471,974,528,1398,558,514,1073,899,450,713,1021,1277,2123,610,416,1300,772,1798,495,650,895,6588,480,895,5679,4583,2402,977,3825,1719,1024,763,977,1629,1376,1876,672,1127,3063,418,440,489,664,464,224,1021,997,1369,907,988,1559,1336,782,717,636,843,647,949,985,957,1233,845,1298,1252,1785,1391,843,1522,738,628,1573,2614,2949,805,1256,1406,1293,559,491,297,1240,753,764,1482,1002,663,617,2096,1187,2564,1861,1377,1296,1413,1641,1140,1294,2387,1779,783,375,1087,1550,1895,1962,1242,2774,1568,1368,1240,1570,1886,829,2354,1569,592,1422,938,896,985,1400,443,379,223,612,735,1414,857,799,953,1124,854,938,514,270,358,1231,1954,1051,551,30,504,3485,953,546,1805,824,577,1485,1096,1092,4888,1929,2312,2846,3316,1734,1578,1754,2191,1177,580,922,2156,1049,1332,896,933,2297,3833,3755,2348,508,770,549,349,650,665,616,424,521,613,524,1732,565,680,1066,846,367,762,1271,1496,2422,354,379,1382,999,1784,526,927,932
sub-116,5682,388,727,5154,4411,3178,600,4286,2173,870,445,919,1200,872,1663,500,775,1879,367,482,778,983,624,317,1169,1637,1028,1164,814,1048,1150,702,606,643,618,414,552,1154,805,1030,543,898,1599,1763,1015,749,1032,567,718,825,2877,2581,1180,1392,1761,726,572,331,640,867,875,984,1354,443,911,274,2259,1532,2583,1301,1293,2005,1894,1000,1679,1149,2029,1424,783,539,994,1306,1452,2289,1435,2350,1827,1559,800,1318,1665,1224,2243,1162,309,2123,844,708,531,942,954,468,374,583,639,1397,544,1204,1128,624,631,799,448,289,327,1149,1041,1003,608,8,486,3099,1090,783,1151,1111,953,866,748,1144,5100,2387,3228,3128,2406,1511,2256,1738,1059,1129,377,994,1104,758,1091,739,1148,2787,3657,2539,2293,558,622,443,405,544,756,614,462,450,745,542,1613,556,418,790,968,418,641,1314,1209,2207,495,461,1292,989,1650,494,687,857,6546,643,795,5369,4552,2670,827,4273,1717,1218,795,691,1609,1179,1825,637,584,2241,383,435,615,1324,925,305,1187,1063,743,1287,534,1352,1230,704,720,658,592,760,852,1078,917,1109,596,1055,1407,1588,1011,560,1332,511,581,733,2738,2485,1189,1271,1406,1041,795,408,763,697,793,905,1544,849,666,453,1959,1351,2558,1980,1320,1571,1913,1406,1372,1356,1730,1954,800,482,1061,1360,1629,2433,1437,2472,1396,1390,982,1651,1978,652,2490,1424,321,1592,826,787,865,1142,573,339,239,595,543,1583,789,735,1129,977,758,931,510,263,334,878,1321,979,532,10,475,2116,809,716,1846,828,519,1302,1002,993,4904,2164,3139,3252,2788,1572,1594,2361,1525,1307,415,809,1451,1006,1106,455,713,2011,3921,1868,2167,440,559,468,366,596,742,386,608,454,509,453,1555,410,460,1072,877,421,748,1067,1369,2731,471,516,1485,866,1428,564,633,1027
sub-117,6165,615,734,5360,4491,2846,857,4701,2151,1069,351,1274,1260,882,1932,548,825,1935,325,550,618,728,542,285,841,1654,860,926,692,987,1281,795,583,624,578,540,624,1076,808,1559,724,1279,2036,1560,1303,635,1202,811,809,705,2777,2885,1178,1382,1510,698,726,535,872,934,1147,1100,1523,571,910,439,2764,1822,2594,1300,996,1839,1818,1224,1754,1164,2190,1377,610,409,642,1258,1765,2403,1739,2825,1465,1808,1150,1143,1994,1440,2152,1068,590,2006,973,790,796,1002,642,418,347,520,602,1405,748,1183,981,597,690,860,428,343,331,1054,1112,1118,565,2,470,2407,1220,902,1854,1077,1109,898,1200,1348,4745,2161,2543,2829,1849,1502,2513,1917,941,1541,730,804,1717,1017,1093,601,999,2421,3282,2682,2975,583,873,568,305,830,804,685,709,432,730,681,1367,631,431,947,1021,400,644,1090,1053,2207,564,464,1711,944,1313,447,776,987,6117,439,762,5529,4606,3128,979,4467,1669,1177,597,786,1365,1189,1895,611,855,1863,447,323,528,781,489,291,1300,1255,1211,1219,715,1142,1148,850,676,460,512,720,1112,1345,851,1366,730,1284,1536,2475,1243,520,1468,824,970,809,2238,1985,1064,1305,2037,1018,943,584,665,969,892,1232,1918,859,723,417,1732,1552,3194,2036,1440,1525,1241,1132,1134,1242,2235,1700,624,270,1136,1497,1868,2243,1288,3194,1299,1486,962,1462,1842,745,2211,1262,371,1968,756,1107,877,1212,595,373,217,622,565,1404,721,776,786,786,1009,885,644,309,366,833,1263,1035,430,14,469,2446,1179,650,1663,772,502,1362,1121,1170,5295,1873,2906,2860,2425,1898,1928,1606,2073,1317,748,848,1782,1035,1186,707,669,1625,3904,3555,2282,506,861,595,271,499,666,625,633,577,525,501,1416,501,570,1028,1009,452,705,1431,1218,2301,449,416,1531,897,1693,534,937,1244
sub-118,6175,523,850,5463,3783,3125,788,5934,2456,1266,459,950,1294,1050,1582,334,956,2170,407,584,821,1038,474,409,1681,1549,1040,1537,709,1068,1350,888,746,888,708,610,721,1174,732,1382,709,884,1984,1858,1157,593,1165,865,938,925,2724,2342,1334,1375,1637,1016,600,430,636,803,811,1349,1586,467,627,378,2462,1512,2772,1364,1545,1692,1997,1135,2051,1329,2593,1824,832,748,882,1253,1592,2888,1442,2636,1815,1818,1230,1151,2095,1611,2543,1313,633,1813,781,641,728,1302,1022,634,376,645,875,1300,803,1485,1176,549,834,727,505,389,460,2222,1266,1206,803,4,475,2385,1202,1009,1699,1081,1245,1180,1326,1608,5392,3063,3644,3549,2496,1550,2425,2237,1226,983,796,751,1298,1104,1458,758,1475,3373,5275,2349,2702,354,666,620,466,540,1134,551,698,445,751,898,1716,575,364,1110,1018,526,834,1215,1464,2339,794,603,2060,1271,2318,487,846,872,7584,856,988,6170,4544,3083,991,4895,2061,1314,596,608,1190,1373,1813,292,627,2083,253,661,518,1027,594,361,1712,1159,1037,1549,420,1544,1351,1048,818,561,642,938,967,1370,909,1129,870,1098,1339,1918,1069,603,1389,767,624,1128,2864,2584,1190,1361,1692,1188,764,546,729,657,649,742,1783,1020,676,616,2299,1723,3057,2256,1579,1339,1738,1410,1022,1473,3053,1855,941,439,1003,1297,1875,2032,1238,2868,1437,1449,1137,1671,2506,931,2345,1606,786,1967,1004,1079,1195,1389,561,486,264,726,1035,1527,919,992,859,802,1118,768,646,355,422,1557,1855,887,619,55,525,1825,991,835,1958,1095,537,1514,1092,1215,4987,2637,3201,4058,2371,1503,2837,1777,1650,1456,917,766,1671,1454,1344,478,1080,2551,4418,2731,2215,466,942,720,519,350,1008,537,859,794,563,716,1313,449,748,1152,944,517,851,1480,1373,3149,518,558,1688,1650,1650,637,564,863
sub-119,7109,648,703,6942,4604,3336,803,4753,2424,1116,449,769,1312,1234,1425,442,753,2580,414,489,838,664,481,353,1161,1634,737,1100,521,986,1364,569,746,839,468,574,669,1165,686,1239,611,1045,2148,1761,1157,638,794,824,712,709,3455,2626,1184,1474,2006,835,804,346,610,794,1011,1265,1467,717,734,305,1871,1303,2747,1197,1443,2212,1647,973,1835,1387,2636,1298,603,445,651,1285,1362,2244,1348,2459,1426,2080,1359,1370,1929,1586,2061,1244,920,2020,1148,645,836,1164,924,507,407,495,655,1545,708,1284,1186,746,786,790,518,363,382,1439,1290,1140,683,0,747,3174,1049,838,2096,1003,1213,1202,1285,1390,5780,2769,4173,2873,2963,2199,2683,2565,1026,1731,985,974,1679,1094,1349,825,1235,3571,4022,2776,2874,402,774,759,368,652,1518,1333,416,327,597,573,1605,569,346,865,865,487,730,1286,1351,2561,729,501,2072,792,2082,624,982,1039,7110,538,803,6747,4620,3384,843,4031,1826,1165,596,818,1535,1164,1219,322,667,2195,368,580,551,1140,839,326,1185,1112,810,1205,432,910,1248,951,584,466,465,783,969,1245,670,1286,762,1016,1189,1622,1113,492,1141,427,475,817,2979,2758,943,904,1209,1557,855,408,578,669,1267,993,1765,704,844,524,2226,1178,2847,2002,1229,1668,1965,1366,875,1479,2736,1981,582,453,878,1252,1574,2050,1180,2530,1514,1724,1271,1986,1905,737,2197,1580,316,1265,927,755,1188,1342,507,384,244,647,790,1408,746,715,1011,895,868,902,580,311,317,1096,1572,1087,572,22,634,2831,881,732,1928,809,572,1519,1167,1345,5697,2068,3698,3407,3165,2198,2082,2779,2459,1785,769,806,2667,1282,1199,761,1034,2477,4178,4492,3146,341,740,552,386,695,779,873,675,428,403,488,1468,554,500,1057,941,497,721,1546,989,2675,482,484,1900,946,1403,632,892,918
sub-120,8129,751,1085,6507,4743,3797,621,5477,2444,1178,524,1090,1455,1216,2131,360,807,2024,631,454,782,598,421,529,1667,2115,1268,1295,712,1655,1849,711,1003,939,786,640,819,1198,921,1578,885,1329,2343,2399,1470,697,1637,894,1010,741,3390,3790,1337,1825,2270,1120,599,458,547,1394,1076,1593,1722,555,1019,331,2313,2518,3239,1610,2278,2081,1932,1186,1957,1377,2286,1738,744,673,884,1377,1506,2684,1966,3161,2569,1869,1368,1062,1979,2102,2133,1238,493,2877,1348,870,826,1049,802,531,428,851,929,1777,715,1260,1255,868,820,924,410,363,354,1658,2226,1319,721,0,782,2706,1075,1010,1634,927,1071,1366,1344,1336,5903,2517,3274,2951,2303,1601,2725,2194,1241,1447,525,1229,1512,1279,1388,808,1327,3647,4028,2409,2707,356,768,440,325,707,1302,1058,389,592,1319,686,1695,731,494,1170,1018,531,769,1405,1353,2830,611,674,1755,1434,1630,600,982,790,8350,894,948,6074,4286,3081,1163,5340,1857,1287,542,737,1267,1581,2044,549,708,3044,363,438,781,1024,689,342,1782,1475,1618,2018,809,1652,1695,1104,1106,821,984,1087,1158,1277,1278,1616,1054,1258,1807,2254,1551,673,1543,896,814,1342,2736,2881,1305,1476,1633,1204,772,461,476,1246,656,1711,2447,1398,647,703,1832,2105,3919,3060,1705,1677,1632,1555,1172,1563,3102,1907,932,302,1300,2101,2270,3614,1824,4091,1854,1624,1221,1585,2178,866,2356,1350,470,1780,964,1099,1277,1318,573,468,230,682,1060,1735,846,878,948,1224,987,1076,506,366,462,1232,1613,914,399,7,778,2099,941,682,1845,757,664,1310,1124,1169,5513,2327,3072,4181,2933,2231,2098,2793,1756,1351,808,1089,2090,1243,1722,801,1060,2654,4605,3204,2602,440,1025,932,382,680,842,786,670,612,709,625,1983,720,671,1524,1016,490,751,1598,1520,2870,458,557,1393,1040,1756,510,1023,717
sub-121,6568,388,516,5486,4359,2653,754,5661,2917,1047,562,1276,1461,1305,1212,484,849,1667,474,307,773,599,531,496,1445,2027,1212,1298,654,993,1195,1000,648,853,556,759,737,1277,840,1519,549,1176,2219,2401,1438,655,1242,670,1037,1095,2881,2538,1468,1511,1722,1046,785,524,668,920,931,1010,1669,525,985,500,2181,1843,2715,1449,1538,1862,1805,1580,1584,1395,2568,1791,777,483,736,1197,1583,2175,1790,2583,1660,2006,1196,1356,2200,1972,2309,1347,553,1987,1003,779,856,1316,818,584,445,622,754,1536,1009,1312,1478,743,645,1014,588,450,461,985,1152,1214,812,21,577,3026,1496,1269,1912,840,1416,1286,1764,1595,5558,2391,3151,3332,3058,1680,2428,1644,1488,1104,769,610,1692,818,1636,851,1221,2364,3811,2884,3282,480,756,737,438,347,848,762,737,483,809,692,1666,794,406,1011,1168,492,583,1340,1309,2768,897,577,2279,1001,2247,707,1065,1176,5924,724,674,5765,4172,3264,1056,4893,2264,1750,803,1030,1072,1065,1771,448,774,2145,324,568,464,1396,784,367,1394,1310,998,1311,779,1382,1260,857,597,485,674,1031,1421,1219,1252,1641,902,1489,1536,2383,1476,883,1903,611,800,1193,2630,2321,1296,2095,2196,1211,929,572,746,713,892,994,1846,931,756,560,1800,1350,3168,2245,1228,1490,1376,1512,1044,1378,2430,2146,721,379,893,1149,1483,2035,1571,2352,1500,1834,956,1642,2253,812,2278,1669,381,1887,1176,754,1315,1456,591,415,276,589,493,1696,972,765,1117,1119,803,1052,548,352,364,1156,1679,1057,630,22,550,3111,928,895,2199,889,679,1318,1256,1428,5684,2141,3068,3426,2799,1619,1702,2158,1944,1414,1029,968,2877,1122,1521,827,928,2294,4090,3159,3034,412,1128,831,460,751,757,987,693,705,696,459,1725,550,502,1415,1074,450,644,1267,1207,2295,566,409,1846,1030,1773,645,766,1074
sub-122,8388,437,784,6978,5244,3673,835,4837,2467,1179,538,1338,1057,998,1521,232,475,2299,300,776,741,913,470,363,1621,2149,1213,1223,801,1065,1345,801,670,862,602,647,675,1118,1032,1310,469,2016,1737,2452,1606,823,1912,1654,1327,1121,2615,2917,1217,1153,2003,958,745,306,537,985,1131,979,1545,532,749,433,2859,2060,2619,1567,1576,2050,2503,1539,2082,1381,2553,1477,951,549,973,1566,1710,2863,1952,2802,1953,1856,1333,1279,2031,1898,1934,1454,828,2059,1196,1172,800,1111,866,523,403,795,845,1583,709,1051,1432,653,768,984,415,370,311,1227,1370,1051,747,13,699,1659,1096,790,1635,1010,1140,1006,1362,1485,5525,3042,3549,2750,2420,1530,2272,2562,934,622,360,1072,1245,1174,868,413,1114,3692,5215,2298,2314,300,792,611,425,785,875,634,632,553,795,710,1523,648,313,1143,900,515,716,1347,1253,2337,649,475,1626,1095,2048,553,877,897,8741,823,861,6743,5239,3369,869,4864,2257,1580,661,937,1266,1361,2080,546,603,2067,326,580,548,1144,1178,333,1080,1266,1173,827,525,1386,1424,588,674,543,560,786,1051,1015,968,1564,654,1428,1367,2470,1460,827,1777,828,1043,1356,2998,3513,1247,1169,1755,1346,645,388,598,655,1029,986,1791,915,749,711,2570,2152,3262,2810,1685,1542,1577,1609,1251,1435,2592,1891,717,363,1070,1429,1065,2446,1454,2939,1995,1427,1100,1646,2006,794,2326,1654,604,1890,1033,1567,946,1057,517,340,220,555,736,1502,672,843,1111,913,943,967,517,314,305,1124,1575,869,698,37,509,1408,806,629,1926,857,636,1514,1307,1359,5875,2588,3371,3740,2085,1366,2484,2162,1942,1822,1147,924,1878,1346,1778,556,1011,1845,3277,3281,2494,446,981,747,478,644,1019,820,1028,567,544,688,1732,535,578,1338,887,466,762,1958,1290,2455,465,457,1425,1184,1758,495,595,925
sub-123,6236,507,755,4965,4356,2973,872,4524,2196,757,458,922,1326,1071,1970,599,899,1987,349,682,883,583,532,514,1037,1802,1190,1330,747,1245,1407,828,633,875,605,506,639,1199,799,1296,551,1441,1611,1901,1434,714,1502,1023,1173,934,2733,2412,1173,1260,2069,856,624,331,512,718,885,1550,1494,776,918,420,1935,1473,2754,1312,1590,1972,1814,998,1749,1172,2220,1327,598,537,695,1423,1262,2374,1558,2455,1799,1981,1206,1373,2259,1558,2172,1224,495,1718,865,722,807,1205,946,537,401,597,765,1379,1083,1328,1015,495,687,818,392,387,408,1186,1223,1532,688,0,514,3005,1387,825,1912,1079,1209,1543,968,1166,6312,2345,2838,3383,2385,1674,1928,1975,960,1275,570,969,1289,867,1094,643,1125,2851,3419,2667,2646,697,768,669,394,528,940,462,708,359,874,976,1376,599,496,785,997,527,631,1384,1111,2393,916,605,1787,1447,1440,647,944,472,6960,448,712,5076,4324,2732,838,4203,1897,1123,639,939,1718,1210,2094,632,962,1929,427,342,644,847,639,372,1478,1390,1286,1218,693,1382,1380,890,764,544,623,822,1021,1215,1033,1302,638,1394,1320,1672,1430,839,1992,842,882,1093,2843,2503,1020,1122,1415,1283,819,440,591,812,1284,1171,1906,621,915,542,2005,1705,2841,2512,1431,1365,2067,1445,778,1256,2650,1799,516,428,1028,1244,1513,2546,842,2458,1618,1422,1021,1757,2581,732,2214,1243,529,1796,961,1051,1052,1410,557,478,291,615,829,1283,1303,715,767,742,705,947,482,308,372,1349,1408,570,550,7,420,2967,1340,824,1997,673,531,2111,1076,1415,5464,1726,3149,3104,2845,1815,2108,1812,1786,1076,840,937,1792,1092,1760,653,1224,2480,3762,2711,2705,488,741,659,365,602,1151,561,592,579,709,731,1471,442,474,1037,877,491,672,1399,810,2442,628,551,1716,1081,1760,595,677,974
sub-124,6382,694,782,5587,4777,3440,1006,4844,2094,1098,486,1163,1079,1347,1993,458,838,2057,389,639,974,1208,584,500,1628,1991,1140,1417,884,1589,1347,919,758,1118,867,466,720,1214,847,1161,793,1510,1836,1963,1464,833,1772,904,801,778,2874,2784,1213,1457,2010,903,840,423,640,1305,943,1290,1595,606,1047,503,2783,2155,2230,1376,1735,2412,2280,1275,1986,1563,2972,1754,579,708,1007,1637,2448,3692,1862,2931,2071,1949,1261,1427,2183,1889,2326,1768,701,2331,1367,691,842,1250,1037,644,430,736,946,1534,863,1410,1208,782,852,1002,511,433,461,1375,1626,1063,726,0,518,2222,1238,941,1533,836,1139,1054,1049,1677,5802,2976,3776,3575,2425,1493,3785,2178,1458,1797,701,861,1310,1029,1576,840,1540,3462,3737,2804,3116,370,712,654,385,704,1366,582,965,493,800,547,1622,693,478,1419,1038,491,816,1487,1487,2724,880,633,1816,1134,2193,699,965,810,6449,1033,922,5801,4545,2517,1046,4826,1797,1891,982,1236,1345,1188,2332,663,1010,2751,481,454,583,1162,939,358,1457,1380,962,1027,769,1630,1490,1004,747,659,872,645,924,1408,842,1413,636,934,1557,2177,1356,821,1555,854,582,1702,2746,2433,1108,1666,1675,1511,1019,727,850,831,774,1064,2088,1029,780,655,2450,1910,3357,2503,1891,1649,1781,1400,1038,1566,2764,2266,660,439,988,1539,2528,2875,1569,3890,1910,1467,1400,1858,2458,1100,2612,1473,662,2156,1122,1216,1224,1834,793,509,245,664,802,1583,1014,869,974,1046,863,980,552,370,481,1277,1601,795,575,35,504,2218,905,895,2330,915,546,1829,1333,1221,5413,2296,3623,3711,3019,2001,3070,2396,1647,1520,1598,1253,2706,1100,2013,1107,1108,2673,3942,2589,3036,669,865,580,438,573,1740,583,820,522,608,719,1695,642,736,1302,1102,574,739,1574,1081,2504,767,636,1877,1332,1993,667,656,1103
sub-125,6359,467,584,6093,4899,3348,545,4881,2289,1195,456,1358,1100,1274,1718,464,673,1491,268,591,669,776,500,446,1372,1883,1137,1456,718,1148,1373,779,696,1001,741,601,737,1022,802,1440,996,1359,2001,1937,1496,703,1055,906,916,765,2847,2348,1249,1296,1954,905,550,492,687,1189,716,1147,1519,723,857,324,2535,1729,2202,1165,1142,1866,2238,917,1769,1329,2520,1397,655,441,1023,1491,1779,2710,1728,2349,1885,1934,1183,1249,1803,1529,2217,1138,513,2370,1069,750,753,1383,916,568,374,715,1051,1410,713,993,1064,600,699,972,599,384,360,1535,1285,1573,617,4,546,4006,1131,942,1581,1050,1145,1322,1267,1368,5034,2217,3298,3427,2727,2217,1813,1444,1300,1239,579,739,1185,1068,1243,568,1356,3531,5174,2433,2933,462,753,443,357,362,946,764,945,565,628,344,1274,662,350,1060,910,482,631,1527,1456,2718,755,524,1921,910,1871,519,1026,939,6342,1038,862,5475,4498,3071,848,4565,2364,1102,804,773,1886,1315,1692,613,736,2070,533,435,762,1020,561,363,994,983,1178,794,680,1335,1470,1002,818,590,588,947,1165,1200,843,1719,775,891,1425,1998,1213,693,1480,733,449,1240,3204,3293,1058,1115,1596,1541,1105,734,936,904,653,1110,1633,1128,688,565,2455,1561,3141,2031,1463,1409,1897,1266,1040,1283,2677,2031,609,388,839,1411,2524,2658,1638,3116,1502,1510,1149,1669,2148,882,2084,1514,564,1518,1114,949,1190,1613,634,489,268,583,674,1421,753,821,956,1059,947,1084,604,305,335,1238,1405,1321,498,19,502,2533,993,652,1838,625,535,1240,1146,1396,5154,1728,3274,3027,2945,1863,2640,1890,1809,1632,1341,1010,3081,1103,1786,873,1317,1988,3036,4183,3823,477,772,781,312,712,971,1040,665,412,404,261,1599,578,583,1234,929,429,677,1332,1145,2890,516,421,1512,1007,1471,541,847,699
sub-126,5917,521,774,4992,4087,2835,624,4983,2408,1366,442,1496,990,1310,1525,372,753,2190,356,532,734,515,648,435,1409,1601,941,1399,715,1162,1243,859,717,892,919,530,625,1200,953,1062,580,1095,1499,1635,1217,619,887,714,642,602,3075,2502,1165,1613,1705,963,718,398,601,1074,1098,834,1545,615,993,490,2880,2022,2467,1477,1531,1911,2039,1292,2145,1300,2448,1549,809,664,965,2065,2157,2608,1689,2603,1685,1762,1023,1045,2130,2037,2511,1527,483,2186,1266,761,848,1183,1121,595,341,675,1016,1817,663,1204,1242,772,762,1178,430,378,325,1354,1207,991,560,0,486,1874,1277,899,1556,810,1198,949,1007,1240,5898,2873,3625,3287,3072,1958,2802,2357,1190,1695,524,621,1425,739,943,691,1738,3252,3152,2608,2385,388,754,576,364,623,1233,470,861,491,1079,649,1672,857,422,1312,1104,449,729,1514,1340,2045,693,565,1672,980,2188,590,1349,821,5877,911,676,4954,3773,2140,828,4327,1860,1411,780,955,1378,999,1575,526,611,2786,363,393,495,733,947,451,1744,1067,887,1209,579,1353,1441,778,662,538,620,790,897,1259,890,1303,897,891,1625,1843,1232,733,1068,696,879,954,2543,2370,993,1481,1680,1410,850,455,698,988,681,1149,2065,1028,707,666,2336,1853,3116,2569,1228,1320,2067,1402,1143,1457,2439,2079,656,464,891,1593,2374,2867,1194,3670,1777,1621,1163,1430,2084,886,2125,1611,502,2074,1270,1144,1008,1261,615,465,243,731,942,1714,808,774,1080,901,979,1218,559,324,394,993,1608,953,430,34,442,2126,958,882,2019,658,568,1355,1237,1175,6041,2405,3477,3355,2609,2038,3328,2102,2041,1526,926,1021,1729,1276,1591,603,1206,2511,4434,2584,3096,524,895,695,354,559,1147,388,617,586,601,553,1649,570,573,1254,1197,455,704,1426,1054,2356,566,483,1672,1156,1375,547,748,978
sub-127,8031,445,666,6273,4688,2616,1058,4812,2184,906,432,1006,1142,1163,1659,361,694,2579,353,567,809,865,502,546,1506,2222,966,2019,567,1093,1437,989,755,742,598,729,770,1433,986,1577,567,933,2075,2336,1457,819,1560,650,1045,701,2832,3070,1158,1294,2139,880,985,498,801,941,1210,1697,1559,735,696,649,2168,1833,3765,1701,1540,2416,1929,1683,2268,1755,2884,1964,1107,465,1224,1865,1916,2708,2345,3147,2062,2101,1143,1187,2224,2028,2244,1798,410,2249,842,722,627,1235,1131,548,470,782,932,1809,939,1629,1568,839,859,1033,540,493,538,1377,1157,1129,861,37,743,1500,1174,1319,1861,822,1017,1313,1405,2174,5845,2938,3692,2777,2556,1827,3262,2109,1536,1275,833,861,1710,768,1503,808,1106,2999,3670,4209,3217,327,609,683,391,671,1398,442,966,476,926,672,1593,875,306,1402,1118,606,891,1271,2039,2454,837,826,2143,1078,2255,636,1111,1064,8826,1074,803,6442,4543,2823,1070,5370,2104,1404,619,1059,1508,1437,1838,515,600,3319,299,508,532,969,744,431,1333,1182,1196,1101,707,1565,1583,1152,895,589,858,727,1026,1448,931,1316,1031,1077,1334,2047,1465,479,2063,732,1100,1043,2669,2164,1042,1381,1560,1347,926,692,728,1153,930,987,1930,929,619,794,1974,1591,3626,2273,1856,1756,1917,1148,997,1808,3077,1936,547,359,933,1376,2148,2696,1624,3646,1829,1852,1584,1808,2498,1001,2392,2149,561,1718,953,1123,1414,1446,629,459,266,619,587,1950,1075,1019,1156,1188,1116,1124,602,412,399,1268,2118,883,616,21,804,1637,1338,881,2237,542,625,2327,1399,1438,5752,1569,4160,3887,3096,2286,2857,2827,2232,1988,1334,1005,2758,1317,1510,699,579,2233,3492,3971,2863,454,575,684,402,629,956,720,1239,305,597,531,1941,697,443,1484,1171,568,814,1670,1196,2290,647,629,2197,1036,1905,771,619,1030
sub-128,5864,369,603,4938,3958,3099,762,4857,2456,1030,588,1053,1016,997,1632,443,826,2273,380,399,671,594,440,408,1659,1740,1023,1238,900,1278,1036,776,572,840,529,494,701,1297,730,1168,472,1238,1492,1735,1378,701,1629,752,921,661,3217,2794,1212,1626,1920,1032,807,391,765,729,1158,835,1501,601,1038,431,2612,2210,2300,1361,1312,1845,2350,1065,1440,1285,2637,1918,803,705,809,1054,1284,2145,1671,2770,1674,1898,1144,1199,2061,1904,1944,1384,370,2521,1589,443,787,1502,973,601,402,846,902,1475,767,1169,1079,556,686,774,484,376,373,1689,1520,1666,807,0,641,3537,1222,1152,1695,978,1210,1450,1126,1280,4792,2426,3017,2744,2944,1503,2283,1798,1366,871,532,701,1314,1033,1089,638,1627,4736,5204,2396,2657,359,953,627,354,402,861,530,580,361,952,753,1427,510,347,928,1023,451,639,1109,783,1780,794,659,2033,1226,1522,580,930,811,6054,909,620,5383,4027,2630,972,4375,1775,1127,682,740,1528,1004,1823,532,837,2870,420,340,480,1084,631,294,1584,1090,983,1420,713,1258,1183,1034,600,405,557,778,962,1279,770,1349,739,1106,1234,1977,1246,646,2071,736,688,886,2846,2598,951,1296,2038,1307,960,488,731,669,753,1315,1676,1147,714,643,2536,1602,3125,1971,1046,1577,1931,1765,1069,1556,2630,2218,942,406,1274,1443,1429,2841,1510,2564,1191,1389,1109,1654,2521,900,2455,1561,411,1906,998,850,1266,1582,582,373,219,615,637,1407,878,804,1058,987,924,1050,559,318,375,1021,1577,1332,478,12,484,3255,841,900,2129,701,514,1193,1188,1477,4141,2323,3456,3930,2949,1865,2570,2112,1754,1698,1322,855,2282,1139,1243,703,881,2221,3965,2740,2868,412,978,699,312,595,990,737,676,608,597,593,1649,465,632,1041,995,432,621,1260,1538,2469,541,487,1752,1111,1657,492,695,858
sub-129,6508,549,817,5643,4451,3281,735,4918,2474,1079,595,1467,1590,913,2231,584,1181,1736,396,501,1016,735,802,388,2159,1783,1560,1906,792,1701,1443,845,949,1136,682,656,837,1203,1091,1327,588,2106,1698,1839,1912,1048,2139,909,871,927,3512,3262,1313,1581,1861,895,671,337,806,775,565,1081,1498,833,855,439,1399,1330,2591,1430,998,1926,1288,1280,1552,1452,3006,1541,674,609,1037,1516,1152,1512,1716,2216,1421,2073,1256,1257,1864,1525,2308,1286,420,2449,896,762,913,1276,916,569,348,881,945,1331,734,1111,1077,697,680,840,527,348,309,1863,1687,1317,630,8,712,1963,1236,1103,1593,1187,1278,962,1794,1533,5175,2921,2796,4145,3055,1611,2487,1975,2682,1173,489,854,1738,1053,997,808,1411,3767,5153,3391,3227,539,1105,575,399,578,792,714,592,570,1011,941,1732,578,579,1176,869,561,621,1260,1570,2499,600,500,1988,1608,1848,394,707,926,7715,410,794,6623,4443,3116,989,3612,1629,746,380,442,1761,1240,1976,551,1004,2799,301,321,469,858,389,338,1725,1188,1156,2009,809,2091,1494,846,860,735,682,768,903,1448,832,1222,554,1238,1144,1275,1343,481,1756,748,777,778,2845,3552,997,1060,1178,413,893,468,870,747,927,1279,1918,741,717,686,985,2222,3800,2949,2134,1676,1089,1523,1091,1948,2859,1510,623,276,1237,1908,1647,2065,1368,3933,2217,1712,1256,1980,2124,768,2148,1225,350,1546,357,979,1095,1353,630,435,232,791,736,1518,812,760,962,1030,993,1000,544,290,389,2227,2295,1274,458,8,838,3114,968,910,2124,1036,582,943,1308,1424,5286,2524,3130,4321,3365,1844,1773,1674,1964,1090,987,1058,1446,1248,881,461,1596,3817,4453,4071,1909,566,953,656,416,576,1153,510,666,530,867,477,1883,473,589,834,952,399,840,1858,1601,3469,495,576,2069,946,1954,514,590,1161
sub-130,7285,503,796,5956,4529,3270,799,5673,2562,1293,739,1236,1519,1248,2215,560,1199,2176,491,605,850,760,580,555,1195,2026,1036,1633,855,1308,1911,819,618,735,609,742,826,1263,993,1792,663,892,2107,1871,1195,809,824,719,839,868,3295,3544,1193,1542,2255,1054,891,576,739,978,989,1445,1524,696,1132,535,2441,2040,3136,1564,1561,2114,1782,1373,1835,1468,2842,2120,837,711,830,1537,1630,2170,1756,2888,1642,1801,1221,1036,2025,1943,2181,1963,508,2233,1221,841,886,1149,989,546,424,671,817,1681,783,1317,1135,855,882,1272,492,378,434,1454,1282,1460,715,3,767,2069,1150,951,1642,913,1186,1235,1407,1818,5153,2611,3194,3309,3005,1484,2421,2202,1709,735,648,1171,1902,699,1259,1143,1414,2519,3130,2775,3341,592,814,699,440,737,1053,1134,775,519,697,618,1829,730,612,1306,1098,518,753,1618,1174,2991,702,598,1893,840,2406,629,897,800,7482,559,1214,6326,4631,3158,956,5353,2082,1289,891,754,1810,1199,2145,678,941,2946,477,487,667,1129,587,339,1303,1430,1255,1003,633,1516,1870,840,730,516,816,1007,906,1269,1244,1840,691,935,1801,2422,1047,709,509,590,639,1145,2977,2396,1185,1533,2541,1401,1001,565,387,1370,1039,1085,2014,622,790,671,2336,1782,3451,2039,1170,1440,1990,1589,1494,1669,2749,2042,722,370,1490,1715,2740,2915,1396,2793,1477,1359,1048,1481,2434,1057,2415,1965,399,2184,854,1106,1080,1501,552,403,262,702,998,1815,978,869,975,1225,970,1109,643,313,412,1459,1374,995,540,33,561,1845,1025,907,1956,749,619,1174,1186,1101,5035,2551,3041,4263,2910,1780,2280,2095,1867,1595,1254,1277,3457,1173,1377,1115,1173,2751,3407,2559,2898,616,1081,768,397,814,1205,954,723,514,559,484,1762,593,406,1488,966,502,785,1394,1355,3262,584,626,1807,1090,1888,665,1090,948
sub-131,6030,788,831,5411,4339,3225,637,4913,2191,893,489,927,1357,1077,1882,528,697,1856,451,559,507,860,415,447,2196,1777,1301,2053,651,1481,1306,794,731,830,549,637,630,1080,733,1250,658,863,1915,1829,1228,806,875,597,743,658,2755,2049,1219,1210,1788,880,584,468,774,909,1448,1322,1743,592,845,464,2118,1808,3429,1318,1549,2150,1442,969,1920,1678,2677,1685,626,661,843,1806,1524,2991,2007,3128,1998,2051,1220,1354,2066,1820,2438,1390,645,1737,814,713,663,1453,919,536,346,740,828,1657,589,1138,1210,746,867,1217,466,345,345,1344,1664,1733,650,2,486,3668,1328,990,1784,927,1155,979,1442,1494,7756,3076,3106,3312,2740,1494,2192,1521,1526,1397,746,584,1272,1041,1139,769,1193,3852,5462,3179,2835,390,655,405,323,676,831,745,501,624,922,607,1254,688,344,1213,1166,481,706,1469,1372,2252,551,538,2173,1297,2002,525,887,1026,7435,903,811,6049,5096,3273,960,4509,2095,820,680,659,1597,1310,2018,764,690,2413,370,343,603,1015,564,389,1885,1234,1010,1382,743,1366,1442,705,844,656,779,627,814,1109,907,1432,877,1043,1556,1772,1016,683,943,540,639,967,3323,3049,1139,1078,1241,1470,761,431,489,958,811,1309,2101,939,881,584,1847,1616,3344,2504,1983,1841,1485,1276,1258,1264,2326,2212,760,397,1080,1330,2435,2804,1583,3915,1645,1601,971,1519,2107,727,2392,1675,272,1489,867,1190,1386,1718,555,563,254,647,933,1764,683,898,952,1059,876,884,688,374,464,1128,1284,1129,485,10,487,2764,1357,704,1987,815,451,1570,1257,1290,5695,1995,3287,3104,3004,2131,1977,2429,2451,1733,1331,894,1574,1170,1234,530,1031,2138,5211,4772,2823,519,854,601,349,320,1178,749,919,790,743,590,1423,550,462,1124,1090,509,773,1429,1337,2580,392,513,1669,1046,1807,492,1074,1080
sub-132,5625,511,892,5030,3847,2650,626,5709,2568,1009,413,1216,1096,1139,1690,440,746,2032,454,753,640,554,596,421,1504,1816,1107,1170,668,1232,1278,788,595,849,480,760,827,1173,1169,1531,705,1569,1563,1616,1460,812,1803,619,1022,785,3093,2986,1285,1501,2048,972,602,389,595,1407,703,774,1553,861,910,415,1989,1557,2283,1325,1794,2296,1769,1230,2266,1496,2441,1383,731,459,930,1715,1166,1906,1206,2203,2125,1948,1191,1289,1850,1708,2463,1401,516,2032,1125,797,828,1157,795,521,303,680,863,1691,752,1432,1122,596,766,1101,467,398,344,1376,1559,1625,515,0,465,3248,1508,979,1583,946,1220,990,1028,1381,6520,2626,3818,3631,2704,1701,3060,2137,1068,1522,539,717,1657,1013,1446,862,1221,3292,3613,2282,2862,404,815,572,356,741,1196,724,717,474,784,683,1467,667,564,1154,1001,490,797,1276,1400,2309,681,438,1838,861,2040,515,689,1151,6485,717,1051,5259,3659,2742,905,4940,2196,1114,569,790,1393,1171,1904,450,829,2772,364,549,590,926,902,299,1785,1174,1092,1385,652,1020,1315,1015,733,505,585,872,1259,1142,1343,1455,997,1289,1565,1802,1133,774,1648,526,647,1013,2988,3131,1223,1423,1737,1240,837,455,756,871,1104,1077,1905,528,852,599,2352,1471,3587,2316,1640,1657,1861,1413,993,1675,2456,1945,490,331,997,1093,1808,2601,1371,3060,1640,1553,1178,1563,2360,815,2586,1547,445,1828,1134,839,1212,1379,614,406,210,632,781,1495,846,803,1018,998,956,1259,594,330,386,1549,1712,1129,455,2,448,2384,955,863,2289,847,570,1341,1380,1404,6253,2332,3474,3959,2954,2014,2320,1990,2043,1279,673,988,1862,1434,1512,867,1298,2969,4578,3136,2707,485,996,712,375,494,933,426,715,644,354,477,1737,577,480,1359,871,484,801,1287,1171,2928,537,489,1862,1250,1832,561,684,1056
sub-133,7097,524,760,6312,5557,3765,1006,5353,2702,1173,492,1347,1100,1515,2082,406,861,2711,363,958,825,1248,828,457,1873,1661,1674,1342,1175,1472,1614,654,897,1124,1114,606,757,1104,884,1585,641,1222,1900,1470,1963,1102,1457,1312,1424,1324,3049,2515,1373,1561,1919,995,545,392,458,1178,1359,1717,1902,786,731,407,2578,1738,3507,1356,1635,2228,2030,950,1940,1594,2734,1931,507,691,789,1313,1487,2467,2168,3694,2302,1999,1120,1071,1876,1827,2256,1509,812,1894,941,689,1107,1378,856,573,425,748,1102,1849,864,1341,1276,673,853,960,499,434,375,1297,1569,1134,906,19,825,1719,1478,1071,1882,862,1381,1593,1353,1871,5965,2703,4651,3697,3530,2050,3305,2313,1232,1358,582,871,1748,1551,1604,789,1376,3839,5527,3435,3199,458,856,854,390,813,1013,793,749,411,1153,648,1851,820,368,1117,1076,560,787,1545,1293,2774,712,561,2233,1131,2288,776,1262,696,7771,1069,773,6411,5137,3430,1291,5364,1932,1126,957,830,2085,1298,2276,772,1216,2985,483,505,666,1716,896,377,1849,1296,1245,1600,901,1812,1542,1153,838,564,747,916,1155,1494,1015,1611,761,1316,1456,2093,1467,851,1998,1182,1014,1483,2831,2664,1133,1325,1796,1710,1123,624,576,1003,826,1045,1826,866,682,565,2450,1740,3053,2208,1444,1536,1698,1410,1110,1356,2243,2121,701,402,916,1304,1724,2150,953,3299,1871,1673,901,1832,1802,732,2374,1595,831,1772,1016,1265,1284,1440,795,409,263,741,693,1882,904,955,1080,1111,1002,1019,591,386,383,1280,1760,916,669,31,685,1784,1018,883,2252,1035,649,1749,1342,1407,5689,2005,3394,3173,3358,1798,3121,2615,2364,2040,1059,1130,2060,1442,2361,665,1106,2322,4684,4997,3979,582,891,1049,500,662,1421,526,1006,404,776,703,1945,671,796,1238,1049,588,772,1436,983,2503,639,461,2037,963,1601,707,769,921
sub-134,6225,398,778,5320,4574,3196,500,5304,2550,1108,764,805,1422,1059,1826,443,752,1939,398,520,688,706,415,497,1508,1544,1234,1437,806,1331,1422,762,655,615,505,555,749,1208,867,1353,479,1218,1678,1684,1419,874,866,994,1149,905,2950,2383,1193,1147,1637,1226,791,421,512,1126,1229,1786,1679,633,678,617,2516,1587,2753,1393,1504,2042,1684,1332,1714,1432,2776,1875,524,647,913,1110,1411,2498,2176,2700,1662,1870,1080,1175,1925,1771,2278,1640,703,1588,1042,699,918,1227,805,550,381,681,827,1528,770,1351,1311,633,875,1092,421,416,442,1137,1004,1251,753,0,595,2788,1221,1006,1918,1006,1355,1262,1043,1498,5532,2639,4305,3738,2558,1856,2554,2036,1254,960,503,1027,1463,854,1409,922,1128,2789,4122,2595,2592,482,690,584,372,503,1362,847,609,377,838,596,1430,657,296,1215,901,496,803,1483,1446,2650,860,630,2149,1417,1834,703,1150,600,6392,584,1154,5945,5014,3229,718,4646,1694,1215,574,783,1297,1163,2294,516,744,2696,391,605,486,1148,665,305,1433,1276,1014,1346,514,1547,1776,896,727,429,604,927,983,1334,1012,1676,644,1092,1280,2132,1102,630,1158,743,664,905,2419,2063,953,1776,1638,1276,997,708,640,1298,733,1123,1857,1221,792,582,2264,1819,3573,2282,1312,1501,1836,1662,1381,1558,2375,2411,662,420,1387,1881,1832,2159,1273,2515,1599,1545,1091,1787,2141,794,2404,1596,339,1540,997,818,1048,1164,568,356,257,574,603,1725,953,884,1125,1242,996,1121,567,363,356,839,1203,957,463,18,465,2557,972,708,2001,913,533,1444,1224,1381,5947,2044,3421,4336,2931,1874,2302,2332,2244,1558,1264,1221,3475,802,959,939,720,1779,3438,3101,2831,538,652,745,396,681,1107,922,612,286,522,531,1681,550,688,1229,989,465,806,1460,1353,2810,577,540,1685,827,1898,728,627,1097
sub-135,3662,554,687,4204,3708,3419,881,5819,3059,1127,757,1157,977,1120,1957,361,953,2351,334,588,619,1028,607,506,1220,2400,1538,942,1153,1234,1271,987,691,889,901,649,706,1204,831,1528,786,1068,1970,2342,1587,1053,710,967,1305,1116,3727,2432,1213,1864,2509,1188,857,389,518,1349,675,1177,2056,1156,541,604,2487,1461,2985,1642,1412,2305,1682,1581,2644,1309,2875,2249,750,565,1259,2188,1840,2421,2424,2355,2153,1858,1281,1357,2186,1998,2527,1458,742,2185,1018,798,1022,1882,1309,779,460,737,843,1944,803,1534,1555,664,942,1169,484,530,585,1477,1082,1436,423,0,464,2198,1550,1091,1787,626,1230,1737,923,962,6522,3152,3039,3849,3246,2010,2937,2538,1130,1654,635,637,1713,1267,1396,787,1707,4002,5109,3205,3154,485,612,824,356,912,1025,711,699,420,761,465,1796,665,368,1368,1157,555,858,1491,2136,2502,726,707,1669,1573,1302,636,1337,757,4351,862,619,3948,3063,2397,809,5309,2027,1257,561,901,1525,1159,2093,509,886,2990,397,460,556,1109,679,439,1442,1243,1206,1113,683,1171,1225,1035,664,563,618,953,1093,1268,1160,1348,1013,873,1556,1951,1433,807,1216,704,811,1313,2862,2725,1146,1447,1514,1405,1005,543,775,1067,747,1401,2198,1245,839,714,2007,1786,3874,2493,1532,1749,1395,1600,1242,1755,2936,2442,1100,448,1366,2028,2899,3243,1974,3727,1858,1558,1066,1540,2414,1188,2679,1767,563,1894,1062,907,1352,1595,891,466,319,700,710,2021,1121,958,1440,989,1130,1295,572,403,487,1981,1817,1032,365,14,344,1881,1240,762,2338,554,701,1901,1230,1414,5942,2717,3824,3590,2857,2418,2912,2608,2700,1556,778,779,2120,1544,1872,830,902,2950,4677,4167,3516,475,593,688,377,689,1698,510,644,422,627,566,2103,657,562,1563,1206,630,947,1537,1186,2574,675,527,1721,1186,1627,705,761,1055
sub-136,6005,483,994,5869,5335,3100,793,4989,2462,1084,403,1548,1574,1125,1626,645,862,1678,435,415,904,982,446,434,1654,1619,1067,1191,734,1047,1427,773,600,893,405,689,844,1225,906,1209,535,1464,1601,1658,1157,685,1529,909,948,889,2720,2478,1138,1424,1905,834,766,467,525,777,1248,1382,1753,536,887,458,2165,1388,2786,1410,1441,1889,1931,1335,1925,1234,2504,1549,893,539,782,1132,1613,2235,1819,2688,1807,1811,1059,1279,2098,1619,2166,998,659,2001,845,407,718,1172,830,533,380,753,1030,1629,796,1502,1192,698,738,996,520,373,432,1440,1689,993,658,2,779,2590,1055,919,1587,887,1067,1392,1113,1595,5999,2611,3967,3346,2547,1521,2834,2003,1189,1420,546,907,1346,937,1716,786,1348,3865,4278,3004,2740,491,729,439,364,506,1133,409,850,596,640,304,1318,526,307,964,985,440,671,1495,1174,2620,597,556,2013,1141,1701,562,925,572,6708,677,1018,5598,4973,2569,1157,4764,2104,986,567,671,1574,1036,2127,566,859,2504,437,373,540,903,866,382,1761,1048,1337,1509,612,1357,1438,821,612,555,587,800,1058,1091,872,1082,1267,1165,1282,1602,1456,782,1297,704,645,1238,2632,1852,999,1352,1614,1260,676,611,517,924,883,831,1812,657,1039,644,1514,1698,2937,2089,1452,1672,1654,1465,1040,1426,2577,1907,513,279,819,1533,2143,2795,1698,2608,1619,1430,1193,1902,2256,893,2187,1187,590,2136,806,763,1300,1422,603,425,243,654,1053,1589,960,830,804,991,849,1030,634,332,381,1129,1430,765,647,16,507,2198,1050,709,2094,812,576,1880,1198,1565,5412,2243,3965,3815,2766,1944,2291,2467,2004,1633,882,1155,2087,1180,1817,765,1033,2673,5005,2450,3002,514,626,653,444,473,907,547,678,719,463,601,1502,561,573,1205,1014,473,692,1592,1138,2212,541,494,1811,1120,1656,646,739,996
sub-137,5171,486,819,4478,3707,3371,938,5171,2871,1115,491,1694,1129,1146,1624,507,930,2642,582,594,967,456,472,316,1155,2008,1394,1250,1070,1296,1055,709,591,1069,640,561,628,1095,663,1330,755,1036,1774,1582,1465,1119,782,590,968,859,3505,2757,1324,1368,1670,1044,640,584,884,684,1212,842,1760,593,811,447,2797,2187,2505,1702,1448,1958,2924,1213,1315,1530,2783,1853,716,668,896,1027,1684,2990,1711,2354,2011,1908,1452,1415,2468,1616,2089,1848,584,2295,1317,901,847,1320,975,642,318,530,739,1699,822,1340,972,802,696,809,523,373,393,1299,1330,1000,667,11,378,2527,1328,709,1517,938,1558,1474,1117,1671,5775,2115,4131,3521,3271,1860,2399,2502,1068,1461,580,784,2014,1304,1763,995,1571,3212,4545,2568,3539,444,551,1052,467,796,1584,1106,653,327,864,702,1924,746,447,1136,917,530,630,1345,895,2832,678,472,1643,1041,1649,496,620,999,5729,1131,700,5234,3812,3231,942,4501,1946,1284,800,782,1161,1186,1674,427,717,2404,313,654,659,1220,1184,288,1234,1045,1257,1060,907,1242,927,705,596,665,614,982,1022,1326,1120,1519,737,1385,1378,1662,1665,681,1561,1178,672,1585,3186,3009,1080,1501,1643,1404,615,410,624,868,995,1352,1889,924,886,814,2918,1560,2812,2357,1689,1730,2404,1711,1170,1503,2436,2549,1164,551,1338,1668,2114,2752,1508,3058,1542,1582,1485,1979,2494,976,2146,1710,578,1633,1103,1172,1348,1472,632,428,199,585,686,1406,812,849,1004,1054,850,870,692,319,362,1403,2124,845,646,13,396,2405,1180,686,2042,949,635,1364,1383,1420,6318,2053,3089,2648,2333,1410,2654,2080,2367,1632,1147,919,3259,1605,2441,914,1218,2832,4143,3062,2655,408,502,982,518,588,1007,1150,897,522,610,705,1830,469,627,1102,906,477,641,1384,1087,2308,448,495,1574,971,1857,534,574,1039
sub-138,7142,362,526,6034,4100,2441,736,4615,2275,937,630,1175,1085,1209,1440,458,639,1940,348,553,544,664,536,538,1474,1748,862,1214,698,1044,1139,803,647,812,627,544,637,1007,787,1347,557,878,1813,1746,1361,664,1171,652,900,693,2982,2612,1172,1322,1750,813,850,576,836,704,898,855,1512,550,1011,410,2039,2951,2420,1425,1549,2249,2117,1369,1891,1348,2615,1545,626,601,852,1490,1544,2495,1331,2765,1627,1855,1142,1196,2036,1800,2347,1046,645,2271,968,874,670,977,659,547,438,749,833,1247,551,1489,1005,492,684,720,496,315,337,1339,1407,1062,559,1,670,1610,1209,816,1369,812,928,940,798,1079,4925,2229,3461,3356,2360,1697,2837,1929,984,620,324,567,1184,1076,1334,752,1109,2678,4677,2972,2413,232,730,478,354,563,1011,587,552,566,715,655,1491,543,393,987,965,506,779,1336,1403,2482,747,577,1489,961,1381,477,551,1043,7372,411,770,5650,4254,2567,883,4208,1690,1063,573,854,1391,1203,1727,514,728,1902,421,353,567,734,550,337,1257,1384,1044,1243,643,1139,1228,999,705,521,619,680,760,1154,967,1301,994,1198,1564,1833,1103,556,1826,669,495,948,2590,2241,924,1224,1748,1310,614,476,526,971,851,1319,1793,934,578,535,2457,1946,3480,2484,1570,1539,1428,1601,919,1449,2409,1688,513,302,811,1307,1976,3158,1558,3197,1705,1491,1388,1636,2232,910,2048,1483,517,2110,1028,1196,919,1043,386,373,228,557,770,1278,813,759,940,792,791,870,571,305,277,885,1489,1025,512,15,519,1665,929,650,2033,856,487,1743,1189,1289,5123,2273,3288,3228,1877,1287,2046,1862,2419,1382,744,835,1777,1201,1621,700,903,1969,3901,4016,2520,461,889,607,412,523,665,819,695,681,484,484,1494,370,351,1206,881,482,738,1674,1091,2387,473,555,1614,1134,1744,525,779,877
sub-139,7672,623,634,6607,5668,3611,862,5250,2669,942,528,1213,1324,1411,1761,523,772,2258,426,607,1194,1185,514,329,968,1513,954,1253,793,1795,1241,771,811,1110,699,473,730,1203,778,1312,639,1097,1640,1810,1553,738,1202,988,1197,1127,3188,2465,1277,1482,1954,1164,567,503,960,672,900,1313,1489,763,805,339,1847,1666,3077,1381,1840,2586,2301,1676,2578,1643,2594,2026,836,804,1674,2794,2026,3727,2355,3516,2346,2117,1233,1373,2120,1760,2373,1558,758,2215,1008,671,985,1499,937,541,357,534,656,1565,655,1339,1440,648,758,901,532,403,435,1105,1324,1325,743,1,607,2641,1420,806,1616,1175,1346,863,991,1443,5953,2759,4175,3545,2766,1714,2305,2418,882,1053,532,903,1418,1170,1062,577,915,3003,4245,2202,2859,478,830,712,320,827,1291,670,725,529,1210,812,1532,610,399,1216,934,502,831,1701,1645,2591,651,503,1690,729,1885,524,769,1120,8720,794,743,7242,5309,3431,994,5034,2057,1523,736,1512,1567,1480,1987,406,555,2699,335,577,830,1193,872,282,1737,1157,1190,1693,621,1326,1374,906,787,579,747,1080,1044,1566,989,1380,684,1197,1440,1612,881,872,1744,842,635,1213,2961,2339,1106,1508,1564,1787,871,457,620,1024,940,1767,2210,1160,945,618,1979,1540,3987,2444,1680,1929,2772,2022,1855,1598,2998,2102,865,450,1749,2115,3859,3015,1348,4109,1466,1499,1559,1667,2552,1094,2404,1767,661,1846,961,825,1282,1485,583,405,204,593,817,1551,999,1119,1226,915,901,782,771,343,469,879,1985,1046,589,26,704,2137,1350,926,2364,840,539,1271,1340,1525,6037,2398,3007,3005,3770,2294,2612,2061,2278,1414,673,754,1630,1642,1215,537,839,1849,5611,2871,2631,468,1086,758,343,770,923,552,634,525,767,900,2123,632,688,1437,872,456,842,1658,1344,2655,613,603,1950,1121,1847,626,895,855
sub-140,5891,570,625,5056,4560,2821,835,4288,2566,760,328,1039,1142,1160,1774,418,766,1628,317,520,1011,792,516,438,1208,1554,1039,1388,755,1122,1358,760,594,853,468,492,610,931,770,1300,441,1132,1715,1178,1142,710,1360,1031,740,922,3566,2810,1163,1172,1472,763,658,412,709,811,850,1347,1568,708,762,349,2081,1923,2551,1422,1438,1966,1856,1080,1895,1451,2219,1344,716,427,865,1392,1447,2111,1591,2456,1574,1699,983,986,1993,1734,2117,1382,575,1895,1015,940,778,1144,910,547,399,703,935,1751,723,1218,1286,560,747,820,443,394,306,1527,1565,1376,685,0,543,3776,1146,950,1915,1060,1230,1245,1302,1568,5161,2155,3910,2979,3008,1830,2281,1908,1472,1064,567,892,1518,1177,944,492,1438,4045,4013,2394,2750,588,729,502,446,569,1199,567,650,512,558,294,1353,558,341,1114,822,475,731,1118,1257,2486,706,570,2114,1011,1980,601,745,922,6231,552,975,5102,4139,2428,771,3785,1871,1248,535,951,1969,1140,2078,654,883,2776,411,384,489,866,588,280,1908,974,1123,1821,452,1221,1626,852,607,561,445,788,832,1075,733,1391,776,885,1176,1279,1071,555,1135,438,615,954,2800,2378,875,1209,1276,1143,689,543,614,1167,1082,1176,1811,778,720,509,2532,1261,2911,2021,974,1566,1680,1262,1269,1259,2560,1883,797,374,1139,1847,1444,2091,693,1771,1120,1336,1374,1782,1981,831,2222,1571,362,1694,1034,1042,969,1349,753,415,205,620,936,1551,907,822,943,988,935,981,645,350,350,797,1313,1235,411,20,534,2845,923,825,2231,855,612,1715,1297,1358,4247,1675,3410,2995,2925,1852,2446,2235,2358,1570,857,1037,2519,1010,1147,787,894,2261,5072,4840,2618,579,797,705,439,565,932,570,734,489,398,358,1695,609,560,1194,850,455,817,1210,1421,2669,509,520,1803,972,1533,538,666,1079
sub-141,8065,372,707,6846,4888,3257,596,5432,2468,1241,788,1989,1329,1188,2073,413,848,1764,394,435,977,828,543,441,1237,1915,876,1206,813,1092,1389,897,686,834,647,627,756,1221,715,1264,686,849,1797,1944,1173,729,1423,555,544,760,3026,2622,1235,1474,1828,1047,691,447,653,1023,982,980,1436,491,845,575,2639,1837,2522,1494,1269,1972,1915,1307,1923,1222,2331,1398,790,610,950,1447,1917,2320,1224,2087,1653,2115,1017,1256,1950,1739,2378,1259,600,2258,1133,729,766,1059,751,528,343,637,828,1610,756,1093,1069,863,793,1131,432,286,345,1274,1659,1666,800,2,590,3391,1610,810,1934,1223,878,2139,1107,1662,6419,2534,4614,2681,2081,1670,2622,2159,1399,909,576,988,1499,1096,1559,709,1569,3166,4682,2963,2296,515,920,509,311,404,879,512,595,646,779,842,1214,708,363,972,858,464,653,1139,1241,2601,589,537,1916,1204,1913,600,807,1065,8188,519,768,6900,4661,2607,995,5642,2141,1491,712,1084,1458,1272,1818,567,784,2838,501,369,724,1174,618,290,1535,1328,1009,1246,642,1191,1473,1048,793,549,841,942,998,1281,1066,1357,733,889,1446,1966,1223,391,1459,474,619,714,3309,2482,1192,1408,1667,1523,714,373,669,868,730,1167,1876,856,803,525,2295,1905,3372,2221,1150,1754,2054,1597,1271,1162,2600,2265,580,467,1106,1303,1781,2521,1112,2838,1596,1594,1312,1686,2470,780,2547,1391,300,2137,1035,1098,1064,1518,522,414,248,671,926,1800,801,639,956,958,788,966,480,305,369,1097,1564,1316,577,18,620,2936,1059,847,2084,1050,551,1652,1299,1569,6448,2137,3747,4275,3269,1868,2755,2099,2560,1727,587,954,2149,917,1453,862,1111,2794,3896,2988,2780,575,940,651,373,585,806,538,729,801,639,586,1764,624,514,1184,1028,462,691,1457,915,3032,559,539,1632,1211,2008,573,712,965
sub-142,6956,573,444,5676,4536,3441,625,4489,1855,858,482,864,1070,1175,1396,326,580,1843,413,790,1048,969,577,489,816,1639,912,693,681,1019,1509,777,701,719,516,545,666,1151,774,1043,761,1173,1623,1527,1122,523,983,620,799,903,2258,1769,1141,1453,1593,757,665,506,655,1049,1060,1146,1609,563,1092,491,2464,1223,2642,1196,1200,1832,1792,1776,1819,1514,2958,1615,887,465,1347,1765,1580,2880,2328,2521,1865,1850,959,1142,1932,1833,2194,1248,384,2389,748,578,753,1143,1060,623,413,734,801,1535,663,1268,1170,648,776,912,468,385,381,1177,1494,1279,603,9,897,3155,1209,767,1556,882,1040,1206,1208,1304,5178,2734,3291,3193,2624,1656,2059,1967,1013,1233,733,677,1442,1024,877,661,862,3810,3789,2381,2534,394,799,843,318,597,799,677,753,404,536,457,1195,591,552,1066,1005,498,824,1304,1812,2771,701,487,1573,990,1788,573,862,1057,6815,559,856,5311,4759,2886,881,4343,1895,1230,705,913,1622,1129,1606,534,655,2450,485,361,693,1317,437,304,1327,971,911,1163,694,1138,1554,728,669,517,570,776,989,960,807,1209,586,881,1191,1583,948,620,1271,719,579,823,2610,2418,1096,1278,1331,1268,856,661,841,683,1028,1034,1720,712,769,497,2418,1362,2701,1960,1255,1563,1763,1529,1209,1333,1928,1789,553,346,1190,1671,2641,2190,1162,2931,1452,1531,1023,1601,2106,858,2394,1482,322,1608,1092,654,1028,1272,536,371,222,607,643,1422,818,828,959,823,868,975,480,308,323,935,1120,932,460,19,694,2235,997,738,2079,740,478,1913,1210,1287,5383,1546,2986,2677,2462,1601,1826,2512,2120,1753,983,971,2471,1149,1482,745,636,2008,3676,3341,2356,583,865,673,318,610,706,695,470,484,499,420,1579,538,632,1211,898,429,709,1827,1374,2541,521,554,1579,973,1435,603,678,1102
sub-143,6431,392,937,5909,4310,2778,635,4611,2274,948,444,1076,1233,1063,1447,479,817,2014,339,594,632,783,488,403,1401,1607,657,1474,515,1196,1341,716,729,699,549,517,599,1197,688,1017,668,696,1735,1835,1214,490,966,740,880,1191,2832,2250,1108,1351,1998,714,583,347,793,813,994,1239,1593,575,637,336,2838,1899,2649,1416,1584,1937,2515,1205,1881,1254,2365,1774,731,540,837,1429,1586,2194,1603,2042,1802,1796,1206,1262,1832,1379,2290,1200,506,1968,1134,812,719,1166,728,506,354,673,804,1598,682,1121,1181,572,714,1136,662,453,422,1155,965,958,622,0,635,2012,1289,819,1388,884,1027,1058,1101,1817,5307,2921,3851,3080,2699,1522,2244,1861,972,976,388,966,1529,796,940,734,1237,2628,3973,2125,2635,387,619,468,381,493,635,676,590,496,596,678,1461,627,342,1133,1062,482,690,1160,991,2546,620,488,1456,919,2368,481,765,709,7459,576,946,5751,4517,2937,840,4041,1788,1211,888,695,1260,1340,1653,512,650,2059,304,402,578,1094,520,358,1289,1026,493,1207,568,1141,1464,706,742,518,488,608,1107,929,894,1065,600,775,1206,1584,1084,339,972,559,549,588,2681,2439,923,1409,1956,1037,867,420,527,620,679,1122,1673,1359,581,440,2403,1506,3198,1791,1323,1641,1247,1390,1495,1412,2709,1754,824,370,1186,1979,2322,2720,1429,2502,1412,1633,1077,1559,1871,682,2329,1456,338,1803,1247,910,826,1118,559,344,201,558,684,1458,640,810,994,1088,936,1254,576,353,344,777,961,1111,580,26,498,2755,993,712,2053,801,418,1269,1201,1162,5237,1908,2718,3063,2338,1392,2450,2283,1758,1132,729,948,2174,666,1167,708,909,1560,2854,5002,2543,451,675,466,350,513,683,852,713,581,441,232,1385,530,530,1131,793,419,890,1475,1289,2646,475,614,1539,1066,1678,508,656,899
sub-144,7243,554,825,5818,4712,3535,754,4465,2627,1087,508,1266,1016,1022,1728,354,608,2225,333,492,839,744,538,347,972,1567,1420,971,645,1207,1358,724,541,804,687,659,821,1257,758,1616,818,953,1985,1505,1319,761,1261,1002,1267,830,3191,3221,1030,1325,1647,729,495,455,498,1381,1019,852,1546,639,761,358,2373,1848,2363,1300,1771,2039,2302,927,1496,1289,2332,1422,581,422,719,1005,1689,2756,1818,2603,2195,1863,1057,1111,1821,1670,2239,1230,641,1898,1029,707,778,1239,840,546,332,675,881,1717,625,1160,1186,701,640,825,463,387,333,1353,1589,1034,619,21,548,2127,1160,964,1860,818,1063,1068,1259,1535,5297,2681,3917,2640,2186,1876,2579,2419,1075,1282,477,752,1432,848,1116,727,1507,2819,3244,2401,3011,308,721,599,355,548,1406,630,712,529,732,795,1461,749,354,1043,900,582,568,1257,997,2067,574,492,1844,1022,2011,480,1229,919,8375,653,958,6789,4792,2547,1147,4369,1879,1086,597,682,1418,1302,1747,442,662,2933,360,422,512,835,736,409,1469,989,1242,1225,572,1133,1531,1060,813,621,690,786,1054,1333,825,1664,806,843,1392,1664,1229,554,1083,654,506,1063,2584,3644,1194,1257,1340,1221,1062,775,890,978,866,1205,1767,940,838,596,2005,1599,2900,1986,1480,1526,1857,1458,882,1542,2290,1924,772,413,1036,1203,2516,2593,1641,2748,1452,1441,985,1453,1963,761,1990,1587,464,1803,1021,873,997,1768,541,420,270,652,808,1595,853,769,1007,986,904,898,647,313,383,1683,1257,907,622,13,776,1946,912,827,2187,887,505,1465,1482,1494,4801,2231,3340,3114,2586,1898,2620,2102,1970,1230,569,1000,1747,1038,1512,681,1322,2789,3455,2671,2258,451,843,678,336,397,1047,552,748,528,538,611,1533,497,697,1087,1002,448,767,1516,1161,2036,549,482,1714,1151,1515,565,705,1127
sub-145,5496,458,616,4394,3348,2906,601,4297,2345,877,397,1082,1223,897,1417,517,823,1609,444,533,759,616,481,409,1083,1554,1053,1225,685,1077,1167,547,647,789,588,510,634,926,772,1057,524,1034,1691,1886,1378,661,1190,806,1017,850,2581,2539,1171,1341,1554,703,724,484,630,640,938,822,1351,508,871,313,1984,1240,2474,1116,1402,1734,1612,1335,1583,1078,2261,1440,702,488,1094,1447,1160,2430,1961,2446,1406,1614,1093,1143,1666,1510,1882,1175,737,2019,811,422,767,1237,700,541,350,595,685,1258,684,1080,1106,556,680,708,377,344,319,1086,1265,1227,614,0,405,2960,1043,848,1571,694,1084,850,1049,1413,5107,2294,3330,2509,2259,1685,2303,1831,1216,1180,717,636,1447,850,1330,745,1038,2300,3286,2257,2110,469,676,479,330,539,827,742,558,396,742,495,1444,606,416,697,817,430,621,1093,943,1782,682,484,1779,782,1476,508,689,988,6371,486,615,4688,3888,2814,625,4372,2121,1085,575,606,1454,1037,1388,598,839,1753,375,334,529,1005,567,274,1346,917,775,1262,492,1153,1048,770,647,395,557,896,914,1143,877,1196,1235,1124,1241,1641,931,450,1581,544,633,749,2466,2653,1152,1064,1471,1079,956,544,828,748,758,1352,1687,630,748,462,1800,1438,2528,1862,1161,1331,1678,1187,1099,1058,1670,1903,523,344,1196,1268,2333,2142,926,2235,1472,1275,1048,1376,1940,609,2140,1214,230,1930,884,808,1068,1335,409,430,227,586,720,1215,827,682,759,847,750,790,411,274,312,970,1046,861,440,21,426,2621,923,645,1750,673,511,1059,1344,1263,4645,1801,3105,2658,2653,1846,1903,1596,2122,1201,619,736,1684,770,965,801,762,1620,4284,3333,2025,486,684,561,302,504,579,615,571,487,407,374,1450,415,511,1025,800,397,654,1469,936,2034,490,543,1444,966,1662,517,579,758
sub-146,6388,436,615,5822,5481,3979,1101,5077,2202,1112,735,1132,1588,1118,1702,601,978,2100,498,762,1069,905,495,542,2018,1574,1359,1619,974,1176,1184,939,745,879,657,504,770,1444,971,1576,607,1192,1847,1458,1673,763,1888,564,1058,765,3004,2961,1229,1374,1835,1104,790,568,685,1080,1094,1222,1430,551,928,439,1858,1567,3187,1182,1569,2221,2035,1298,2076,1582,2827,2012,580,744,1001,1597,1822,2655,2048,3370,2154,1794,1163,1276,2290,1931,2400,1410,732,1578,865,568,895,1241,946,541,461,662,1018,1844,867,1378,1445,608,772,837,650,484,497,1278,2086,1094,706,7,604,1628,1343,1168,1839,1055,1056,1327,1312,1662,5648,3021,3639,3705,2922,1742,2274,2034,1028,1024,624,839,1560,1144,1834,774,1452,3279,4984,2742,3198,461,654,558,443,926,1202,804,985,576,710,487,1572,738,408,1454,1144,595,675,1477,1403,2663,979,617,2260,1093,1900,522,906,693,7326,874,723,6311,5565,3964,1386,4597,1729,1127,655,737,1632,1255,2278,764,1025,2657,456,682,863,1479,996,366,1472,1101,1194,1482,959,1572,1401,852,774,599,705,938,1046,1477,976,1460,609,1184,1250,1480,1605,758,1452,921,837,1651,2848,2758,1016,1367,1704,1572,875,555,821,666,977,1110,1688,787,837,638,2158,1601,3084,1899,1626,1653,1709,1778,1531,1784,3590,2537,879,475,1635,1782,1303,2070,1830,2566,1779,1643,1287,1676,2891,995,2535,1667,842,1685,1040,656,1262,1380,608,413,309,703,840,1862,1041,1237,1090,1018,973,965,704,368,428,1224,2472,933,681,17,548,1721,1272,847,2308,986,521,1498,1429,1511,5538,2632,3110,3035,2330,1371,2009,1778,2126,1644,932,1055,1760,1709,1576,635,1002,2695,4667,4132,2523,428,801,732,414,906,922,824,841,898,687,516,1826,639,606,1419,1153,549,984,1788,1699,2906,546,682,2033,1285,2071,669,641,1132