SUBJID,lh_L_V1_ROI_area,lh_L_MST_ROI_area,lh_L_V6_ROI_area,lh_L_V2_ROI_area,lh_L_V3_ROI_area,lh_L_V4_ROI_area,lh_L_V8_ROI_area,lh_L_4_ROI_area,lh_L_3b_ROI_area,lh_L_FEF_ROI_area,lh_L_PEF_ROI_area,lh_L_55b_ROI_area,lh_L_V3A_ROI_area,lh_L_RSC_ROI_area,lh_L_POS2_ROI_area,lh_L_V7_ROI_area,lh_L_IPS1_ROI_area,lh_L_FFC_ROI_area,lh_L_V3B_ROI_area,lh_L_LO1_ROI_area,lh_L_LO2_ROI_area,lh_L_PIT_ROI_area,lh_L_MT_ROI_area,lh_L_A1_ROI_area,lh_L_PSL_ROI_area,lh_L_SFL_ROI_area,lh_L_PCV_ROI_area,lh_L_STV_ROI_area,lh_L_7Pm_ROI_area,lh_L_7m_ROI_area,lh_L_POS1_ROI_area,lh_L_23d_ROI_area,lh_L_v23ab_ROI_area,lh_L_d23ab_ROI_area,lh_L_31pv_ROI_area,lh_L_5m_ROI_area,lh_L_5mv_ROI_area,lh_L_23c_ROI_area,lh_L_5L_ROI_area,lh_L_24dd_ROI_area,lh_L_24dv_ROI_area,lh_L_7AL_ROI_area,lh_L_SCEF_ROI_area,lh_L_6ma_ROI_area,lh_L_7Am_ROI_area,lh_L_7PL_ROI_area,lh_L_7PC_ROI_area,lh_L_LIPv_ROI_area,lh_L_VIP_ROI_area,lh_L_MIP_ROI_area,lh_L_1_ROI_area,lh_L_2_ROI_area,lh_L_3a_ROI_area,lh_L_6d_ROI_area,lh_L_6mp_ROI_area,lh_L_6v_ROI_area,lh_L_p24pr_ROI_area,lh_L_33pr_ROI_area,lh_L_a24pr_ROI_area,lh_L_p32pr_ROI_area,lh_L_a24_ROI_area,lh_L_d32_ROI_area,lh_L_8BM_ROI_area,lh_L_p32_ROI_area,lh_L_10r_ROI_area,lh_L_47m_ROI_area,lh_L_8Av_ROI_area,lh_L_8Ad_ROI_area,lh_L_9m_ROI_area,lh_L_8BL_ROI_area,lh_L_9p_ROI_area,lh_L_10d_ROI_area,lh_L_8C_ROI_area,lh_L_44_ROI_area,lh_L_45_ROI_area,lh_L_47l_ROI_area,lh_L_a47r_ROI_area,lh_L_6r_ROI_area,lh_L_IFJa_ROI_area,lh_L_IFJp_ROI_area,lh_L_IFSp_ROI_area,lh_L_IFSa_ROI_area,lh_L_p9.46v_ROI_area,lh_L_46_ROI_area,lh_L_a9.46v_ROI_area,lh_L_9.46d_ROI_area,lh_L_9a_ROI_area,lh_L_10v_ROI_area,lh_L_a10p_ROI_area,lh_L_10pp_ROI_area,lh_L_11l_ROI_area,lh_L_13l_ROI_area,lh_L_OFC_ROI_area,lh_L_47s_ROI_area,lh_L_LIPd_ROI_area,lh_L_6a_ROI_area,lh_L_i6.8_ROI_area,lh_L_s6.8_ROI_area,lh_L_43_ROI_area,lh_L_OP4_ROI_area,lh_L_OP1_ROI_area,lh_L_OP2.3_ROI_area,lh_L_52_ROI_area,lh_L_RI_ROI_area,lh_L_PFcm_ROI_area,lh_L_PoI2_ROI_area,lh_L_TA2_ROI_area,lh_L_FOP4_ROI_area,lh_L_MI_ROI_area,lh_L_Pir_ROI_area,lh_L_AVI_ROI_area,lh_L_AAIC_ROI_area,lh_L_FOP1_ROI_area,lh_L_FOP3_ROI_area,lh_L_FOP2_ROI_area,lh_L_PFt_ROI_area,lh_L_AIP_ROI_area,lh_L_EC_ROI_area,lh_L_PreS_ROI_area,lh_L_H_ROI_area,lh_L_ProS_ROI_area,lh_L_PeEc_ROI_area,lh_L_STGa_ROI_area,lh_L_PBelt_ROI_area,lh_L_A5_ROI_area,lh_L_PHA1_ROI_area,lh_L_PHA3_ROI_area,lh_L_STSda_ROI_area,lh_L_STSdp_ROI_area,lh_L_STSvp_ROI_area,lh_L_TGd_ROI_area,lh_L_TE1a_ROI_area,lh_L_TE1p_ROI_area,lh_L_TE2a_ROI_area,lh_L_TF_ROI_area,lh_L_TE2p_ROI_area,lh_L_PHT_ROI_area,lh_L_PH_ROI_area,lh_L_TPOJ1_ROI_area,lh_L_TPOJ2_ROI_area,lh_L_TPOJ3_ROI_area,lh_L_DVT_ROI_area,lh_L_PGp_ROI_area,lh_L_IP2_ROI_area,lh_L_IP1_ROI_area,lh_L_IP0_ROI_area,lh_L_PFop_ROI_area,lh_L_PF_ROI_area,lh_L_PFm_ROI_area,lh_L_PGi_ROI_area,lh_L_PGs_ROI_area,lh_L_V6A_ROI_area,lh_L_VMV1_ROI_area,lh_L_VMV3_ROI_area,lh_L_PHA2_ROI_area,lh_L_V4t_ROI_area,lh_L_FST_ROI_area,lh_L_V3CD_ROI_area,lh_L_LO3_ROI_area,lh_L_VMV2_ROI_area,lh_L_31pd_ROI_area,lh_L_31a_ROI_area,lh_L_VVC_ROI_area,lh_L_25_ROI_area,lh_L_s32_ROI_area,lh_L_pOFC_ROI_area,lh_L_PoI1_ROI_area,lh_L_Ig_ROI_area,lh_L_FOP5_ROI_area,lh_L_p10p_ROI_area,lh_L_p47r_ROI_area,lh_L_TGv_ROI_area,lh_L_MBelt_ROI_area,lh_L_LBelt_ROI_area,lh_L_A4_ROI_area,lh_L_STSva_ROI_area,lh_L_TE1m_ROI_area,lh_L_PI_ROI_area,lh_L_a32pr_ROI_area,lh_L_p24_ROI_area,rh_R_V1_ROI_area,rh_R_MST_ROI_area,rh_R_V6_ROI_area,rh_R_V2_ROI_area,rh_R_V3_ROI_area,rh_R_V4_ROI_area,rh_R_V8_ROI_area,rh_R_4_ROI_area,rh_R_3b_ROI_area,rh_R_FEF_ROI_area,rh_R_PEF_ROI_area,rh_R_55b_ROI_area,rh_R_V3A_ROI_area,rh_R_RSC_ROI_area,rh_R_POS2_ROI_area,rh_R_V7_ROI_area,rh_R_IPS1_ROI_area,rh_R_FFC_ROI_area,rh_R_V3B_ROI_area,rh_R_LO1_ROI_area,rh_R_LO2_ROI_area,rh_R_PIT_ROI_area,rh_R_MT_ROI_area,rh_R_A1_ROI_area,rh_R_PSL_ROI_area,rh_R_SFL_ROI_area,rh_R_PCV_ROI_area,rh_R_STV_ROI_area,rh_R_7Pm_ROI_area,rh_R_7m_ROI_area,rh_R_POS1_ROI_area,rh_R_23d_ROI_area,rh_R_v23ab_ROI_area,rh_R_d23ab_ROI_area,rh_R_31pv_ROI_area,rh_R_5m_ROI_area,rh_R_5mv_ROI_area,rh_R_23c_ROI_area,rh_R_5L_ROI_area,rh_R_24dd_ROI_area,rh_R_24dv_ROI_area,rh_R_7AL_ROI_area,rh_R_SCEF_ROI_area,rh_R_6ma_ROI_area,rh_R_7Am_ROI_area,rh_R_7PL_ROI_area,rh_R_7PC_ROI_area,rh_R_LIPv_ROI_area,rh_R_VIP_ROI_area,rh_R_MIP_ROI_area,rh_R_1_ROI_area,rh_R_2_ROI_area,rh_R_3a_ROI_area,rh_R_6d_ROI_area,rh_R_6mp_ROI_area,rh_R_6v_ROI_area,rh_R_p24pr_ROI_area,rh_R_33pr_ROI_area,rh_R_a24pr_ROI_area,rh_R_p32pr_ROI_area,rh_R_a24_ROI_area,rh_R_d32_ROI_area,rh_R_8BM_ROI_area,rh_R_p32_ROI_area,rh_R_10r_ROI_area,rh_R_47m_ROI_area,rh_R_8Av_ROI_area,rh_R_8Ad_ROI_area,rh_R_9m_ROI_area,rh_R_8BL_ROI_area,rh_R_9p_ROI_area,rh_R_10d_ROI_area,rh_R_8C_ROI_area,rh_R_44_ROI_area,rh_R_45_ROI_area,rh_R_47l_ROI_area,rh_R_a47r_ROI_area,rh_R_6r_ROI_area,rh_R_IFJa_ROI_area,rh_R_IFJp_ROI_area,rh_R_IFSp_ROI_area,rh_R_IFSa_ROI_area,rh_R_p9.46v_ROI_area,rh_R_46_ROI_area,rh_R_a9.46v_ROI_area,rh_R_9.46d_ROI_area,rh_R_9a_ROI_area,rh_R_10v_ROI_area,rh_R_a10p_ROI_area,rh_R_10pp_ROI_area,rh_R_11l_ROI_area,rh_R_13l_ROI_area,rh_R_OFC_ROI_area,rh_R_47s_ROI_area,rh_R_LIPd_ROI_area,rh_R_6a_ROI_area,rh_R_i6.8_ROI_area,rh_R_s6.8_ROI_area,rh_R_43_ROI_area,rh_R_OP4_ROI_area,rh_R_OP1_ROI_area,rh_R_OP2.3_ROI_area,rh_R_52_ROI_area,rh_R_RI_ROI_area,rh_R_PFcm_ROI_area,rh_R_PoI2_ROI_area,rh_R_TA2_ROI_area,rh_R_FOP4_ROI_area,rh_R_MI_ROI_area,rh_R_Pir_ROI_area,rh_R_AVI_ROI_area,rh_R_AAIC_ROI_area,rh_R_FOP1_ROI_area,rh_R_FOP3_ROI_area,rh_R_FOP2_ROI_area,rh_R_PFt_ROI_area,rh_R_AIP_ROI_area,rh_R_EC_ROI_area,rh_R_PreS_ROI_area,rh_R_H_ROI_area,rh_R_ProS_ROI_area,rh_R_PeEc_ROI_area,rh_R_STGa_ROI_area,rh_R_PBelt_ROI_area,rh_R_A5_ROI_area,rh_R_PHA1_ROI_area,rh_R_PHA3_ROI_area,rh_R_STSda_ROI_area,rh_R_STSdp_ROI_area,rh_R_STSvp_ROI_area,rh_R_TGd_ROI_area,rh_R_TE1a_ROI_area,rh_R_TE1p_ROI_area,rh_R_TE2a_ROI_area,rh_R_TF_ROI_area,rh_R_TE2p_ROI_area,rh_R_PHT_ROI_area,rh_R_PH_ROI_area,rh_R_TPOJ1_ROI_area,rh_R_TPOJ2_ROI_area,rh_R_TPOJ3_ROI_area,rh_R_DVT_ROI_area,rh_R_PGp_ROI_area,rh_R_IP2_ROI_area,rh_R_IP1_ROI_area,rh_R_IP0_ROI_area,rh_R_PFop_ROI_area,rh_R_PF_ROI_area,rh_R_PFm_ROI_area,rh_R_PGi_ROI_area,rh_R_PGs_ROI_area,rh_R_V6A_ROI_area,rh_R_VMV1_ROI_area,rh_R_VMV3_ROI_area,rh_R_PHA2_ROI_area,rh_R_V4t_ROI_area,rh_R_FST_ROI_area,rh_R_V3CD_ROI_area,rh_R_LO3_ROI_area,rh_R_VMV2_ROI_area,rh_R_31pd_ROI_area,rh_R_31a_ROI_area,rh_R_VVC_ROI_area,rh_R_25_ROI_area,rh_R_s32_ROI_area,rh_R_pOFC_ROI_area,rh_R_PoI1_ROI_area,rh_R_Ig_ROI_area,rh_R_FOP5_ROI_area,rh_R_p10p_ROI_area,rh_R_p47r_ROI_area,rh_R_TGv_ROI_area,rh_R_MBelt_ROI_area,rh_R_LBelt_ROI_area,rh_R_A4_ROI_area,rh_R_STSva_ROI_area,rh_R_TE1m_ROI_area,rh_R_PI_ROI_area,rh_R_a32pr_ROI_area,rh_R_p24_ROI_area
sub-02,3130,308,431,2490,1738,1260,281,1942,1372,483,281,425,660,435,631,261,448,602,267,184,244,280,225,161,377,475,429,320,224,378,532,186,244,228,295,245,338,492,354,399,261,481,561,555,521,223,459,352,296,409,922,1341,781,475,763,222,207,136,180,328,309,396,503,306,380,198,566,674,820,421,501,644,604,434,613,389,784,591,383,268,500,894,594,741,701,900,560,533,440,383,715,644,749,385,301,981,349,243,219,339,346,227,228,366,288,362,230,421,325,214,309,180,107,208,158,534,805,363,256,586,347,639,246,452,491,274,356,525,529,701,1220,608,769,758,771,483,718,758,445,511,266,391,328,483,441,318,335,898,1125,890,727,173,335,213,155,190,457,194,174,210,347,155,439,215,189,312,328,228,297,459,671,472,290,326,549,592,496,217,296,203,3214,337,370,2503,1673,1143,336,1836,1290,494,290,259,554,405,777,189,314,809,197,215,198,325,284,135,409,309,392,489,232,453,514,181,231,140,289,325,457,499,378,425,280,460,462,671,480,268,503,368,264,463,887,1427,779,474,772,330,193,140,137,348,298,525,552,355,289,201,615,796,1047,661,591,467,685,445,371,386,786,650,230,193,388,641,691,1072,530,1311,526,432,365,433,702,296,799,353,301,897,294,281,305,405,185,195,149,351,272,388,296,306,305,290,341,233,136,156,152,370,889,262,219,488,282,641,229,335,648,238,231,580,618,379,1161,430,888,1058,843,761,601,749,749,496,383,422,571,520,485,263,242,569,1508,1232,695,141,362,285,162,185,426,299,278,212,287,179,449,169,189,422,315,170,313,565,532,556,211,267,451,377,461,264,367,192
sub-03,4392,314,441,3137,2088,1592,296,1941,1422,497,203,396,506,348,828,183,356,695,219,313,296,290,255,163,461,545,528,514,282,505,616,192,166,218,292,275,414,527,378,533,285,790,765,678,691,238,626,491,480,462,1023,1101,721,398,692,212,149,121,175,394,345,523,610,352,356,176,683,564,880,369,553,720,855,465,591,383,796,663,493,304,612,850,1016,1179,810,1279,739,564,518,412,725,719,980,412,293,1004,359,190,277,459,351,258,203,340,323,482,233,376,359,311,319,197,147,200,196,561,717,473,250,582,257,894,235,407,435,270,444,496,555,774,1216,560,1362,982,1024,796,829,1032,442,499,282,463,530,565,589,351,385,1050,1761,1305,956,171,303,253,165,228,496,361,294,242,401,155,496,233,203,442,331,224,278,581,528,456,315,289,579,542,653,266,377,178,4203,532,595,3300,2445,1652,368,1725,1251,382,269,231,614,368,882,208,420,834,280,371,254,416,423,133,377,417,430,390,245,440,600,235,206,134,313,351,549,672,402,529,379,501,526,764,464,199,552,255,222,421,922,1353,763,379,721,337,253,177,177,380,281,549,749,390,337,214,875,877,1213,765,663,554,849,444,373,350,793,1037,355,280,556,565,1100,1236,465,1492,684,468,463,511,817,373,929,391,248,866,388,397,478,489,200,188,143,347,265,469,286,265,337,307,353,226,179,154,173,419,767,219,201,466,182,706,246,314,652,208,268,519,626,449,1027,307,1163,802,1047,952,883,914,909,675,630,605,984,435,503,368,291,636,1113,1492,829,174,367,276,163,237,531,431,488,310,328,256,422,200,237,411,333,169,288,701,401,378,236,292,455,398,428,304,352,239
sub-04,3279,288,367,2703,1810,1250,260,1841,1440,393,176,310,592,383,623,197,282,590,177,243,311,244,251,176,539,520,449,337,248,426,635,244,168,178,216,264,368,501,374,413,274,501,539,566,487,218,460,378,277,330,1072,1364,753,420,575,204,247,164,231,349,285,377,493,285,340,159,685,881,815,455,725,792,673,390,613,403,708,513,263,232,302,467,524,789,566,1192,970,479,448,415,687,610,880,349,331,842,340,244,245,327,281,216,212,366,357,376,219,407,285,174,262,190,122,175,136,579,643,233,260,552,365,609,229,452,404,265,376,403,446,473,1435,671,994,1052,788,698,652,866,402,321,321,335,370,500,453,213,351,1016,1459,979,885,125,267,203,174,238,441,182,224,216,296,151,427,211,166,333,322,189,300,589,415,589,287,311,568,545,470,221,335,253,3181,244,472,2742,1924,1088,296,1820,1252,566,217,241,707,429,989,206,388,727,241,196,182,296,208,108,369,315,263,407,209,397,675,216,203,123,238,360,438,543,300,496,342,333,441,636,390,266,415,429,270,546,860,1158,794,479,649,289,289,191,187,356,247,403,511,344,321,224,722,761,945,697,516,450,586,372,344,422,814,542,214,154,373,456,753,1119,484,1259,525,494,441,512,750,350,883,405,358,839,290,364,349,442,180,197,131,339,256,334,239,263,274,266,363,202,148,145,145,430,634,177,228,456,386,507,196,285,520,222,231,495,580,413,1184,422,881,993,735,688,575,751,780,408,255,575,516,549,681,317,290,662,1590,1178,816,178,304,251,174,211,350,274,219,244,196,155,405,163,191,363,324,152,332,615,388,558,181,248,447,418,447,238,295,213
sub-05,4270,206,440,3063,1985,1366,249,1786,1358,403,244,377,550,430,766,133,304,498,206,279,270,245,182,132,354,401,421,298,313,462,569,167,228,236,338,217,342,519,333,410,284,565,524,504,578,334,459,427,456,431,980,1350,749,442,644,232,160,130,177,349,317,412,468,310,275,135,631,723,774,330,498,665,752,458,615,381,709,642,358,333,415,686,616,786,637,1068,682,418,469,394,698,535,867,283,326,956,305,185,261,342,301,245,234,319,317,416,209,454,372,183,309,210,135,187,166,462,575,292,235,510,462,673,204,321,367,248,333,369,467,560,1160,665,1013,1167,915,692,554,860,444,369,307,437,415,389,465,301,382,702,1036,972,883,141,249,184,138,200,387,279,196,173,397,210,396,223,170,355,331,204,334,540,486,550,280,237,413,442,615,231,343,210,4397,226,432,3235,2103,1260,298,1651,1185,433,378,338,618,447,710,211,376,679,254,259,175,282,201,103,313,348,393,373,232,402,504,235,223,162,340,328,474,511,352,446,364,375,464,670,391,308,468,363,270,496,864,1323,776,412,805,381,261,212,196,359,290,381,527,260,266,200,845,727,834,625,588,377,768,475,406,349,714,668,267,218,406,460,570,821,367,1098,550,445,418,505,856,348,940,344,306,911,360,334,297,438,200,205,143,305,265,330,244,302,247,245,309,217,167,162,162,440,649,255,237,469,349,565,181,259,517,239,230,478,571,447,1133,469,815,961,911,620,449,596,961,435,348,446,540,473,615,377,284,641,1129,1412,747,188,314,253,171,154,301,340,265,250,253,230,404,182,176,466,310,185,372,489,350,545,181,204,390,413,472,226,272,221
sub-07,3384,265,440,2674,1840,1269,323,1616,1175,357,168,306,599,381,738,257,473,618,273,174,275,266,195,154,627,414,577,396,282,524,512,246,243,338,544,185,366,603,303,413,300,470,585,512,522,305,299,368,324,416,899,1145,705,325,544,173,255,142,206,361,323,417,504,248,267,129,711,569,791,294,462,688,731,390,713,393,642,501,316,255,356,777,688,985,765,1252,688,455,426,341,533,555,965,341,222,830,267,160,253,392,329,265,229,402,367,423,228,430,356,178,308,182,151,191,157,694,612,298,272,651,278,574,254,370,413,321,467,434,484,662,1281,683,1006,874,692,578,793,844,428,455,274,433,385,469,516,347,420,1538,1607,1068,858,204,336,244,224,184,416,200,153,246,507,280,504,226,162,393,328,227,356,540,625,491,267,263,497,562,498,230,353,243,3138,268,480,2429,1536,962,267,1588,1113,404,254,209,530,522,736,191,321,722,181,181,162,296,253,116,495,328,404,583,238,387,623,373,242,218,399,306,507,647,406,411,311,479,383,605,451,202,502,269,228,345,865,1291,742,359,689,297,298,234,187,316,258,342,446,328,308,188,621,636,950,709,608,536,640,499,480,408,736,661,267,186,541,711,990,1119,548,1270,580,449,378,522,668,296,837,373,208,746,290,311,339,421,189,200,156,383,294,398,264,374,303,297,381,228,193,175,168,403,811,228,220,531,313,598,266,318,559,222,294,564,562,365,1383,572,1096,1347,1069,917,663,808,763,431,480,555,767,506,558,325,285,774,1648,1374,844,171,264,261,193,160,395,271,300,240,259,219,451,154,181,388,377,173,385,622,450,568,200,228,507,456,648,269,257,214
sub-08,3075,235,381,2260,1456,1127,258,1671,1299,404,280,378,399,374,591,143,317,507,205,212,190,248,217,128,383,409,312,379,182,342,476,179,208,221,271,241,385,508,363,410,236,415,578,470,381,204,481,299,275,372,913,1066,684,429,598,237,183,120,160,312,257,373,471,265,321,156,603,631,704,307,396,561,678,321,443,344,610,484,216,245,265,475,508,687,603,892,513,452,362,298,526,487,731,287,207,821,307,181,210,289,240,218,177,270,213,284,184,330,278,160,270,161,124,170,133,476,595,346,313,565,353,939,215,311,352,308,385,336,459,590,1100,500,1164,971,1004,550,822,652,405,445,247,351,415,373,478,365,269,770,1517,974,804,124,276,186,174,149,400,216,238,180,289,197,406,167,136,286,264,189,275,412,452,523,226,202,449,413,585,207,297,158,3046,238,433,2333,1489,978,305,1584,1159,531,302,287,493,381,729,171,382,656,205,151,133,292,176,107,393,274,296,420,204,351,498,238,208,124,278,308,435,513,344,428,319,347,474,561,346,203,477,267,196,415,866,1190,684,356,576,371,216,149,138,324,218,394,556,310,317,175,563,624,900,565,405,379,605,382,289,291,713,706,215,186,333,359,589,791,363,883,435,437,362,414,640,300,784,291,173,748,276,238,314,402,154,166,119,283,252,313,238,232,217,257,277,207,142,130,142,393,626,244,173,433,290,667,207,266,496,251,249,429,534,422,1118,399,875,869,956,654,530,611,815,492,334,442,621,413,464,404,242,689,1304,1215,705,147,307,230,195,125,306,276,184,242,211,174,373,134,182,370,277,138,243,457,322,461,178,206,451,356,460,217,269,192
sub-09,2718,117,275,2017,1319,806,166,1478,1120,311,166,267,533,304,643,156,313,369,217,113,123,134,95,105,367,366,331,389,221,297,404,165,157,152,218,191,310,431,265,332,225,385,487,454,424,230,331,353,258,346,873,1135,639,278,482,173,123,102,173,316,244,275,361,222,265,150,469,490,565,261,384,538,532,356,461,329,544,491,291,251,307,441,414,575,514,694,575,425,373,325,549,461,818,261,286,724,263,157,194,288,252,205,190,281,218,329,163,385,272,185,259,184,105,170,126,523,570,269,221,559,300,671,168,270,324,304,303,328,379,442,1031,417,647,772,826,476,368,565,329,219,130,345,306,417,413,279,333,797,1099,822,616,132,268,174,166,83,225,180,106,187,270,141,287,159,124,290,302,178,288,380,417,482,211,207,330,316,413,213,268,168,2618,184,308,2059,1461,962,263,1407,1001,453,201,171,521,303,649,213,385,513,212,149,121,233,127,83,348,198,359,373,236,385,399,151,162,96,214,269,398,409,341,375,220,381,360,431,458,231,364,262,219,401,768,1252,629,306,507,245,182,134,132,260,207,291,405,257,250,171,545,596,762,490,442,379,480,319,298,342,668,510,165,137,284,379,513,780,374,1007,417,360,416,456,652,259,689,286,162,652,245,200,270,351,166,154,117,289,234,261,178,257,218,217,291,194,119,132,132,457,531,217,171,417,273,517,130,213,379,231,227,294,442,344,966,349,629,815,672,457,399,463,595,346,287,361,445,364,400,302,285,620,1019,843,549,153,274,242,177,113,214,209,203,265,206,123,293,124,141,346,283,146,288,489,393,504,154,179,316,278,323,198,219,172
sub-10,2600,255,293,2234,1519,1037,237,1590,1277,382,242,308,540,371,717,211,459,554,245,173,191,243,202,170,409,498,460,302,259,412,435,188,182,225,298,208,340,451,309,388,216,566,512,630,539,266,406,356,346,473,966,1257,702,402,586,197,191,140,162,287,219,341,442,228,281,173,665,699,717,350,495,609,651,420,521,369,842,619,350,292,416,574,536,721,666,1127,692,473,462,354,676,629,829,353,369,890,317,197,220,378,341,237,230,384,382,359,190,383,275,157,280,177,116,165,157,612,664,305,279,574,264,788,194,410,423,323,391,326,447,583,1217,586,906,945,952,584,533,733,390,335,227,354,354,447,642,386,398,1012,984,855,719,141,297,219,191,153,379,173,194,219,338,153,429,170,144,292,312,200,305,498,597,500,259,302,479,402,507,201,291,175,3010,246,361,2655,1822,1163,338,1533,1172,388,310,256,557,391,743,223,478,598,267,190,136,293,153,113,333,319,351,377,240,396,443,297,221,155,257,289,391,510,338,375,300,416,368,517,506,233,469,358,264,561,908,1227,693,328,613,415,307,234,197,318,260,273,402,280,297,177,614,552,763,514,450,379,751,405,308,378,862,950,289,265,441,474,680,778,408,1062,507,439,420,473,751,306,826,293,252,735,269,256,345,422,180,174,132,310,213,303,248,256,210,265,323,176,141,122,137,472,689,249,188,463,243,642,205,237,505,231,215,474,548,424,1220,543,756,1096,866,608,522,538,827,543,307,430,650,447,554,410,332,643,1133,994,738,162,383,253,178,141,328,266,191,281,231,149,348,152,203,383,301,143,325,533,464,523,177,217,394,408,493,226,231,264
sub-11,3330,332,348,2660,1875,1350,345,1766,1219,461,150,299,607,414,658,199,454,756,292,206,251,287,259,153,488,454,602,451,340,565,578,201,197,250,298,262,410,610,331,482,278,458,602,556,583,287,349,379,411,458,993,1160,685,419,645,183,229,164,222,365,325,406,450,299,359,210,719,682,760,318,549,627,752,416,669,461,878,483,279,204,412,757,816,1170,767,1218,677,561,444,424,790,679,995,374,318,932,354,176,183,405,289,248,225,395,351,451,229,418,336,207,336,227,138,220,147,743,691,287,282,595,288,650,231,394,416,336,483,383,551,705,1359,620,954,1157,1050,741,788,1027,554,565,391,364,590,604,700,459,462,1319,1368,1390,1253,149,332,252,227,206,538,267,212,277,471,227,521,235,221,392,373,241,346,429,639,633,283,286,536,468,546,237,371,251,3732,284,491,2866,1906,1151,319,1583,1041,407,263,225,667,478,983,236,445,778,278,222,189,301,248,137,485,359,402,531,263,402,583,298,198,213,316,352,545,587,377,549,361,469,477,700,502,251,493,347,295,513,930,1281,659,367,695,328,369,339,260,373,383,388,599,341,315,220,662,743,871,735,600,456,738,513,488,409,794,669,265,186,507,698,857,973,524,1205,557,469,408,548,834,440,1037,379,231,792,307,363,309,498,242,212,161,376,306,455,298,275,297,331,400,262,147,163,142,805,848,234,234,470,279,520,257,334,612,255,300,597,612,522,1230,510,962,1116,925,766,647,761,970,553,403,544,637,633,628,387,446,996,1634,1554,980,180,338,283,217,182,333,276,271,257,224,213,490,200,242,570,334,182,364,612,507,553,217,290,493,521,533,279,322,331
sub-13,3202,231,307,2642,1832,1331,252,1587,1207,318,152,251,417,315,619,129,318,530,200,222,224,249,196,139,466,517,269,296,215,307,424,187,119,130,183,267,358,538,348,450,241,368,617,608,328,192,356,279,209,301,815,1000,697,347,607,154,149,117,165,325,261,369,508,256,338,122,645,651,617,354,391,554,690,397,546,300,538,486,301,210,350,552,549,849,581,941,554,480,372,308,543,551,906,306,252,883,308,202,164,319,278,195,206,341,376,410,193,370,344,187,319,204,105,184,113,495,773,314,276,640,237,780,242,377,425,324,363,377,448,479,1209,465,776,728,872,549,590,734,382,331,210,337,372,554,476,316,373,1429,1050,803,655,111,361,192,155,167,364,273,243,203,216,141,372,214,193,367,335,180,280,396,528,442,248,258,491,393,340,213,323,226,3202,296,375,2577,1826,1201,309,1654,1292,584,290,304,510,306,631,167,310,657,216,251,199,352,234,91,264,266,268,329,204,272,374,187,131,102,206,301,409,462,347,399,285,436,441,511,419,206,388,267,204,417,859,1122,704,366,543,314,195,154,151,334,231,368,525,324,305,194,801,696,896,589,509,371,689,450,315,304,607,647,254,190,376,424,658,930,361,998,403,452,298,427,691,335,823,353,224,818,308,270,258,339,147,171,134,283,219,358,244,286,253,242,299,191,122,146,149,379,606,202,205,447,275,613,203,192,435,194,228,446,432,337,1175,376,983,860,952,657,639,680,738,543,343,401,505,432,522,302,253,490,1180,1457,726,114,256,248,157,174,379,197,260,240,174,147,348,151,194,349,325,161,290,430,331,476,182,184,333,342,387,236,271,214
sub-14,3125,229,320,2500,1674,1240,294,1481,1126,316,199,288,540,359,659,204,426,615,254,211,219,234,178,128,462,409,423,335,305,463,446,172,153,247,400,180,287,410,263,368,199,435,465,484,475,229,323,341,338,461,904,1129,654,324,614,193,173,125,161,267,288,359,387,270,288,123,565,626,728,321,453,638,739,412,503,343,586,475,261,224,356,579,670,931,600,1073,608,526,446,398,562,447,991,270,332,630,250,157,227,346,273,229,206,310,289,361,195,392,300,159,245,175,143,201,190,595,636,310,303,575,237,590,182,327,338,271,422,322,524,591,1160,509,930,1050,887,661,738,831,408,510,266,376,450,531,789,385,320,1034,1910,1087,993,167,272,234,211,146,390,248,235,231,496,151,402,254,178,448,292,218,268,566,439,657,254,202,410,344,471,210,254,160,3523,257,363,2757,1872,1185,310,1384,1039,335,248,180,555,349,702,189,321,661,194,221,179,290,229,112,428,275,397,400,213,432,445,206,176,119,273,286,431,472,428,429,316,470,400,637,442,196,464,310,246,424,970,1497,598,297,702,341,245,190,171,321,271,346,497,282,267,173,666,622,861,588,598,453,745,422,299,323,628,937,298,207,411,487,843,969,360,1117,551,402,329,459,545,250,784,343,215,693,273,279,509,457,177,190,136,323,259,366,235,288,270,276,306,175,212,150,202,619,813,221,218,423,228,480,215,257,480,243,291,489,584,507,1169,599,846,1166,798,689,493,708,638,378,256,425,512,544,504,275,329,741,1492,866,723,168,273,264,222,176,352,219,230,292,254,131,408,179,188,432,306,187,281,498,317,580,190,194,415,484,564,221,260,208
sub-15,3157,309,340,2808,1994,1443,266,1600,1233,375,207,326,505,369,677,171,404,517,219,250,280,274,236,158,442,431,295,332,225,422,541,166,211,198,315,224,366,482,317,374,278,446,479,489,404,259,462,313,317,438,862,1215,683,365,525,217,154,127,203,330,262,332,405,244,306,178,646,861,633,411,501,582,601,295,362,335,702,555,236,231,212,332,399,580,468,863,595,501,438,372,653,645,973,339,276,837,390,247,224,328,255,212,197,341,295,308,204,338,264,197,261,202,120,165,137,469,678,367,253,536,241,788,241,399,472,271,338,501,594,666,1175,466,972,774,848,654,702,832,488,511,287,355,476,422,465,366,336,971,1104,1053,894,138,299,178,165,218,452,248,224,209,395,172,333,203,164,374,304,198,248,470,339,412,276,283,477,505,459,245,290,202,3434,261,553,2730,1969,1384,306,1480,1061,357,277,219,657,397,898,233,413,639,273,285,207,358,210,141,431,291,347,441,207,353,509,186,170,139,261,267,398,490,352,391,248,403,372,474,449,272,508,398,300,618,782,1237,657,330,501,303,279,201,168,301,231,335,412,292,293,195,698,836,864,692,519,417,721,392,296,290,631,650,226,228,313,348,583,826,349,1039,488,394,350,409,660,327,828,370,270,681,276,342,414,427,180,183,138,348,275,315,240,262,239,268,277,193,142,137,164,420,702,260,212,391,249,671,167,281,526,214,210,493,560,428,1048,356,954,872,896,694,644,613,783,461,344,571,791,435,518,408,251,735,1165,1309,907,197,358,226,143,160,311,386,294,221,225,149,357,181,173,415,276,164,259,514,308,488,222,283,420,404,410,236,250,197
sub-16,3986,212,377,3027,2044,1563,328,1816,1364,343,195,312,534,409,644,160,324,719,262,286,265,266,210,161,606,492,361,431,212,346,529,170,202,219,293,267,354,482,340,459,232,444,622,607,399,208,400,314,298,370,1089,1238,711,350,729,208,182,139,184,339,325,445,476,297,350,152,712,532,858,306,526,722,769,443,635,378,686,569,299,253,340,555,589,859,661,1213,769,552,498,419,706,671,1099,348,315,838,305,170,223,329,281,212,243,340,342,423,224,415,332,216,299,229,129,198,157,496,650,322,276,638,325,750,229,411,428,311,362,409,573,633,1254,603,1088,1121,871,714,674,928,470,364,276,406,507,562,532,387,291,1064,1840,1031,1057,133,310,213,169,191,386,350,258,195,327,154,496,301,230,423,379,219,321,618,491,612,300,289,513,432,531,271,326,213,3806,331,477,2980,2094,1362,361,1749,1290,370,360,230,583,464,714,200,311,749,187,262,200,336,261,152,481,355,412,486,282,444,585,328,224,172,323,335,464,586,351,438,310,445,492,536,486,204,458,374,272,468,922,1120,776,379,552,417,256,222,191,352,330,412,526,374,355,207,813,690,1076,697,501,527,730,499,353,375,821,847,250,234,404,503,632,815,421,1077,576,524,441,561,882,409,939,438,288,732,322,315,276,452,222,201,174,370,351,421,288,326,302,267,336,257,148,155,139,474,704,244,264,495,335,595,240,345,623,280,261,602,549,367,1296,540,1162,1092,955,740,783,838,857,619,319,445,429,556,511,273,353,782,1498,1410,708,179,406,297,203,179,472,254,285,345,253,229,398,209,257,466,354,199,338,643,413,525,241,302,528,436,520,293,296,270
sub-17,3130,274,456,2628,1969,1606,344,1943,1439,427,221,393,756,430,905,187,343,837,199,264,284,326,204,302,567,664,611,465,267,481,683,233,269,295,354,342,497,673,508,508,269,573,673,868,537,318,642,401,368,434,955,1227,798,424,788,224,225,182,215,362,355,403,506,309,305,175,1071,946,777,521,687,687,1090,520,805,492,665,599,367,241,418,714,703,963,589,1150,712,466,452,385,521,589,713,509,289,1134,472,314,243,402,361,243,426,511,517,458,352,427,406,236,379,272,120,247,187,769,923,390,279,741,343,838,280,560,523,302,450,343,554,598,1410,499,812,664,887,572,867,1010,544,500,299,575,565,522,502,311,512,1987,997,1099,947,193,271,278,214,177,488,336,249,257,446,259,572,244,188,402,382,238,379,494,508,641,591,450,711,372,295,297,354,277,3874,333,658,3233,2380,1686,418,1736,1345,445,350,297,795,428,1166,296,476,871,319,378,275,418,299,174,591,466,521,556,279,564,745,247,292,181,307,282,476,584,416,489,299,454,511,976,468,241,433,256,287,515,1052,1460,732,366,881,345,267,259,206,335,285,457,593,365,342,183,790,892,1155,804,641,558,830,595,456,398,700,814,371,241,598,638,837,1057,462,1253,627,523,384,527,594,254,739,337,126,995,405,434,411,478,208,222,166,431,347,465,317,402,304,283,337,220,281,192,235,467,608,264,229,516,315,772,271,398,527,261,325,538,475,353,1388,531,844,1233,1191,830,565,694,619,482,458,752,944,389,536,349,300,901,1535,1325,968,239,303,357,233,227,365,477,419,327,340,193,548,205,252,414,363,199,369,610,360,609,264,344,599,365,501,294,273,217
sub-18,3108,206,330,2673,1864,1432,282,1709,1190,446,325,428,520,370,599,149,300,680,210,294,323,297,170,138,609,485,315,478,192,355,448,161,162,189,233,225,405,500,348,463,285,510,459,472,417,224,414,353,313,373,862,1057,757,399,570,276,207,164,201,282,292,406,462,263,297,178,897,827,851,463,538,650,1071,341,535,377,722,660,279,352,303,519,831,1313,743,1274,616,512,400,395,526,497,831,332,305,759,315,211,255,407,366,266,285,388,337,309,207,390,288,194,295,151,138,178,163,526,773,311,270,587,275,679,221,362,428,271,444,402,619,777,1277,678,1050,1157,1022,747,634,874,542,395,215,297,485,568,521,382,423,1239,1905,1260,994,121,282,252,203,222,369,270,215,217,331,162,510,212,154,277,337,224,319,495,468,587,309,243,502,498,634,204,296,196,3421,243,403,2516,1794,1153,380,1625,1163,476,436,360,580,412,714,199,371,860,209,192,186,337,179,117,444,288,428,569,250,347,468,236,189,189,405,311,452,536,361,418,333,363,430,445,437,235,411,314,243,471,900,1256,737,343,516,497,173,170,150,348,244,454,594,313,316,203,835,688,1078,670,585,504,1050,401,369,370,699,915,338,271,449,447,948,1225,499,1341,567,494,373,494,596,225,631,313,244,705,315,253,334,473,207,212,145,329,264,331,246,319,232,298,345,173,181,155,142,526,666,248,222,475,242,578,221,240,554,228,293,441,602,554,1186,477,896,1138,1029,799,536,718,826,500,413,434,655,482,558,362,370,750,1528,1835,989,148,278,324,204,158,340,257,223,275,281,236,537,149,170,277,317,178,311,572,443,537,221,234,414,416,524,228,320,204
sub-19,2605,217,272,2232,1633,1171,255,1918,1326,408,199,347,517,335,647,162,311,579,186,236,259,215,170,152,362,506,456,323,276,437,487,201,188,217,249,258,361,598,346,445,271,624,608,602,574,272,490,422,370,468,1029,1401,767,349,612,199,227,144,202,358,358,419,502,302,291,157,804,779,734,382,440,508,920,345,503,399,738,478,208,207,239,489,764,1042,548,925,501,459,403,333,569,569,788,356,315,820,329,223,229,407,348,253,223,334,288,379,180,382,277,240,310,188,129,186,163,562,736,344,257,609,313,808,236,344,327,247,383,321,402,482,1118,517,769,785,883,569,682,758,395,447,239,335,369,435,501,298,431,937,1196,1169,970,147,263,203,159,161,381,196,216,203,346,170,421,221,176,339,446,246,256,361,439,510,254,267,439,350,428,228,322,193,2992,245,467,2369,1524,992,274,1555,1098,424,247,225,543,328,821,226,427,649,233,181,156,298,195,106,382,329,485,408,310,412,587,256,168,112,225,300,537,542,421,570,342,496,540,788,562,240,493,259,253,471,852,1204,651,429,928,299,230,179,154,389,289,415,580,297,288,217,807,879,898,765,511,414,650,377,319,347,686,610,179,146,329,416,696,1115,431,1054,439,426,326,400,586,306,789,398,193,978,368,380,385,594,214,217,140,352,336,362,210,274,226,245,361,223,159,144,174,499,656,272,203,443,276,701,207,238,480,197,254,416,547,420,1031,422,938,928,1010,735,581,670,795,417,239,499,492,441,461,354,391,888,1180,988,644,149,324,289,182,156,308,233,217,299,235,153,399,184,191,401,332,181,291,455,379,525,192,248,388,461,425,234,325,249
sub-20,4282,259,470,3393,2103,1486,287,1986,1271,473,237,436,643,496,782,183,378,709,347,343,294,273,266,170,497,514,380,555,250,468,617,211,221,312,438,199,300,510,313,386,284,461,543,670,483,294,406,465,429,503,1189,1420,815,342,720,260,218,171,211,349,248,351,469,276,373,123,760,775,739,401,616,758,828,513,752,410,611,673,307,310,313,579,681,978,607,1386,781,505,427,375,519,428,808,349,353,942,379,237,239,374,305,227,215,394,372,439,246,488,378,206,324,191,155,197,153,567,724,262,261,521,409,479,266,388,462,257,421,465,507,679,1320,759,1340,1043,701,664,879,1083,572,507,257,485,458,456,518,451,366,1080,1733,1569,1001,156,331,235,181,235,468,359,340,221,432,253,465,231,209,364,378,214,336,588,568,493,269,299,585,589,720,274,324,248,4200,452,562,3273,2122,1464,428,1974,1320,502,328,295,791,463,926,320,602,838,392,319,272,454,357,134,572,389,483,504,274,432,592,304,274,197,343,336,511,648,395,449,295,433,444,720,517,268,378,322,264,630,1130,1441,765,402,707,428,293,191,197,345,256,525,630,426,345,214,1007,823,1151,668,634,544,946,485,374,405,914,778,270,219,415,360,888,1019,456,1437,745,402,454,493,759,374,875,373,280,933,436,401,350,498,225,191,162,362,313,403,309,310,283,279,379,243,177,156,165,475,550,224,221,394,344,566,228,341,724,237,326,594,706,526,1162,418,906,820,792,628,716,818,937,683,494,604,812,523,649,503,259,788,1607,1318,891,264,322,313,241,252,497,419,393,289,287,243,513,188,230,378,378,164,340,731,385,417,231,243,516,499,449,310,279,169
sub-21,3112,322,501,2600,1922,1375,312,1748,1346,447,223,449,436,416,855,185,453,690,256,250,292,295,206,158,435,617,480,337,277,491,523,195,178,209,334,216,377,617,344,462,258,574,646,781,494,231,477,310,301,402,964,1347,767,419,769,199,196,153,212,345,311,345,492,258,300,144,815,798,644,469,505,579,828,466,628,359,738,616,358,289,353,495,555,868,581,1011,714,456,449,397,680,525,797,245,208,1101,392,273,240,348,290,200,230,342,344,375,238,446,297,201,295,174,144,185,133,521,817,308,283,729,215,511,230,380,426,291,403,401,558,661,1106,576,1100,808,668,582,971,1096,506,687,325,503,519,606,531,420,298,1022,1827,1455,1122,214,321,192,192,226,556,282,255,228,401,219,450,198,155,315,331,193,302,499,458,387,312,280,480,451,545,241,358,245,3012,288,617,2556,1902,1272,416,1651,1107,398,243,193,689,443,873,234,409,915,291,245,213,381,252,127,519,425,405,522,258,492,605,216,219,162,331,308,484,528,339,483,338,401,504,872,453,203,437,261,209,430,778,1191,720,401,804,314,296,216,194,390,248,417,565,304,314,206,640,745,934,759,542,425,587,430,410,392,754,632,229,160,426,618,889,1030,536,1055,485,424,335,425,613,281,734,374,225,838,309,414,324,412,184,192,169,380,318,378,298,280,258,245,380,210,161,151,144,316,659,211,204,507,213,563,223,344,611,214,316,554,617,498,1184,479,1035,1092,863,776,681,880,763,506,412,553,731,479,544,414,216,764,1576,1363,837,212,208,271,220,182,333,335,307,226,306,194,526,131,169,300,332,180,325,501,508,561,239,263,491,471,545,274,303,195
sub-22,4190,331,371,2903,1894,1426,296,1712,1295,387,313,368,476,375,703,142,338,515,209,304,216,220,265,100,363,426,415,269,300,428,507,178,182,202,295,212,352,504,305,382,220,489,566,551,626,239,352,228,273,349,860,1122,719,347,624,281,196,138,177,301,252,349,477,247,273,140,596,515,720,260,481,674,683,371,602,372,691,899,263,317,334,717,531,802,608,1017,680,480,461,420,631,533,852,335,177,812,312,148,279,378,258,221,196,280,206,348,175,413,304,211,277,204,158,180,164,365,486,249,278,585,388,677,195,276,392,277,467,341,478,573,1256,552,914,1045,885,577,655,668,451,474,337,387,515,404,489,343,221,809,1217,1071,951,123,253,243,211,184,437,309,280,193,352,188,502,179,134,277,295,197,265,456,546,549,212,186,404,384,578,229,282,217,4031,299,332,2819,1912,1256,330,1710,1068,582,260,276,586,402,692,208,411,668,224,221,174,357,235,118,463,340,413,428,273,467,500,224,255,112,271,265,419,512,311,459,261,493,461,666,510,293,478,309,252,531,785,1149,703,464,700,290,208,157,116,340,198,427,514,331,320,195,596,614,941,591,449,419,592,353,367,412,679,678,171,145,358,712,837,1022,469,940,412,463,395,512,726,348,833,377,224,933,326,306,370,404,174,174,134,322,266,376,238,280,271,254,358,238,200,136,163,294,620,251,201,392,344,581,198,251,474,244,248,403,555,425,1021,471,800,895,844,583,533,708,836,408,326,382,527,456,527,355,228,633,1304,1199,745,152,313,216,198,161,335,282,242,268,259,161,383,143,196,361,294,162,322,423,442,434,207,215,368,386,407,236,292,156
sub-24,3326,195,295,2558,1695,1239,280,1939,1544,433,246,366,626,413,561,222,420,542,254,207,243,254,189,154,489,659,474,348,259,433,527,178,198,267,363,275,415,559,393,540,294,579,753,842,587,282,496,548,390,539,1118,1400,863,433,699,240,165,133,184,375,337,565,646,300,280,191,1111,880,926,465,433,678,1112,608,700,399,744,729,424,286,500,637,756,968,745,1051,601,491,497,395,714,738,1009,451,511,1067,416,257,323,384,334,268,228,377,420,375,183,525,331,236,282,228,191,202,193,563,709,373,323,651,355,867,214,480,450,325,386,416,541,640,1189,660,1052,978,975,631,799,763,423,480,299,311,472,703,626,341,474,1123,1663,1184,1041,125,289,215,180,177,372,220,215,217,391,277,455,238,159,488,356,224,346,559,541,518,293,330,528,537,519,214,397,217,3724,238,428,2655,1697,1043,326,1902,1292,782,345,401,557,504,768,244,511,656,274,158,125,306,200,140,522,445,563,441,325,445,556,189,245,203,428,311,479,601,422,459,357,676,540,730,554,263,651,338,322,556,895,1437,825,478,552,339,265,239,220,413,289,466,710,341,357,252,913,861,972,674,586,511,839,434,341,411,863,852,270,213,411,428,894,1217,501,1453,607,483,421,493,764,439,892,489,260,1094,459,441,461,547,194,200,148,360,369,422,311,334,306,255,387,261,212,171,198,350,867,240,234,437,364,609,197,330,568,242,221,446,572,499,1167,586,881,1432,1012,661,581,560,882,589,322,439,611,560,519,416,291,880,1718,1266,778,158,356,254,174,114,336,277,193,262,344,255,378,201,243,579,338,200,397,602,351,657,244,264,468,415,547,276,349,254
sub-25,3225,266,381,2678,1937,1496,299,2191,1529,585,340,602,438,351,727,120,300,596,215,298,271,252,246,133,663,532,461,317,251,458,541,192,142,211,241,263,482,594,392,552,321,626,725,675,627,245,561,573,430,475,903,1090,816,427,704,263,194,154,252,407,322,471,606,324,414,142,908,838,790,363,440,636,967,316,492,327,696,636,314,391,291,439,596,884,648,1066,572,598,500,399,676,618,909,323,442,1212,448,257,239,408,281,245,220,368,278,393,213,352,287,191,281,204,137,173,165,382,689,312,281,585,264,773,223,400,471,284,405,473,602,649,1297,655,872,979,955,639,622,800,433,395,265,398,492,537,537,381,302,963,1663,1081,962,121,319,228,182,201,403,321,282,255,329,189,418,223,231,368,338,215,281,502,404,452,277,257,483,593,524,242,381,233,3112,323,430,2416,1599,1103,298,1911,1417,508,328,304,492,476,750,175,361,612,237,197,221,316,251,120,385,391,404,431,271,428,648,282,247,161,305,342,504,579,391,554,380,444,533,741,518,251,429,445,349,532,984,1572,832,469,749,352,305,285,239,386,284,407,564,403,415,188,758,792,1065,680,557,483,765,366,332,380,868,706,262,209,368,420,752,1051,454,1333,525,516,396,490,709,330,766,409,387,1038,364,369,344,519,234,199,155,347,396,485,304,316,289,326,401,257,169,152,163,637,787,220,213,418,318,595,259,258,551,213,265,596,587,510,1208,537,1171,1214,1135,724,592,617,746,388,307,467,524,611,614,342,485,1002,1396,915,705,145,330,279,173,209,366,285,242,300,219,154,397,159,249,411,393,172,328,630,419,464,235,241,433,509,601,282,303,272
sub-26,3708,292,368,2866,1771,1269,277,1582,1302,405,164,273,584,351,624,155,338,557,219,235,280,299,229,148,379,398,296,317,245,322,484,146,190,182,235,173,319,526,289,382,242,491,571,481,488,296,400,399,352,420,1040,1100,708,438,548,197,154,123,197,330,321,353,459,266,299,134,512,649,694,316,478,708,574,407,559,330,720,558,307,241,313,568,575,847,757,1169,695,514,523,426,649,505,911,305,234,796,274,175,229,379,284,234,223,295,323,453,225,431,350,157,277,169,126,183,148,478,579,272,254,609,328,607,251,360,413,265,346,376,502,639,1315,708,805,1025,844,590,546,692,417,513,293,401,474,404,462,353,351,850,1088,917,796,164,270,200,167,196,438,242,224,186,303,168,395,174,144,311,321,201,289,631,598,517,268,278,434,507,537,248,329,252,3756,304,462,2663,1735,1147,294,1438,1074,468,252,217,588,415,785,213,377,647,256,215,174,309,216,102,392,239,351,365,264,362,505,305,199,117,242,290,473,542,367,438,274,534,393,447,518,195,494,267,244,344,831,1250,664,404,514,327,241,174,147,276,259,407,527,300,299,173,666,606,897,534,534,473,680,457,342,392,723,750,278,192,518,691,875,1013,538,1163,502,453,369,462,580,281,894,352,167,674,288,222,396,456,191,200,144,335,292,401,256,294,276,274,331,210,169,150,173,403,635,202,210,446,334,457,242,282,509,258,242,671,448,380,1298,505,753,959,767,631,525,640,581,491,324,499,692,415,432,356,293,773,1306,1141,708,176,375,257,180,157,373,328,257,281,212,126,336,180,198,407,318,183,319,525,568,519,186,245,405,481,470,264,261,215
sub-28,3374,199,379,2570,1760,1268,315,2097,1538,545,219,410,536,474,764,177,357,652,209,225,266,274,201,156,495,512,504,441,298,533,536,290,230,308,416,219,420,644,331,472,294,421,574,571,606,255,552,442,359,472,1128,1350,814,533,744,232,289,211,236,359,350,471,571,320,355,148,819,862,930,386,480,766,745,523,761,431,840,640,329,283,361,798,829,1396,991,1475,748,593,617,444,646,536,939,312,328,898,375,233,273,465,352,240,221,365,375,416,226,462,337,191,302,216,156,219,173,644,734,259,248,583,258,646,251,370,423,276,470,412,514,699,1298,699,1139,1078,945,657,775,906,568,448,212,433,403,518,468,348,515,1161,1845,1162,970,154,267,251,220,205,398,240,223,245,499,245,470,258,195,358,352,240,343,667,736,570,300,294,540,506,592,216,375,245,3710,231,481,2762,2090,1416,375,2033,1304,460,304,280,668,409,881,225,371,784,209,287,208,340,234,122,528,346,441,511,261,505,575,238,259,132,282,388,537,598,390,536,362,454,616,742,431,198,583,283,218,414,955,1456,832,506,821,389,367,218,193,438,303,490,752,310,314,230,1020,905,963,691,676,460,781,512,448,483,1051,776,257,180,519,590,810,1423,612,1751,654,446,486,535,736,334,851,409,183,1003,342,351,430,468,193,196,150,337,265,465,292,341,323,279,410,283,216,171,178,547,808,215,196,453,286,634,230,259,549,223,296,557,563,441,1195,513,1077,1087,1071,803,670,717,808,488,354,511,683,531,486,296,375,794,1673,1260,817,180,271,267,205,175,344,318,349,219,261,157,478,196,208,356,340,198,371,812,637,564,218,228,414,497,525,267,343,249
sub-29,3911,226,380,2780,1700,1144,284,1751,1281,532,218,404,448,330,675,141,330,611,166,203,249,280,180,122,318,493,399,237,230,454,486,160,188,185,289,221,338,446,334,420,243,498,588,467,490,251,574,413,317,445,876,1372,736,346,576,174,158,130,167,326,264,355,476,286,407,193,553,675,780,406,645,749,541,435,611,372,757,592,294,226,378,571,417,677,604,1094,864,565,520,392,731,645,851,360,302,764,340,197,195,335,288,202,207,316,360,346,221,483,316,190,295,187,148,184,150,501,798,430,295,636,368,994,194,383,401,321,396,374,524,588,1211,494,855,795,931,540,594,817,367,338,231,358,333,435,429,297,316,1103,964,749,724,144,310,217,181,190,431,160,196,172,377,161,436,205,204,326,292,203,333,610,495,513,263,225,464,390,409,226,288,222,3935,282,432,2751,1602,999,338,1576,1115,432,317,219,465,351,727,188,389,852,222,185,135,302,196,129,314,337,335,428,262,422,488,222,200,142,225,294,455,547,359,509,340,402,453,664,383,200,477,257,251,462,831,1282,700,396,678,316,305,217,220,377,289,444,527,360,305,232,732,654,1013,567,537,469,689,369,316,387,846,673,229,193,347,554,575,958,462,1093,476,469,401,458,815,349,806,412,185,803,316,303,304,427,192,176,131,303,254,371,240,282,259,278,368,236,135,154,145,441,630,218,215,473,307,703,215,288,624,222,218,572,555,379,1173,415,852,895,1166,632,603,815,775,412,303,448,574,386,519,371,266,669,1048,1310,755,152,358,238,160,148,380,209,220,224,218,129,404,166,189,385,311,170,322,502,473,583,201,249,423,395,355,241,317,236
sub-30,3307,171,350,2457,1469,957,256,1741,1382,413,206,311,476,346,714,167,388,629,198,150,175,214,165,104,482,448,478,389,342,439,554,186,191,230,327,286,405,605,419,433,249,442,594,510,567,311,260,415,411,560,1030,1187,837,385,511,205,188,121,167,372,281,350,436,269,292,145,540,686,642,336,549,541,580,300,431,327,670,487,234,217,249,430,424,668,575,996,637,480,416,365,659,550,852,310,340,918,321,219,229,363,280,246,190,309,252,347,199,375,264,172,274,167,132,188,174,588,635,302,273,618,345,717,200,292,317,262,409,300,493,600,1162,547,920,1061,904,691,614,826,477,393,207,359,442,402,673,343,332,1004,1664,1189,1013,133,256,194,178,136,340,191,197,186,451,254,471,179,156,324,313,204,286,436,423,550,207,202,381,340,511,208,289,208,3093,370,452,2248,1518,1040,331,1478,1126,255,218,167,481,381,807,211,424,667,240,198,151,284,281,108,449,249,512,510,289,459,573,238,199,150,334,321,507,572,367,395,299,545,381,579,654,247,495,431,335,533,834,1189,696,289,567,246,246,189,180,346,228,376,451,377,326,220,433,615,867,507,469,428,501,403,368,331,668,556,177,146,387,490,848,1027,465,1119,457,473,442,507,729,354,1007,310,336,560,192,230,368,397,165,194,134,304,256,326,205,283,245,278,316,213,197,138,158,450,667,228,184,439,248,634,181,235,441,243,268,400,534,409,1042,384,883,920,778,582,697,709,735,629,469,480,735,465,594,313,258,760,1446,1327,909,173,303,246,198,165,437,293,323,250,285,229,423,157,180,375,304,166,298,572,341,513,178,195,375,361,447,214,293,201
sub-31,3476,254,326,2866,1911,1464,320,1929,1420,410,269,345,472,475,639,153,333,576,230,298,257,273,257,200,499,606,562,324,273,460,611,303,185,281,397,281,498,783,438,533,315,693,793,696,571,298,659,524,398,442,1174,1761,790,482,898,287,251,152,207,423,388,508,597,346,368,240,677,682,909,412,548,677,752,494,617,471,917,887,314,350,327,551,555,962,819,1436,744,566,512,406,774,716,934,466,241,1016,348,208,305,448,397,282,235,451,440,392,227,497,351,226,333,222,165,248,172,674,829,306,277,610,348,668,268,444,413,277,380,364,472,550,1330,612,1124,997,805,572,862,873,473,553,377,361,631,492,469,353,458,1520,1293,1202,1089,141,325,209,171,188,444,323,319,240,457,322,407,248,200,372,363,246,351,530,649,495,310,334,538,441,531,266,411,248,3279,427,500,2676,1811,1210,326,1980,1181,376,262,224,515,416,815,185,318,843,239,278,209,366,342,118,430,366,758,502,383,564,605,252,174,167,431,325,544,651,443,655,319,633,549,793,757,253,593,448,369,598,902,1270,764,432,964,334,318,264,215,345,293,471,580,354,372,243,759,761,1103,620,496,545,777,654,491,476,895,1012,431,238,599,680,649,1034,434,1201,545,517,436,609,849,333,735,430,334,968,316,347,337,477,207,232,148,388,359,387,249,324,289,248,427,215,185,161,192,421,783,227,228,460,236,530,229,250,554,229,294,549,634,447,1338,527,938,1106,872,752,721,863,907,669,500,487,824,618,754,405,270,778,1700,1372,942,173,302,338,191,212,473,305,380,300,421,273,502,211,237,401,311,182,410,601,568,550,205,258,414,483,518,248,296,244
sub-32,3368,270,377,2620,1787,1456,371,2295,1636,606,239,406,412,485,783,183,448,812,217,245,268,308,193,213,665,596,550,455,341,489,495,218,237,366,448,267,450,654,381,617,289,616,761,541,677,384,581,525,498,529,1344,1534,904,507,705,264,206,120,172,429,378,573,645,365,377,226,888,1078,932,471,636,746,858,504,751,446,876,601,309,304,361,573,652,1031,729,1516,908,611,579,432,762,698,983,451,340,976,451,276,299,415,379,260,215,408,516,488,218,486,411,201,336,197,175,234,189,889,813,317,262,672,293,611,253,502,490,317,496,389,746,765,1319,800,1253,1332,998,779,1085,1051,664,692,264,433,413,543,690,364,605,1399,1832,1674,1296,174,321,272,218,189,537,270,260,253,454,296,582,303,270,410,336,260,346,666,499,538,324,337,609,558,664,242,432,233,3479,502,536,2788,1914,1402,491,2113,1379,494,323,274,608,450,840,247,463,887,281,249,238,417,373,142,541,364,470,499,307,531,556,285,279,226,357,382,600,637,412,624,399,515,595,881,569,215,568,307,258,473,1127,1648,814,615,1054,383,309,184,204,404,305,458,657,369,330,261,906,869,1030,749,584,542,869,668,522,436,952,956,403,283,495,562,708,975,425,1266,642,484,503,524,889,378,917,402,209,1146,403,361,441,589,263,241,164,376,364,479,322,324,340,316,370,189,220,180,211,954,996,256,231,520,280,617,233,339,614,294,346,537,586,548,1295,604,1103,1229,1034,696,778,797,753,709,601,517,892,532,699,491,523,1120,1558,1252,1051,217,349,343,246,241,565,304,368,284,313,186,544,189,213,399,320,231,374,725,460,587,237,303,544,519,616,274,333,258
sub-33,3259,221,299,2497,1631,1268,271,1535,1256,505,152,278,601,350,625,197,439,462,242,206,253,222,205,176,556,450,361,433,268,355,417,180,148,195,247,227,382,538,370,408,228,632,468,501,546,316,655,459,362,526,940,1312,729,435,561,155,179,147,178,294,271,352,406,307,329,172,797,760,741,419,544,657,700,375,538,435,694,470,251,198,314,437,496,731,599,1137,805,503,473,342,571,542,823,399,337,946,399,223,257,360,323,249,240,401,369,428,236,424,355,182,325,190,135,208,154,503,988,335,282,649,312,859,247,427,437,284,345,464,517,643,1151,695,872,830,886,510,641,631,453,333,312,332,481,514,570,402,328,1020,1156,1094,1044,132,307,191,186,192,336,256,226,221,316,180,368,205,194,312,370,207,315,565,485,473,308,312,522,603,512,257,274,225,3501,184,446,2752,1823,1247,353,1489,1146,661,296,286,623,308,940,263,525,600,292,210,200,310,178,133,388,313,314,447,238,358,432,218,146,107,205,264,455,501,394,400,261,400,421,501,432,256,581,406,279,594,878,1441,698,399,514,316,181,145,129,355,292,380,549,287,291,216,573,712,830,689,597,408,597,465,420,405,831,725,270,185,383,438,651,690,379,1274,623,404,441,452,678,299,840,342,339,823,306,324,374,452,198,190,154,338,281,426,281,280,284,293,312,196,166,145,164,445,915,258,230,491,219,743,212,290,501,229,225,466,547,446,1144,485,1047,1108,1128,758,652,535,770,394,308,512,670,580,675,415,286,677,1464,1331,823,151,317,222,182,147,246,333,253,231,191,170,350,164,176,406,347,167,355,623,375,591,215,249,445,428,482,278,305,224
sub-34,3111,153,309,2593,1685,1149,266,1678,1189,411,223,305,405,356,647,149,327,564,202,152,182,233,131,131,421,462,501,277,323,412,472,188,163,195,267,213,376,528,310,372,240,499,469,517,648,263,401,387,368,417,944,1245,733,322,506,202,208,130,212,322,306,346,392,277,264,150,640,716,741,447,541,591,660,337,450,359,700,611,296,275,264,355,440,672,462,1042,764,465,460,391,701,572,852,295,356,822,352,230,232,448,377,264,197,312,336,359,193,367,305,165,251,151,110,172,148,792,596,300,261,656,296,717,238,306,369,333,392,336,419,567,1258,603,783,904,858,584,476,662,385,287,147,327,262,523,451,295,543,1240,1316,737,570,113,325,191,185,134,248,137,142,244,333,223,421,193,144,357,314,208,273,540,363,543,244,222,396,376,447,203,276,187,3288,267,515,2441,1511,957,273,1649,1014,449,281,207,579,385,750,233,372,703,256,117,164,323,214,100,449,281,395,386,284,439,528,206,250,147,287,309,431,491,313,418,241,559,420,492,498,192,525,298,291,410,767,1095,686,375,511,378,226,198,181,312,234,303,453,323,325,191,763,712,752,542,517,414,643,369,350,327,689,669,230,191,444,635,851,907,415,1006,450,455,361,472,708,352,861,341,220,795,348,261,367,432,207,182,136,352,280,334,235,250,257,222,277,165,137,138,135,356,703,265,222,503,298,636,203,227,441,270,330,410,529,420,1176,522,981,1036,863,701,663,751,791,454,329,500,535,527,487,362,218,722,1418,1093,712,163,311,240,237,174,363,206,181,257,256,149,444,169,190,411,286,160,267,468,444,483,190,189,350,409,496,220,251,229
sub-38,2958,182,429,2410,1646,1169,275,1840,1409,409,233,346,536,387,697,203,347,528,221,229,223,187,165,137,404,501,347,300,205,343,632,209,234,240,312,229,375,545,344,413,328,565,637,623,504,189,522,497,326,385,1093,1322,763,447,854,323,159,111,181,396,299,394,505,294,291,183,861,864,790,429,582,603,890,396,607,338,765,783,322,338,348,533,527,806,545,921,729,419,484,329,726,669,756,361,351,1002,408,254,300,376,320,234,204,326,310,402,212,396,353,218,299,192,121,216,159,592,734,296,238,553,315,681,216,384,359,266,415,359,448,615,1409,613,1171,946,947,630,703,625,390,334,208,411,402,480,654,350,362,1000,1494,972,1035,198,259,214,179,152,269,203,219,218,308,226,398,222,168,346,338,206,294,496,568,512,289,258,504,458,545,241,337,242,3081,324,436,2454,1699,1091,326,1763,1126,418,294,272,530,423,850,172,285,686,197,179,206,336,264,104,297,325,289,365,262,335,611,291,182,148,245,301,449,543,371,459,308,418,464,504,403,237,591,439,265,458,907,1364,738,423,628,368,273,269,213,353,308,360,574,322,288,193,760,792,903,658,624,454,777,492,494,422,705,768,306,224,471,631,658,831,423,1091,563,445,350,484,693,352,751,361,318,885,364,348,326,403,182,162,134,322,255,390,248,316,306,295,346,221,169,160,154,467,901,219,178,393,244,635,205,259,469,196,237,457,506,403,1444,525,979,1102,968,643,681,703,801,563,477,496,595,637,573,276,278,641,1483,1486,884,150,273,226,171,157,364,257,278,256,195,187,383,149,181,362,354,151,341,506,517,593,193,224,404,402,469,248,297,285
sub-39,2424,198,294,2151,1672,1310,209,1622,1240,413,176,313,491,365,613,151,343,407,276,251,223,197,170,113,302,445,407,250,239,373,445,213,127,195,264,196,343,590,291,383,275,477,470,572,473,217,459,384,360,437,1030,1278,740,462,626,160,200,139,179,264,187,288,402,211,236,160,610,683,614,345,518,561,641,248,381,313,577,441,213,228,199,318,406,644,466,923,604,389,376,363,672,624,728,291,339,939,307,205,214,381,273,237,197,249,215,350,218,327,251,159,252,164,118,169,153,610,691,274,252,565,237,636,174,252,295,259,352,323,391,538,1139,492,981,901,854,573,711,689,379,457,223,329,471,542,762,402,346,743,1319,1238,995,128,261,190,173,166,319,290,231,235,332,219,285,149,159,265,298,201,260,454,309,520,220,179,319,311,430,217,240,189,2505,196,370,2242,1679,1136,274,1425,1104,407,218,213,561,387,583,193,367,481,250,198,147,262,175,96,406,304,389,416,231,426,409,212,186,147,330,283,429,505,311,397,306,339,405,528,373,198,473,297,265,440,882,1290,671,327,473,260,214,149,139,355,222,372,492,287,312,207,508,552,737,615,456,404,544,326,303,345,698,533,192,151,375,476,722,739,377,819,449,403,377,447,832,332,851,321,243,710,233,258,296,480,174,177,130,294,249,301,205,246,204,238,287,191,137,136,142,555,753,198,195,409,202,509,169,225,465,193,220,426,506,454,1103,425,735,975,802,505,422,498,788,366,270,392,488,509,568,385,319,733,1521,1269,803,137,315,261,168,126,224,317,198,246,286,162,325,136,185,317,309,151,281,511,330,556,161,198,348,367,465,235,256,164
sub-40,3323,329,354,2748,1950,1406,303,1890,1398,426,211,387,585,526,666,176,361,588,249,246,302,288,267,197,395,578,505,330,322,542,507,239,194,343,363,224,385,696,309,440,334,680,498,687,668,275,420,362,357,395,947,1402,849,509,733,192,241,197,237,365,369,538,526,325,373,204,574,634,850,442,538,759,722,638,797,492,814,639,435,296,506,802,680,998,801,1270,731,552,460,403,730,635,848,439,326,1056,300,259,303,510,439,294,261,396,397,524,275,518,423,222,365,202,177,250,194,800,706,324,273,623,298,544,285,440,464,282,344,477,511,739,1481,919,1149,1433,753,587,778,940,397,399,324,347,437,461,484,363,647,1114,1231,1152,843,119,356,176,151,238,517,229,243,235,387,284,336,272,199,401,432,253,379,597,652,518,346,318,551,620,799,325,418,263,3610,374,504,2897,2049,1331,401,1873,1253,435,307,260,564,369,862,170,354,869,264,227,222,343,308,145,493,404,490,717,274,509,596,213,156,122,256,380,617,618,391,660,312,525,577,778,584,226,580,438,302,418,931,1497,803,452,822,343,249,188,194,347,307,438,680,344,330,210,824,790,1000,688,664,533,763,483,527,449,961,757,284,211,511,765,664,1047,525,1493,742,447,502,487,802,303,817,479,344,959,353,357,360,497,224,208,161,378,361,510,294,350,363,313,424,300,192,184,199,664,834,234,250,461,261,481,245,349,538,217,320,539,662,490,1312,559,1158,1076,799,766,754,873,896,577,480,553,771,590,589,359,331,764,1895,1419,929,156,319,355,214,196,460,286,306,316,248,189,476,217,244,512,369,212,373,770,544,558,231,284,491,459,449,278,312,255
sub-41,3410,229,324,2654,1813,1298,262,1914,1393,353,271,368,548,433,765,174,403,551,229,260,226,214,209,175,611,531,469,403,396,528,513,175,224,265,317,272,400,526,416,435,247,596,537,662,643,316,522,341,344,481,1000,1311,783,468,660,208,180,136,180,296,317,389,522,298,350,168,887,885,760,388,510,723,784,367,523,379,813,528,270,229,250,401,532,789,579,948,759,504,479,422,628,586,919,329,283,838,381,229,228,371,340,268,239,424,400,402,182,431,365,177,344,194,144,204,179,656,706,338,269,555,455,779,226,420,370,273,348,385,439,469,1451,573,794,1055,908,694,513,599,443,396,284,347,575,462,484,390,459,1113,1235,1017,864,143,285,181,168,165,314,311,244,187,439,205,389,224,167,341,350,233,330,528,525,521,286,303,489,451,413,227,322,198,3519,250,496,2711,1960,1315,381,1790,1288,628,313,346,691,458,863,243,460,807,231,252,199,328,216,133,412,312,402,459,242,428,547,223,234,165,296,326,466,502,374,448,291,401,488,561,391,237,581,336,236,543,947,1301,754,470,594,340,210,150,143,405,284,380,525,391,381,210,664,634,988,680,592,507,675,430,364,349,767,683,288,193,427,492,614,781,381,965,569,478,481,536,687,325,900,351,258,868,321,290,334,494,196,225,159,354,283,439,222,305,287,269,377,224,149,168,171,495,801,223,231,412,360,621,235,268,572,224,225,640,518,366,1376,404,727,912,967,645,456,615,808,430,329,564,707,578,623,393,367,683,1392,1319,840,204,336,275,183,168,274,350,248,247,254,177,453,214,267,500,375,199,310,625,423,581,212,273,430,385,312,284,285,230
sub-42,3489,254,322,2756,1886,1424,334,1752,1272,606,168,365,531,263,687,195,430,716,262,258,314,312,215,152,524,519,398,422,282,364,471,161,144,154,214,230,342,487,346,453,256,525,659,563,527,306,434,323,321,475,1003,1135,675,499,637,208,153,117,162,356,260,489,540,273,298,148,843,803,879,369,457,674,695,336,667,417,612,462,281,200,327,572,588,897,551,883,561,491,390,365,492,543,878,372,299,913,379,213,211,364,351,219,195,339,343,469,216,392,371,216,319,221,112,209,147,467,624,314,250,509,302,781,231,432,394,282,462,355,512,528,1249,447,853,836,956,643,626,889,448,375,267,398,525,438,659,438,320,953,1285,1174,1109,148,258,243,188,218,392,287,233,213,337,127,532,185,162,404,290,219,360,453,491,420,259,268,520,354,416,241,345,215,3258,345,420,2546,1770,1197,328,1631,1088,412,228,217,607,404,1004,248,463,853,239,206,193,346,237,134,450,371,367,442,258,427,587,250,211,164,299,302,405,502,345,409,380,421,479,716,485,320,606,424,309,564,842,1133,667,634,766,275,241,146,143,393,243,557,642,375,342,202,627,607,1121,646,433,507,640,446,466,415,718,723,278,201,548,730,739,762,422,893,452,471,394,433,593,319,796,416,342,926,299,326,324,436,181,193,150,343,258,493,277,317,332,294,370,231,171,174,177,395,717,279,203,375,331,723,213,291,455,238,242,417,482,370,1081,411,764,870,1064,632,613,866,725,587,414,585,747,469,633,360,272,723,1513,1497,1013,181,286,276,162,174,380,344,239,231,239,170,453,175,238,392,390,191,414,572,425,443,247,244,414,350,334,266,325,192
sub-43,3758,224,436,2936,1961,1353,245,2056,1375,496,309,429,590,409,760,168,333,547,161,264,293,247,183,148,545,621,353,284,233,328,557,230,178,246,294,248,418,639,327,508,324,439,717,607,445,345,480,498,400,426,1009,1192,818,453,626,310,198,139,213,393,308,459,639,340,386,188,988,1150,932,518,679,708,1101,420,544,410,747,779,358,390,329,511,632,1013,583,1249,745,557,447,395,716,603,971,351,347,898,437,305,401,472,329,289,230,454,434,411,196,465,400,225,314,207,175,219,209,591,945,500,307,710,294,995,214,457,378,342,380,405,416,414,1160,548,810,1081,1025,721,517,740,382,343,221,488,356,623,363,224,391,1543,1621,883,669,183,311,190,185,192,331,291,222,229,287,233,366,230,189,366,377,257,311,439,491,469,252,274,522,423,501,239,368,237,3949,283,550,2927,2241,1463,349,2104,1452,420,419,309,948,473,940,365,504,711,373,284,244,373,174,111,416,428,368,420,276,366,566,293,194,173,274,382,485,590,412,508,374,400,504,825,462,270,427,282,258,462,1000,1405,882,406,755,414,293,202,190,352,276,472,701,396,390,225,1083,1060,1087,837,564,497,936,626,554,456,806,787,311,254,527,682,644,1016,420,1093,459,468,431,472,726,337,827,406,159,1027,488,515,377,455,210,221,153,332,276,473,281,355,309,281,352,218,209,158,175,361,693,299,222,538,292,768,223,245,481,203,244,447,499,465,1142,346,1216,863,1044,792,793,776,754,491,343,632,626,390,350,276,310,605,1193,1045,582,274,306,267,173,205,405,373,261,267,222,178,418,188,245,442,338,193,438,542,418,461,198,213,368,361,455,263,332,216
sub-44,3042,173,290,2498,1770,1313,259,2337,1404,483,200,371,469,353,582,175,363,601,205,253,213,236,176,118,448,379,496,357,280,404,465,160,208,210,311,248,377,505,434,464,291,784,526,467,678,262,680,446,419,433,965,1299,880,400,574,209,168,156,220,353,229,327,422,291,287,188,714,484,673,274,402,614,682,412,662,445,810,544,270,238,332,654,518,780,807,1024,623,490,483,376,678,620,864,391,341,788,329,163,218,325,318,223,230,351,327,347,204,435,302,179,291,161,131,182,143,444,732,299,276,545,257,630,213,337,387,291,433,390,482,571,1154,609,848,889,789,632,551,732,386,339,205,310,364,624,507,313,286,932,1804,992,680,116,280,199,199,154,309,258,232,208,444,188,454,179,161,351,325,196,336,501,734,474,274,228,474,422,505,216,296,217,3316,173,519,2526,1707,1080,309,1833,1174,387,269,259,605,358,800,226,374,713,250,190,138,254,163,110,367,411,443,367,249,434,560,255,212,163,307,340,486,568,356,504,347,525,474,738,474,262,597,489,316,529,828,1225,708,518,778,286,263,160,139,337,235,467,609,394,381,271,498,652,992,714,688,485,527,420,388,415,833,632,239,168,371,530,546,768,520,1310,619,502,418,545,726,359,787,475,259,838,231,353,327,447,214,211,137,362,319,327,250,300,247,294,351,203,160,154,142,408,940,202,219,423,242,583,200,281,510,276,318,477,550,421,1213,519,847,1131,961,706,534,544,871,491,319,523,595,499,506,336,275,715,1312,1463,764,169,262,240,231,109,231,270,247,226,268,180,461,145,208,375,302,173,335,591,512,606,200,241,425,452,476,241,288,165
sub-45,3343,322,387,2552,1724,1344,295,1686,1279,361,219,284,487,344,686,135,308,614,205,274,293,318,248,123,247,614,262,201,177,260,455,208,135,174,211,217,400,528,314,455,338,535,648,729,402,245,474,360,369,361,988,1229,691,353,625,191,155,116,174,410,320,511,587,288,307,191,825,763,864,434,522,620,858,420,637,427,731,564,297,263,341,576,619,988,624,1080,694,489,436,376,694,522,816,384,239,1027,372,276,230,362,268,257,205,252,218,411,220,415,346,198,342,235,103,202,143,471,572,328,239,573,325,697,260,322,422,239,354,438,489,531,1198,463,1099,1006,908,637,764,823,365,461,347,397,497,364,485,346,288,700,938,812,797,136,214,193,156,209,496,247,255,168,184,159,421,206,163,388,344,209,321,446,527,472,271,205,416,420,518,233,360,190,3169,275,435,2501,1721,1083,291,1612,1236,370,242,217,635,339,736,225,374,692,261,150,136,288,205,105,408,326,318,452,227,335,439,227,169,135,229,340,456,506,349,482,356,404,490,575,402,214,339,224,204,376,969,1359,759,369,663,302,231,200,173,358,268,412,663,337,310,185,543,745,1052,814,621,524,716,402,383,398,826,801,291,203,478,644,894,1192,542,1374,549,456,377,447,660,299,736,380,144,817,268,304,370,460,191,190,140,302,277,435,234,291,333,263,393,208,159,169,165,494,615,230,204,405,270,594,208,257,563,210,221,522,522,393,1118,366,996,960,1052,647,666,646,779,421,282,457,483,389,424,344,378,833,1215,1033,670,158,286,218,164,138,327,259,183,222,198,141,370,159,181,340,337,182,333,616,500,515,188,211,407,371,458,251,303,231
sub-46,3207,281,261,2442,1661,1201,250,1985,1409,341,193,355,644,454,560,211,419,534,325,214,239,255,225,133,459,507,516,334,324,457,398,194,170,244,308,257,414,567,378,459,247,553,493,582,686,298,398,354,443,493,1054,1157,797,429,822,165,273,187,202,299,289,389,499,298,398,191,559,692,826,378,603,746,716,351,505,360,796,445,261,252,274,602,586,757,588,1058,852,594,468,431,811,619,928,301,245,929,282,209,247,370,313,225,232,323,307,390,220,349,291,181,266,195,127,187,153,511,589,378,284,623,339,870,232,310,408,301,328,455,476,669,1263,510,1070,980,1000,595,755,700,430,454,295,288,519,468,618,476,365,968,1560,993,941,107,312,190,169,175,402,286,230,225,441,208,390,233,212,318,343,223,262,536,468,482,284,226,443,443,570,239,333,230,3042,273,359,2362,1633,973,248,1731,1329,414,263,232,575,434,673,195,381,592,262,132,169,285,205,124,536,389,434,545,349,394,409,244,211,149,266,360,550,552,420,516,415,526,488,717,642,230,620,389,271,460,967,1518,801,399,647,311,207,169,148,321,259,424,606,342,352,214,725,837,1004,722,605,528,723,390,307,348,784,663,274,191,382,482,690,985,487,1170,579,475,416,519,834,356,888,329,230,892,385,421,348,495,206,201,156,369,305,377,259,228,252,282,292,202,143,132,174,640,787,240,195,432,259,695,216,269,638,222,227,564,650,578,1208,544,912,1149,1041,597,587,607,920,419,277,391,498,502,496,400,400,948,1620,1142,725,114,255,213,179,205,304,274,175,211,246,200,331,160,214,332,348,194,284,596,428,566,196,251,486,503,572,251,274,220
sub-47,3176,360,370,2717,1805,1417,324,1781,1325,333,311,384,421,345,557,118,277,606,209,272,303,334,257,146,333,408,432,221,232,321,474,202,169,181,231,207,306,501,307,379,251,428,462,452,423,239,367,324,318,365,1058,1155,765,368,502,278,199,139,205,340,266,369,434,322,404,183,874,850,797,427,656,722,1014,411,552,368,664,683,340,331,311,393,559,796,424,1053,768,594,440,401,686,668,985,390,263,753,337,206,318,456,331,286,247,362,403,415,192,443,296,181,300,172,142,190,167,752,582,356,284,631,299,571,189,331,490,286,467,474,649,594,1054,725,772,1239,762,663,720,901,515,616,351,362,491,426,484,379,454,1072,1226,1314,1007,115,277,219,195,208,468,279,268,201,286,222,463,228,197,413,386,240,309,523,374,308,277,284,408,596,614,214,310,217,3550,418,443,2679,1807,1189,313,1763,1096,607,278,284,467,341,632,144,296,730,189,249,191,314,312,123,421,306,299,442,215,353,441,228,177,123,239,274,386,533,316,403,304,349,434,643,410,257,394,316,219,460,800,1135,710,535,774,347,272,210,176,365,254,335,499,398,393,208,578,608,1057,744,565,534,581,461,433,355,664,671,260,213,375,522,592,812,402,1024,490,460,405,460,667,321,838,354,228,1005,302,340,289,528,241,219,140,356,366,455,259,318,303,282,332,209,211,164,191,451,741,251,203,417,271,639,228,265,547,233,291,496,592,424,1140,549,1151,1239,896,782,874,845,914,671,466,409,733,489,700,352,361,859,1254,1395,951,144,344,290,210,187,510,301,342,271,198,128,448,153,240,327,315,196,303,544,404,408,211,246,424,466,574,239,271,226
sub-48,3238,195,540,2595,1769,1163,278,2096,1488,624,217,431,630,422,953,246,461,620,273,190,212,206,191,156,583,496,433,388,251,508,669,273,238,274,386,295,405,644,390,470,268,482,675,596,440,245,479,305,278,368,1376,1689,819,542,776,217,248,172,216,393,338,399,480,324,354,203,835,918,850,507,609,805,786,345,480,429,896,585,248,297,264,574,647,1068,821,1238,793,504,557,467,775,623,850,424,200,1140,415,259,320,575,452,289,261,392,406,439,281,453,374,235,344,237,151,195,186,891,660,385,279,682,393,868,249,410,469,365,444,426,528,733,1530,780,1116,1276,1100,732,689,863,429,362,225,554,462,462,515,367,616,1063,1834,1101,832,236,336,247,212,170,374,239,269,272,440,275,480,248,192,360,399,225,314,649,629,699,341,289,543,530,658,318,334,251,3588,248,462,2726,1842,1152,322,1806,1167,468,432,398,682,461,789,264,441,736,304,218,157,283,229,151,483,344,490,486,309,580,579,297,206,223,382,329,486,661,363,495,432,536,511,527,515,231,564,314,279,536,961,1353,756,374,476,439,355,222,204,481,338,634,737,384,351,233,902,983,1212,885,708,489,1002,366,330,408,988,844,257,254,399,577,872,1132,511,1425,644,467,482,513,889,426,892,468,235,778,324,369,451,625,284,226,151,392,404,449,332,289,297,289,376,227,189,155,190,718,846,326,212,481,289,796,257,321,604,250,251,558,653,534,1335,610,982,1408,1253,886,653,767,868,540,368,463,762,495,623,467,488,982,1378,1129,843,198,375,279,198,165,354,345,290,294,334,263,440,210,263,455,393,183,310,638,499,651,250,271,475,535,596,304,389,279
sub-49,3245,281,336,2322,1405,1080,283,1492,1245,370,167,294,444,355,672,158,341,579,168,196,264,270,226,102,336,374,398,305,248,365,462,196,149,206,271,193,346,495,295,401,249,482,501,452,489,290,451,399,396,403,844,1075,690,377,624,183,159,119,172,340,214,328,417,247,307,148,647,612,614,279,405,578,765,372,450,339,615,632,328,229,319,434,667,987,567,959,476,416,390,372,584,501,774,318,295,858,295,152,253,376,283,239,218,302,289,448,190,392,300,179,264,171,146,188,201,581,680,332,301,599,276,752,205,293,417,298,366,448,510,555,1135,526,840,710,792,500,668,777,390,456,310,378,385,479,436,277,344,941,1172,922,796,130,286,228,175,203,416,194,228,204,332,207,437,174,159,266,359,210,283,378,400,421,230,204,398,442,341,212,309,190,3233,232,463,2449,1629,1034,314,1495,1014,440,273,228,487,374,673,186,350,679,219,161,167,297,175,99,421,283,342,470,224,352,495,246,169,117,249,317,509,597,405,469,299,487,435,532,443,187,538,363,232,439,765,1353,673,347,690,321,247,153,154,317,218,372,542,300,285,155,688,682,851,497,429,427,602,404,335,341,658,645,222,148,377,594,466,788,325,885,414,418,374,453,586,234,664,307,309,839,307,257,352,439,199,188,131,321,255,428,243,281,260,324,297,220,159,146,171,490,941,234,207,420,271,568,201,264,564,211,230,530,592,437,1202,438,756,807,937,541,462,549,772,371,218,436,448,567,487,303,289,818,1290,931,668,164,381,241,173,141,286,191,197,251,226,148,391,119,159,301,335,167,315,476,509,419,178,210,430,462,402,230,264,218
sub-50,3937,409,374,2970,1837,1244,258,2047,1462,615,173,416,575,403,565,215,437,645,269,227,203,238,328,132,319,620,342,305,280,348,422,268,142,218,323,235,378,551,310,490,252,387,678,702,467,256,464,417,337,519,1017,1184,826,487,660,206,185,142,202,374,306,392,521,285,371,173,904,890,849,421,595,780,828,447,744,455,755,530,337,260,394,651,661,919,607,1173,877,582,486,402,667,601,924,341,330,1215,486,263,240,369,257,229,200,288,242,371,203,438,365,189,327,202,144,217,163,487,641,335,288,730,387,955,243,336,427,289,405,411,549,619,1523,614,1237,1133,1004,758,934,1010,465,621,477,378,665,477,660,449,393,940,1314,1390,1470,185,328,209,183,213,584,320,322,217,351,218,421,248,184,329,374,203,393,612,483,612,288,233,477,448,590,244,377,252,4001,533,469,2757,1756,1125,324,1844,1337,397,296,216,581,455,663,227,402,697,276,210,173,299,390,104,328,433,377,424,250,382,421,243,235,218,448,293,432,532,315,435,333,406,467,952,401,217,566,349,230,429,999,1373,762,524,643,325,255,214,178,352,254,420,638,410,367,202,824,1026,1131,683,491,504,761,541,405,385,835,757,320,229,507,601,777,1183,497,1203,516,475,548,594,832,360,993,383,279,924,335,558,320,459,149,167,135,285,212,414,264,323,305,307,324,241,184,169,165,522,720,269,229,481,291,875,212,242,515,235,269,471,496,370,1157,511,1308,1349,1173,881,987,956,959,727,585,436,969,454,631,445,270,556,1367,1535,1041,195,335,252,201,183,626,349,406,269,300,253,386,184,234,488,337,191,364,706,442,726,176,186,396,381,630,276,304,238
sub-51,2736,309,261,2221,1486,1099,287,1739,1229,315,139,262,515,361,548,180,363,533,236,174,241,220,273,167,342,457,379,297,264,398,442,220,122,199,268,246,384,540,353,451,238,485,522,510,473,287,458,352,326,447,862,1047,681,356,630,174,236,181,208,308,279,393,464,346,403,141,617,869,785,375,479,671,660,415,513,333,733,484,264,196,329,548,604,877,599,1066,595,602,402,378,696,527,981,257,262,751,323,202,231,359,345,229,220,339,333,445,216,425,349,162,266,205,147,202,157,570,622,286,251,624,230,740,216,408,419,250,399,391,501,664,1258,715,970,1222,860,635,674,753,397,425,299,298,438,439,488,363,435,908,1079,988,905,110,186,240,182,182,456,215,253,179,357,223,433,234,201,301,345,211,276,435,541,668,307,273,479,452,574,277,318,180,2854,356,413,2307,1776,1174,281,1671,1139,330,262,209,585,391,673,207,371,570,231,253,238,362,274,124,320,354,292,379,165,352,452,238,169,148,257,376,464,507,368,461,324,471,492,647,359,190,556,284,206,417,842,1327,655,355,634,335,240,155,157,340,248,487,612,388,367,165,740,709,1043,615,488,482,693,394,287,351,723,741,274,216,365,375,606,810,447,1016,456,487,347,466,700,330,930,294,168,754,278,308,329,418,177,189,148,319,247,386,255,256,257,270,355,179,141,147,151,460,763,225,195,459,214,589,196,252,540,209,232,458,568,416,1116,435,1050,1156,887,667,652,651,775,451,344,434,635,420,407,331,320,716,993,988,634,167,275,238,172,242,435,282,288,229,209,173,353,180,222,411,349,189,272,534,399,626,200,226,401,351,472,252,288,181
sub-52,3982,187,404,2888,1905,1463,260,2020,1590,388,266,338,636,396,663,238,490,602,272,269,251,239,142,147,408,553,377,421,235,343,546,246,179,225,246,293,441,602,402,571,345,573,812,739,578,298,463,371,405,612,1177,1456,918,420,846,283,211,144,204,472,252,479,607,292,391,228,818,744,828,399,520,690,913,433,675,416,853,642,351,328,343,618,587,831,635,1089,675,540,529,411,815,689,846,411,348,963,395,216,267,510,323,244,208,393,363,424,232,472,347,246,311,220,172,200,178,646,684,362,284,573,471,987,244,415,362,281,355,298,468,533,1459,571,865,1031,1115,666,577,746,455,373,233,393,467,438,703,418,474,997,1248,1256,1128,186,286,221,150,171,334,347,239,190,312,203,384,228,188,406,315,207,340,513,548,615,281,282,485,364,470,255,381,197,4369,293,490,3067,2011,1279,320,1884,1331,442,335,243,530,413,751,157,372,714,237,268,164,289,240,154,485,336,445,473,273,395,516,224,223,137,270,329,495,541,406,522,331,609,549,574,546,268,553,315,314,531,1053,1594,831,374,720,383,279,182,164,402,284,498,664,445,403,236,771,771,1089,677,590,527,721,455,452,398,938,731,262,212,414,504,635,931,485,1284,571,558,443,560,871,408,886,397,192,866,351,316,305,469,194,201,159,400,337,439,277,270,303,286,319,220,165,158,145,545,764,253,215,458,288,721,211,364,615,213,250,485,656,433,1164,463,770,952,1141,771,596,684,856,617,453,475,721,367,496,376,366,889,1160,1563,813,155,306,242,175,130,344,331,296,239,270,168,379,186,263,380,349,174,317,655,462,497,249,338,531,448,392,282,329,207
sub-53,3060,261,340,2604,1654,1412,264,1537,1121,337,193,294,450,390,719,131,282,584,201,258,277,238,210,135,377,493,353,311,225,312,497,208,138,194,299,240,375,526,329,440,262,530,555,500,503,248,555,343,303,331,820,1136,677,335,556,180,162,127,179,354,296,379,433,308,327,149,743,689,787,387,537,630,791,389,485,347,737,469,251,187,311,422,640,1052,589,1119,659,490,383,378,625,541,821,345,317,853,346,224,212,332,285,251,216,334,338,376,208,398,276,194,267,177,129,177,177,532,933,319,285,659,371,835,263,329,392,292,411,485,442,593,1339,558,1084,993,934,695,647,820,402,404,233,379,401,510,452,298,339,987,1120,939,700,103,303,230,183,188,377,294,238,236,312,213,425,194,178,309,324,214,275,416,455,554,246,237,413,466,553,240,319,204,3245,325,435,2662,1967,1387,382,1501,1036,450,262,207,639,398,764,179,345,626,178,227,215,346,263,111,375,264,368,419,289,396,484,263,146,150,253,320,490,565,402,436,303,483,454,538,506,250,483,379,321,505,718,1070,652,372,557,297,210,168,139,321,286,384,570,306,329,160,811,663,1024,547,436,503,727,521,343,308,739,724,338,186,454,554,685,953,486,999,444,453,412,417,610,285,765,344,287,769,324,247,329,425,180,215,149,316,271,337,256,276,238,272,292,263,183,154,177,367,708,234,210,450,290,519,224,271,495,290,263,488,552,403,1400,505,1156,1289,847,664,692,612,767,590,391,466,577,459,519,280,271,634,1213,1165,726,137,418,283,192,192,337,264,304,309,210,170,417,172,202,377,323,179,284,542,423,622,198,240,375,389,477,263,282,251
sub-54,2627,279,398,2409,1766,1357,281,1745,1351,465,211,369,472,363,678,173,413,615,209,279,265,259,237,179,430,495,328,453,202,376,524,210,184,236,293,251,411,624,359,427,275,385,614,597,434,259,269,262,233,422,1083,1348,718,447,612,201,215,120,163,328,267,419,496,335,368,169,669,712,825,392,548,650,740,412,615,391,648,588,356,264,389,638,632,929,631,1089,635,526,377,372,647,675,999,340,267,989,339,231,253,368,366,252,246,383,356,477,237,402,348,197,311,195,124,205,166,530,616,269,251,588,240,728,229,415,437,322,481,410,548,661,1211,640,900,854,817,611,678,842,545,460,316,412,490,323,605,400,375,879,1038,1318,1129,145,246,266,220,175,412,250,273,230,333,238,517,207,197,369,367,232,324,471,518,511,315,294,525,479,464,262,322,160,2784,287,418,2373,1679,1098,318,1606,1082,374,309,235,562,367,822,207,410,727,199,189,161,334,206,131,407,372,382,509,304,446,494,241,172,142,292,277,476,546,344,474,299,452,458,637,517,282,486,312,271,532,787,1083,674,358,786,358,248,200,187,344,282,436,613,331,299,195,654,750,1033,660,485,441,693,418,316,333,717,755,247,195,419,592,730,959,359,1074,508,469,398,522,772,367,912,366,236,744,285,301,368,502,209,190,142,320,322,415,282,305,295,300,365,243,152,156,165,490,656,287,201,425,277,780,239,277,544,239,258,528,633,501,1205,435,1056,1191,1145,692,686,638,985,497,321,491,532,462,587,306,333,832,1362,1349,791,150,330,330,186,155,361,254,235,288,246,149,428,191,215,484,341,207,285,557,458,572,221,239,451,391,548,284,316,221
sub-55,3615,136,496,3047,2181,1637,312,2276,1596,569,371,503,735,441,1046,269,562,530,358,268,236,267,145,187,796,619,697,578,393,603,686,191,252,268,415,238,451,671,366,616,367,579,833,637,782,357,544,473,452,596,1203,1499,914,551,785,351,193,151,227,524,357,481,659,298,367,200,1096,1049,903,524,577,739,1174,465,570,380,881,933,423,520,392,615,780,1135,746,1331,729,590,581,467,878,746,1077,346,413,1279,558,309,391,614,438,340,253,418,471,545,264,493,374,283,259,256,171,223,227,780,919,355,356,758,335,739,323,461,437,332,413,437,631,789,1624,790,1375,1383,1104,758,869,765,696,552,268,565,609,752,878,540,547,1720,1865,1547,1306,226,343,226,199,130,332,388,222,269,525,224,372,268,220,406,420,300,280,590,633,649,348,328,599,575,763,317,428,287,3675,397,562,2874,2192,1515,452,2171,1378,504,434,321,830,471,994,290,502,957,383,267,227,411,317,141,604,329,663,488,378,592,636,287,275,197,401,344,589,632,372,622,410,471,663,534,771,342,496,487,413,732,1150,1557,813,525,634,477,270,154,173,567,329,682,863,460,432,263,989,864,1427,825,735,680,1195,664,593,481,1157,1020,387,336,606,838,1138,1474,753,1782,739,617,571,696,1016,437,1037,442,356,976,368,288,380,619,291,265,174,440,442,530,324,435,379,340,417,307,224,214,194,696,995,215,286,618,312,708,275,333,697,285,345,629,742,620,1470,609,1303,1372,1283,920,728,958,756,525,483,603,1000,659,890,554,416,1119,1496,1045,949,237,283,377,254,215,485,462,358,298,348,222,590,228,283,530,406,219,447,821,648,690,238,327,539,589,702,340,482,243
sub-56,3548,263,448,2957,1932,1371,319,2033,1639,515,265,463,684,514,921,249,591,749,302,244,276,267,225,162,414,593,450,307,287,446,768,387,256,237,275,385,527,801,549,582,333,661,611,564,631,446,622,572,592,755,1221,1644,917,441,636,204,341,222,276,502,336,435,615,351,427,238,972,1292,930,610,971,868,941,380,547,453,912,510,256,252,260,367,566,1153,631,1613,1131,686,590,529,910,823,1080,539,342,989,459,336,323,555,498,360,252,384,461,473,291,442,465,295,369,306,149,235,201,1269,1093,419,294,682,469,990,300,417,522,350,482,526,650,829,1592,779,1191,1286,1073,773,769,1067,456,382,249,541,576,588,526,471,681,1427,1256,1092,998,194,336,271,224,223,459,310,252,262,392,228,555,264,253,461,412,259,361,665,452,655,328,305,553,599,698,379,434,306,3542,294,639,2981,2043,1337,426,1783,1152,398,296,254,664,452,1111,252,487,1030,209,242,216,379,244,152,639,539,402,600,243,553,771,328,248,185,327,336,610,689,431,579,516,584,655,843,499,299,671,466,342,653,1177,1772,810,435,719,374,395,294,261,606,363,597,927,444,393,289,957,1168,1366,1083,899,557,989,514,403,436,847,874,316,260,426,653,931,1412,564,1701,773,512,431,540,872,462,971,516,398,961,405,530,534,647,266,216,139,403,390,540,335,344,373,403,408,313,245,206,240,1000,1221,263,223,454,295,585,299,385,751,255,345,791,843,656,1510,636,1398,1228,1042,928,874,1013,928,554,331,731,531,898,705,333,572,1293,2114,1083,818,258,385,379,221,207,448,257,261,348,326,260,612,248,290,515,381,222,370,627,476,523,237,290,624,574,622,307,506,297
sub-57,3230,253,388,2579,1788,1331,249,1552,1239,315,143,262,555,420,696,160,280,537,181,285,298,244,223,99,309,483,286,246,196,395,586,172,230,192,234,190,325,525,308,416,267,543,526,523,434,244,521,501,355,348,878,1267,703,375,634,151,201,143,199,329,263,349,461,275,299,147,584,667,717,349,435,639,623,311,557,351,696,411,198,177,237,526,617,941,626,1014,613,484,437,340,640,542,783,305,283,802,304,189,223,354,267,219,202,272,243,368,201,396,300,192,286,189,130,194,165,568,778,333,275,645,353,901,257,241,367,268,380,410,411,538,1322,594,1112,1088,1015,743,770,938,276,318,307,412,410,523,391,254,329,1003,1318,941,771,144,281,189,168,242,442,253,274,224,296,169,339,171,145,322,287,212,266,497,549,478,219,184,299,460,569,229,310,274,3731,218,412,2802,1841,1125,294,1517,1120,535,203,219,542,391,716,148,305,606,174,190,149,253,188,101,489,259,335,458,197,399,508,210,200,134,272,254,383,466,323,362,294,450,396,468,378,189,538,386,265,497,902,1266,692,360,506,286,231,183,162,315,274,423,514,299,298,230,512,730,926,638,536,463,509,312,283,366,842,508,159,142,302,447,550,1062,468,1287,438,470,381,531,766,330,853,321,372,782,294,257,286,349,158,164,127,331,229,351,238,258,236,281,321,177,134,126,139,343,666,225,211,451,283,693,227,218,494,214,221,515,548,422,1267,483,1082,1159,1076,708,702,640,630,452,282,433,448,566,814,284,277,744,1594,1011,816,148,362,257,178,126,342,228,222,283,242,228,342,136,157,273,293,157,279,565,421,517,174,186,357,448,556,258,291,222
sub-58,3366,220,327,2622,1721,1329,253,1878,1511,459,183,365,550,428,526,150,316,497,216,205,219,236,160,154,516,562,361,518,196,251,539,232,223,214,257,254,459,576,378,465,270,420,723,625,468,220,391,391,265,403,1023,1194,806,379,634,186,213,171,246,406,321,459,598,271,346,175,694,635,807,354,445,699,678,395,778,424,786,554,289,255,415,942,676,816,695,971,626,516,500,398,661,558,949,341,356,1094,346,185,235,352,318,232,221,322,298,454,222,450,360,185,327,218,167,205,167,646,765,312,247,608,560,868,217,345,409,266,442,351,575,610,1271,530,1207,1128,1219,795,729,708,475,390,209,365,366,566,508,311,414,1089,1844,1027,757,109,266,205,167,160,320,250,151,198,240,174,389,236,180,367,357,215,346,573,671,652,298,252,461,368,556,251,400,247,3564,313,309,2764,1956,1231,327,1823,1273,463,364,273,498,417,721,167,358,628,184,227,211,346,254,129,427,396,501,434,323,438,485,272,206,131,237,318,525,618,379,491,353,440,458,673,571,311,540,428,333,576,935,1395,822,434,619,394,295,203,184,404,281,467,586,413,365,201,681,766,1179,817,494,489,713,506,387,419,873,774,261,227,395,594,624,808,457,1059,416,480,454,511,809,368,962,370,365,958,306,399,282,473,235,205,157,358,344,393,279,324,267,304,361,250,154,166,138,533,865,253,206,447,319,719,251,318,577,200,209,571,612,493,1209,445,1068,1034,1077,683,710,634,831,490,373,359,499,580,651,313,343,864,1603,1190,816,141,300,244,159,202,401,215,247,238,237,192,332,201,230,460,360,179,428,561,479,531,229,264,459,432,490,270,324,221
sub-59,3263,182,387,2862,1952,1339,289,1502,1145,338,173,284,422,344,626,121,275,682,176,271,280,303,193,164,416,518,285,358,238,390,526,163,159,179,203,191,306,432,289,429,265,498,555,706,436,197,466,298,282,336,920,1228,658,387,706,198,186,152,234,363,334,431,468,335,345,206,548,591,852,327,396,725,547,356,618,445,846,568,289,222,352,728,565,692,826,1040,698,550,512,386,725,562,857,366,224,906,309,211,287,467,374,273,242,399,360,383,244,381,297,189,268,171,139,173,168,592,861,369,253,648,248,654,266,389,438,207,370,408,569,683,1324,734,831,1219,886,667,494,793,486,302,196,372,419,437,471,329,486,1212,1055,1082,900,112,249,212,138,183,305,255,225,180,282,126,457,182,181,256,343,229,340,601,646,559,311,310,495,532,654,241,316,192,3218,391,495,2736,1919,1175,338,1548,1041,399,221,211,657,388,707,219,356,669,281,134,146,251,283,109,489,322,341,447,214,332,482,163,208,128,227,250,400,457,457,388,290,464,429,633,414,188,559,290,220,402,831,1408,664,364,708,312,227,187,174,309,250,379,550,328,318,169,613,763,987,683,646,444,613,535,408,434,748,692,280,187,428,502,544,881,372,1182,564,506,439,560,721,283,837,321,259,781,275,265,269,408,174,179,148,356,288,405,251,300,275,303,349,203,167,152,165,398,837,246,206,424,277,600,221,272,476,191,205,429,500,439,1216,470,925,957,941,647,629,731,650,600,524,478,780,530,559,373,280,847,1515,1160,865,183,317,234,153,136,373,316,286,254,203,146,370,124,209,299,332,169,308,571,442,477,198,241,417,421,528,252,282,243
sub-60,3163,258,354,2553,1888,1553,298,1618,1188,425,176,299,633,430,728,208,407,620,254,299,281,288,192,153,524,579,438,471,285,480,540,269,186,211,314,221,371,537,352,426,245,673,569,641,564,302,504,341,305,360,1097,1444,694,426,702,197,238,156,185,361,344,543,570,335,346,177,691,786,929,431,614,751,652,357,633,404,702,515,273,228,363,656,696,972,687,1119,724,579,419,421,641,600,856,369,272,842,343,247,262,404,301,242,215,352,290,410,202,353,301,226,304,205,116,188,159,712,920,411,257,602,321,991,201,420,442,272,436,401,472,539,1446,660,1169,1356,1136,814,754,769,417,418,211,396,466,583,459,283,470,1183,1905,1089,831,160,248,247,183,183,373,312,244,202,396,203,545,198,171,350,298,225,305,534,534,647,282,257,495,497,670,200,395,198,3373,328,427,2739,1959,1371,374,1456,936,436,305,214,620,393,777,232,424,797,270,272,230,357,260,131,390,315,489,407,338,551,604,223,173,145,286,315,479,544,309,538,312,353,580,564,479,296,370,329,303,599,921,1303,582,341,585,364,208,160,157,424,222,548,665,357,356,215,789,753,1227,654,569,537,857,473,392,362,737,666,254,163,383,467,766,1138,461,1199,573,570,405,546,673,318,772,420,228,862,344,290,370,441,183,190,133,334,266,412,273,325,278,289,294,218,190,164,180,740,684,276,224,454,258,715,270,286,588,209,241,677,538,454,1161,404,1159,883,1060,718,827,797,823,735,428,478,798,449,640,419,391,848,1432,1537,1061,162,312,284,182,208,466,370,328,254,351,196,508,135,198,336,319,174,367,551,374,526,205,261,466,452,466,256,360,191
sub-61,3115,165,472,2457,1631,1189,227,1792,1174,433,239,327,602,369,769,195,389,466,224,168,205,214,178,138,487,429,327,451,205,278,491,223,173,180,255,230,391,578,302,387,264,326,513,460,428,259,324,352,287,449,839,1033,771,393,515,231,246,160,187,328,316,433,487,287,317,147,716,596,740,361,403,607,747,515,643,414,703,674,387,328,486,644,599,721,611,834,538,478,434,381,675,539,771,294,361,888,377,211,275,360,306,220,234,356,335,299,205,417,251,203,306,201,164,174,150,493,592,306,260,648,234,635,194,343,391,260,390,371,518,661,1186,711,899,1018,830,528,551,690,406,281,175,503,301,528,461,284,307,961,1586,895,542,175,292,176,181,131,315,235,162,186,280,204,343,205,159,316,301,196,274,458,512,452,297,235,451,492,701,231,314,187,3082,222,384,2391,1578,1017,259,1652,1107,512,313,318,513,352,716,208,424,691,242,139,134,218,191,111,350,276,427,392,246,356,440,264,141,166,289,324,539,560,377,491,302,425,448,502,515,210,393,331,226,477,841,1167,707,356,560,296,238,168,147,353,270,475,601,324,326,183,613,595,892,587,508,443,647,490,393,380,815,728,296,228,437,598,771,892,433,1052,459,450,325,486,679,273,676,333,331,833,336,269,267,410,173,168,136,323,233,286,234,261,217,230,344,188,141,129,131,397,639,256,197,480,190,509,201,311,514,224,295,491,540,378,1180,447,795,1097,871,822,492,612,744,414,315,424,451,501,654,337,263,603,1372,1019,651,133,290,258,223,105,248,270,192,260,232,204,442,165,221,305,279,140,296,463,520,485,221,255,395,427,468,245,311,210
sub-62,3531,268,492,2746,1837,1328,303,1686,1255,406,200,345,589,335,737,179,300,629,204,251,285,261,221,132,639,510,361,358,285,418,497,184,145,188,245,214,362,531,318,419,255,412,608,625,494,264,366,394,292,369,896,1028,725,379,591,176,145,124,164,327,273,399,507,247,293,172,497,596,763,390,449,693,611,333,523,452,699,501,226,237,264,494,537,794,607,1087,664,502,474,381,642,498,830,289,330,785,288,201,261,326,277,219,221,343,285,398,192,410,342,167,323,178,133,185,169,522,610,293,236,663,262,500,225,327,389,275,343,393,487,655,1163,703,887,978,645,580,605,950,427,379,211,491,324,644,430,216,350,1130,2039,846,629,172,297,239,171,190,421,255,222,217,339,191,394,179,143,299,340,197,340,550,451,476,242,227,464,472,594,215,327,171,3498,308,460,2845,1930,1237,377,1519,1069,384,234,204,524,368,725,161,329,637,236,169,209,373,243,96,465,266,293,547,237,397,475,211,165,142,271,315,436,543,330,402,255,405,383,441,366,208,509,397,241,524,856,1306,689,350,483,271,241,161,161,282,224,369,471,323,307,175,558,773,974,812,584,490,635,449,457,356,639,623,279,168,471,639,711,933,416,1087,527,447,431,499,613,269,828,301,261,663,257,306,367,398,188,181,152,367,308,369,207,285,289,236,330,168,165,154,158,399,659,232,177,465,260,517,199,234,493,208,215,471,575,457,1082,481,857,991,848,572,602,705,773,478,339,530,469,507,578,325,307,717,1388,1164,727,155,348,260,166,205,408,221,229,280,225,206,366,166,199,398,312,170,348,604,396,491,192,224,406,418,497,231,226,170
sub-63,2975,240,379,2308,1381,937,196,1916,1247,504,234,440,374,354,554,126,313,630,146,172,235,201,202,180,437,512,518,441,282,399,453,220,182,231,256,243,391,592,435,581,319,602,646,517,653,271,551,469,402,419,870,1375,731,413,620,199,212,175,210,374,281,423,511,268,276,202,703,641,836,396,430,666,685,383,649,474,760,518,342,249,439,936,615,801,673,875,516,461,433,387,694,617,949,409,369,932,339,228,209,391,401,252,243,370,404,451,208,423,339,195,347,234,111,209,162,520,927,325,280,684,238,929,242,411,495,302,449,521,605,776,1288,650,1071,1082,1193,763,823,955,569,487,269,358,375,614,504,279,422,1468,1386,1130,890,135,232,206,210,195,392,176,208,174,411,203,488,236,168,408,363,232,319,515,730,543,301,307,524,577,593,229,327,230,3250,248,418,2428,1438,916,259,1916,1170,674,283,268,469,415,722,187,424,734,214,183,194,262,220,112,479,423,466,493,273,402,393,288,197,185,331,369,509,580,462,537,344,589,533,690,677,269,575,387,304,537,1145,2096,751,470,573,358,272,164,149,358,275,496,751,316,320,201,890,781,1056,689,466,497,748,470,357,372,828,780,291,217,409,522,594,958,434,1151,491,473,442,510,735,294,839,377,276,1111,443,387,347,424,199,188,141,357,304,393,261,279,269,250,367,237,152,155,173,436,786,263,187,452,226,782,272,329,635,216,269,761,554,431,1370,500,1065,1140,1174,866,598,749,788,462,385,479,679,509,634,329,288,706,1644,1567,969,163,319,263,190,186,355,252,272,252,261,198,414,177,203,427,336,194,318,635,508,660,210,237,474,460,473,258,327,220
sub-64,3634,227,360,2836,1707,1288,267,1863,1312,495,216,357,502,392,684,191,435,593,235,203,218,231,180,136,438,443,381,304,233,392,544,259,172,199,249,230,383,594,352,491,273,505,651,566,460,270,492,351,288,499,1001,1486,791,424,638,200,206,135,196,368,307,349,480,314,347,173,675,764,717,380,556,664,576,322,575,385,654,462,239,221,257,463,507,772,551,1098,804,489,457,376,669,573,843,301,241,926,345,235,238,343,257,221,225,331,315,436,189,420,337,175,290,209,139,220,158,444,635,281,252,595,473,610,249,313,364,277,342,345,489,639,1310,618,825,1034,811,517,536,739,408,355,192,410,410,404,513,398,282,1004,1264,956,803,159,321,190,145,167,341,237,200,214,310,175,397,182,169,314,350,208,321,514,433,599,273,233,395,451,521,237,307,205,3875,338,422,2754,1728,1117,303,1477,1045,413,255,204,518,414,746,184,408,637,197,221,187,292,272,109,338,338,327,353,235,343,553,282,199,166,299,351,535,619,375,498,381,578,431,554,453,227,615,351,270,455,869,1360,694,335,492,333,359,187,200,393,234,457,530,407,349,180,804,712,1101,709,485,499,647,504,431,363,758,684,267,179,449,524,555,854,491,1009,475,521,433,493,696,281,845,336,247,763,349,337,320,468,203,201,145,327,288,441,226,312,333,246,368,202,180,182,166,503,758,225,221,457,327,554,200,262,476,234,231,407,548,425,1239,472,895,1128,916,671,672,692,664,515,391,466,622,428,448,308,326,753,1068,1088,726,168,339,254,191,193,449,242,287,267,240,190,350,160,234,344,312,173,348,548,433,568,185,228,363,375,461,228,308,215
sub-65,3082,178,326,2445,1607,1195,264,1577,1284,429,185,385,458,357,544,116,271,543,189,214,232,233,162,121,431,476,375,307,197,347,456,249,152,223,247,228,339,527,335,349,224,512,536,482,500,220,355,327,312,345,911,1173,725,350,482,163,176,134,167,317,239,334,467,255,280,173,571,824,681,410,452,553,581,391,675,384,705,468,285,216,295,637,506,746,592,842,436,464,433,350,590,570,862,327,270,781,354,272,187,337,307,245,218,358,316,328,192,426,319,166,314,168,120,193,163,587,680,319,256,579,371,728,205,320,351,274,323,339,405,550,1272,526,596,873,876,480,618,728,389,370,176,316,332,495,487,321,337,1120,1396,783,651,89,229,192,155,161,366,197,211,169,278,194,382,191,142,310,338,232,342,398,574,454,236,226,410,382,383,216,279,184,3234,295,441,2397,1709,1203,335,1365,1059,394,235,201,415,367,783,133,282,603,170,231,203,376,233,96,324,261,337,458,236,359,504,254,190,140,246,331,496,571,357,434,267,456,388,443,444,205,388,273,248,398,741,1117,646,339,631,257,227,173,158,289,249,346,446,302,274,176,666,856,830,698,518,356,624,551,477,397,717,635,257,173,453,591,647,919,482,1108,439,417,367,475,678,324,892,279,232,773,317,303,289,371,192,188,142,302,256,383,221,304,261,275,307,188,164,154,148,475,655,237,214,435,313,610,171,242,516,201,208,421,565,413,1166,412,721,846,839,559,538,537,817,525,290,437,455,497,466,269,296,732,1298,1278,701,122,308,233,161,199,353,220,259,245,211,193,317,149,197,345,326,173,330,416,428,463,190,215,365,381,359,219,243,181
sub-66,3086,287,546,2648,1907,1379,303,2083,1623,614,262,458,581,530,783,228,455,780,310,314,380,331,262,199,575,607,376,741,246,422,669,330,216,277,367,272,460,706,424,518,288,469,783,691,403,304,489,320,287,536,1267,1414,865,505,665,263,224,162,192,395,402,614,709,400,347,195,912,1025,1066,446,549,621,939,486,558,407,899,649,426,309,421,595,716,986,687,1072,635,550,432,421,841,649,1054,382,303,1131,442,263,269,503,517,304,218,480,548,470,262,432,407,290,301,228,139,219,170,697,841,368,267,656,244,955,266,444,493,317,479,473,740,781,1267,679,1053,1074,1067,813,580,1055,936,575,365,555,668,459,814,533,698,1201,1093,1425,1068,192,314,249,205,268,423,321,315,244,371,292,545,242,217,491,311,238,310,430,610,434,320,391,644,587,622,264,396,209,3498,424,502,2845,1857,1100,316,1941,1385,563,365,313,694,515,879,196,352,897,295,177,196,325,307,128,392,374,574,574,312,583,628,362,252,165,378,370,547,715,458,557,385,458,539,607,648,256,650,453,295,603,1243,1794,774,443,743,479,368,305,242,372,298,451,675,464,400,221,847,805,1190,761,586,555,940,509,434,408,750,854,308,243,492,634,967,1094,541,1140,528,516,402,496,662,306,756,434,377,980,380,385,406,595,268,239,157,364,345,451,253,324,334,320,377,298,191,159,153,725,1026,270,276,528,240,808,236,258,588,329,304,561,648,524,1237,511,1105,1132,1220,918,756,891,1099,800,543,538,815,742,817,420,446,794,1779,1737,1080,157,369,301,233,188,489,350,262,307,325,282,528,166,251,428,340,201,361,539,483,554,220,252,422,465,602,253,303,239
sub-67,3359,229,350,2837,1836,1497,296,1801,1218,419,208,304,538,370,668,194,413,731,277,262,207,227,186,169,487,505,606,371,362,502,494,195,148,228,338,259,396,561,364,503,295,540,745,587,663,303,571,469,422,541,907,1290,749,483,661,230,177,131,182,410,374,373,561,332,357,184,829,643,802,382,657,806,727,394,564,428,735,539,298,260,299,439,473,801,531,1253,971,530,490,417,659,535,826,384,399,1021,337,194,248,397,321,242,225,366,332,398,249,419,312,225,319,238,120,193,164,663,997,364,282,646,349,911,252,433,430,290,399,422,531,613,1258,536,1096,912,995,717,664,875,481,397,299,372,538,529,550,408,396,1152,1372,1174,947,138,325,222,170,147,380,366,261,235,440,200,440,229,197,356,358,225,317,688,411,548,289,310,545,427,483,262,352,270,3675,207,392,2850,1923,1218,341,1668,1187,577,237,210,519,448,735,198,386,825,243,248,230,331,222,138,516,316,570,504,291,448,490,225,244,170,366,360,513,607,486,439,351,659,495,527,626,265,639,294,319,477,1136,1782,736,445,573,313,350,254,205,419,297,410,670,318,333,212,906,870,947,653,627,489,731,509,379,364,755,725,294,187,485,647,857,1211,434,1286,594,452,404,440,708,330,898,408,199,900,408,289,294,555,238,201,156,391,349,410,324,286,280,316,328,242,192,150,152,711,745,280,239,442,322,772,284,339,599,237,212,656,582,444,1319,490,825,1137,1207,853,522,722,900,488,401,437,613,441,523,359,399,936,1375,1386,845,152,352,263,165,182,278,275,290,233,316,241,382,198,206,470,339,172,304,603,486,547,250,251,474,462,471,284,332,277
sub-68,3272,316,362,2516,1650,1205,278,1713,1375,537,182,328,592,342,692,215,440,543,282,167,185,212,239,113,315,433,360,364,231,401,475,168,208,203,228,262,374,518,381,446,259,477,534,421,420,240,454,300,260,473,1119,1354,722,379,504,186,169,133,195,340,258,402,486,264,264,138,845,787,828,360,431,599,804,355,545,350,587,501,259,191,365,458,700,1033,556,1170,632,449,408,352,590,527,830,307,286,831,437,205,195,327,263,201,199,293,249,305,185,384,292,163,287,168,113,177,119,447,581,309,225,550,266,687,213,272,338,230,338,372,493,585,1199,532,958,830,748,593,741,684,524,493,345,366,540,350,570,459,291,766,1055,1041,954,166,245,197,156,162,410,255,207,194,312,198,413,188,154,330,283,169,295,519,403,465,230,206,371,438,512,211,334,217,3676,303,511,2580,1621,1080,299,1697,1209,545,272,232,554,388,774,230,476,719,290,193,186,295,229,95,340,310,368,373,235,477,518,232,219,149,257,328,483,522,356,476,370,342,458,611,401,172,403,211,190,392,1002,1463,721,387,723,299,278,262,208,364,256,332,465,280,262,163,572,666,828,594,495,455,544,403,337,341,619,790,278,199,401,460,513,782,374,1081,577,381,400,486,584,291,785,358,132,899,340,322,269,381,167,166,132,290,247,359,210,281,277,221,351,218,151,162,164,445,594,256,214,432,269,543,209,236,451,238,259,446,534,445,1245,493,1054,1001,856,743,700,723,772,470,363,471,623,331,399,427,253,619,1123,1222,686,195,267,239,189,167,414,287,271,245,243,151,408,145,153,399,298,159,338,622,381,460,160,167,376,413,514,233,286,281
sub-69,3733,218,439,3088,2165,1656,367,2062,1522,465,193,315,598,449,843,229,454,703,285,336,291,375,214,164,539,578,443,435,304,454,632,284,182,263,335,247,435,628,331,531,398,378,695,700,551,354,416,419,405,543,1147,1385,791,461,690,168,199,151,222,400,345,363,427,371,435,180,667,786,841,402,540,757,755,441,870,444,845,526,310,240,495,889,819,1261,831,1398,780,604,456,412,696,600,918,364,349,1025,337,238,208,443,439,256,252,432,459,469,240,443,385,237,318,263,134,240,159,932,713,376,286,627,390,768,258,543,428,288,414,408,566,733,1317,716,842,856,825,506,642,806,504,452,324,450,637,551,617,408,560,1089,1256,1164,936,171,308,225,188,191,403,386,323,205,380,184,500,264,246,405,383,258,380,525,714,504,335,309,611,544,597,274,328,220,3723,327,538,3007,2027,1397,401,2120,1529,429,262,226,658,405,957,227,470,612,292,271,193,366,274,143,441,315,632,591,310,585,654,251,224,141,342,408,646,591,450,612,328,415,629,782,589,220,411,245,187,475,1215,1795,907,594,1212,314,277,206,183,381,311,391,577,382,346,196,945,739,937,621,599,497,883,622,438,395,856,850,396,258,508,513,719,966,487,1263,566,471,454,477,699,309,730,377,152,1247,407,256,332,478,211,213,160,367,281,476,274,353,304,254,377,237,212,160,170,638,741,239,261,611,355,638,249,355,485,250,304,514,552,480,1286,592,1108,1347,1022,772,629,705,751,522,483,585,829,512,619,468,371,827,1864,1645,1072,179,310,338,212,188,414,363,352,293,308,196,408,174,200,445,364,187,349,629,426,617,224,284,468,431,607,257,331,258
sub-70,3558,253,428,2813,1957,1497,239,1849,1367,362,214,357,588,306,780,188,401,528,300,274,267,255,206,159,571,493,480,456,284,408,601,176,173,184,273,250,389,561,366,449,285,687,510,594,677,272,345,456,478,532,1062,1114,798,342,526,187,275,145,203,361,340,512,559,343,384,185,660,830,799,368,566,668,836,564,658,385,771,680,398,334,506,704,747,1002,753,1295,736,549,493,388,765,701,1018,400,409,812,334,208,241,378,267,229,233,340,332,366,227,488,294,189,300,205,185,176,155,616,615,284,278,650,265,584,229,406,442,298,510,400,604,748,1153,599,1111,1011,890,673,802,803,494,502,269,454,539,518,899,456,427,948,1559,1505,1277,151,281,210,221,168,364,342,258,223,313,162,418,219,211,428,333,202,296,539,583,463,313,304,520,463,588,242,390,226,3534,273,527,2702,1820,1152,316,1573,1129,432,300,275,680,355,822,272,494,648,293,204,158,300,210,133,523,270,479,584,292,490,576,220,207,146,309,321,544,522,486,504,334,625,455,470,624,236,617,347,291,512,1009,1776,711,302,498,315,316,265,237,389,276,461,541,359,325,208,711,757,1049,637,594,481,931,589,403,387,847,924,419,249,606,587,1031,1154,523,1360,636,480,460,541,846,432,1089,383,267,742,276,246,426,489,207,215,159,365,311,392,297,323,251,271,346,187,237,151,169,647,861,258,219,495,285,583,236,293,540,236,284,472,586,443,1306,527,1089,1193,1009,776,675,756,717,414,339,555,674,577,555,395,394,839,1640,1114,836,182,352,266,221,147,357,323,276,282,315,142,411,196,221,610,356,196,365,691,436,534,228,287,476,403,561,308,330,259
sub-72,3217,263,349,2400,1421,1059,244,1843,1223,405,208,287,489,328,704,175,360,511,259,144,219,261,225,143,439,516,352,316,295,449,533,187,164,160,189,259,434,534,367,561,281,526,677,571,485,220,430,401,324,366,885,1051,788,356,536,193,174,141,209,357,277,369,465,255,310,174,621,795,686,424,490,552,657,345,613,399,689,450,218,242,252,465,592,900,582,981,627,482,419,337,661,581,804,368,310,875,287,233,169,327,282,217,203,332,343,398,212,438,342,170,337,217,128,192,160,571,671,309,233,557,465,788,203,368,367,251,424,385,514,633,1228,625,887,970,859,580,656,660,463,541,221,373,426,520,545,404,446,994,1324,1077,937,157,254,203,197,171,384,220,197,223,261,107,393,215,184,340,319,194,354,466,434,507,263,258,469,434,504,212,328,252,3263,235,480,2546,1544,1031,300,1487,1098,403,324,219,382,391,865,180,402,611,197,195,150,265,203,120,449,284,406,453,288,517,574,185,223,159,320,275,404,512,311,498,311,422,527,517,492,283,511,383,298,575,822,1102,688,305,469,385,222,194,192,340,283,324,505,330,350,225,824,740,872,585,443,416,759,488,337,406,676,872,249,228,309,311,486,741,307,1048,450,459,384,490,768,351,869,433,246,742,328,302,373,504,184,206,120,331,268,380,229,323,263,247,423,239,162,149,179,555,702,218,209,401,318,550,195,280,531,242,218,521,539,461,1208,553,765,948,783,562,522,650,651,389,302,531,659,447,563,347,409,717,1420,860,809,157,423,236,178,153,363,261,255,260,360,182,336,211,241,462,355,145,392,501,313,506,181,247,429,506,437,222,287,275
sub-73,3957,248,364,2859,1807,1254,276,1589,1338,358,261,346,567,424,865,207,381,574,203,183,238,271,184,178,348,536,412,246,294,491,602,183,240,222,305,199,346,497,315,417,248,613,572,565,623,330,578,504,459,497,1088,1584,734,304,479,260,197,135,163,316,332,453,489,321,284,193,761,814,818,391,612,686,842,378,587,401,799,683,340,280,356,560,698,966,674,1098,754,471,355,337,609,665,905,465,371,745,314,240,242,365,256,235,216,365,364,376,195,402,304,209,325,203,123,190,145,702,820,310,297,584,475,720,197,416,423,296,376,374,516,553,1360,588,803,1203,1001,654,514,722,376,345,221,430,371,616,468,319,433,1284,1587,935,774,191,295,182,182,177,353,242,171,216,355,173,423,200,163,408,357,202,279,452,511,537,291,274,493,437,559,229,307,184,4149,230,469,2957,1984,1219,305,1746,1228,406,238,206,751,439,764,281,522,841,321,239,182,297,179,101,254,419,488,274,282,434,513,270,205,146,251,305,488,548,387,499,345,643,485,834,564,289,629,270,286,534,872,1333,714,433,801,265,287,188,172,390,276,413,551,329,313,230,630,743,946,764,540,447,598,372,358,395,765,622,242,182,432,565,810,1029,472,947,411,447,368,488,753,422,940,446,189,886,303,358,277,438,192,178,145,286,277,432,227,263,291,281,332,243,144,133,122,537,728,205,218,316,339,463,270,211,611,274,277,676,676,443,1192,531,885,849,772,692,547,719,1002,408,337,521,765,475,595,520,339,726,976,1696,920,190,340,263,195,150,267,350,253,253,252,142,474,161,230,448,323,161,303,447,391,479,189,212,363,497,414,267,291,217
sub-74,2916,225,350,2323,1543,1266,275,1630,1381,401,246,414,527,300,630,200,387,431,221,257,234,275,203,157,279,480,367,252,308,386,417,191,128,183,202,201,312,417,341,387,299,492,544,504,509,265,284,267,252,378,1123,1528,711,381,545,160,141,110,177,344,213,404,473,223,289,141,590,676,713,368,565,576,715,343,423,371,728,506,322,280,269,426,526,765,621,1055,679,488,406,348,553,387,640,287,207,782,314,181,176,331,262,204,215,319,265,478,202,355,288,222,238,191,114,154,122,591,552,312,285,575,275,757,236,325,349,274,336,354,432,495,1156,579,749,884,765,447,534,582,372,379,261,332,458,355,405,348,418,833,961,851,690,152,271,186,158,170,311,264,216,175,278,126,358,134,127,215,304,170,239,453,518,497,262,269,420,373,475,238,342,232,2908,270,343,2362,1552,1096,276,1590,1111,317,297,262,533,369,620,186,324,573,237,231,147,293,223,100,355,272,344,390,268,315,384,212,145,113,208,309,429,488,383,449,289,392,446,557,494,235,539,363,245,447,890,1444,685,353,588,273,228,193,216,305,211,341,495,261,258,153,800,605,842,537,402,422,699,487,348,416,738,735,272,232,412,455,640,790,411,893,408,410,373,419,591,221,617,301,308,721,319,257,279,413,172,181,126,296,243,406,210,256,244,332,330,210,161,132,132,477,741,192,224,421,248,508,182,243,468,197,230,395,467,450,1193,413,930,1110,918,651,552,569,741,413,304,405,515,579,537,276,299,607,1324,1401,723,145,285,228,164,155,268,287,233,251,185,171,365,112,132,283,330,147,304,517,423,494,159,195,362,333,479,232,260,208
sub-75,3411,271,305,2535,1717,1282,261,1660,1229,404,152,282,459,388,525,123,277,475,236,250,240,244,225,123,469,415,350,336,194,330,425,193,185,186,303,179,310,510,320,447,269,440,617,445,354,195,477,291,248,326,1063,1489,708,361,630,183,159,118,163,350,236,426,519,269,306,153,615,609,822,311,473,559,645,312,476,355,644,642,339,223,382,532,701,1017,682,1129,567,471,373,298,494,457,704,276,190,811,300,174,296,335,287,229,215,339,312,386,212,366,304,159,285,156,131,200,170,578,630,246,316,586,386,561,219,328,347,281,421,331,463,547,1288,517,906,1131,825,616,670,678,381,454,269,311,502,331,507,406,442,925,1214,963,812,109,342,214,203,166,399,286,261,244,366,151,392,174,166,290,329,206,299,459,492,664,250,239,409,357,509,240,334,171,4099,358,355,2725,1711,1087,328,1492,1173,426,227,215,478,355,588,137,309,723,151,247,174,303,265,89,359,299,283,425,181,333,488,216,194,107,235,261,463,513,301,493,332,402,467,534,403,187,441,239,215,367,1062,1493,667,364,582,300,252,200,199,363,259,428,547,314,299,177,624,707,879,627,473,410,595,355,279,387,711,578,278,138,430,543,798,987,502,1070,420,407,363,462,546,250,629,300,141,819,309,327,340,421,179,183,141,294,285,355,268,239,233,253,323,194,158,124,169,531,706,212,201,492,281,594,215,234,539,267,304,573,586,410,1153,380,1011,881,837,634,730,782,874,515,313,408,565,375,398,277,298,653,1145,1222,763,139,408,291,212,188,445,205,281,293,237,123,461,129,167,305,344,160,279,522,435,505,173,181,380,360,394,260,307,269
sub-76,3755,278,459,3189,2151,1518,265,1877,1600,451,262,419,736,504,825,197,369,690,254,294,299,236,210,188,445,536,398,347,329,496,640,224,239,281,328,268,377,585,421,477,307,700,667,732,617,282,595,384,441,406,1310,1593,774,498,904,233,234,151,217,381,324,454,537,319,284,175,741,649,866,400,428,751,685,500,737,439,942,752,385,394,437,732,458,657,725,993,731,498,533,399,754,570,896,395,309,1188,456,248,290,436,411,258,239,386,335,406,226,463,343,222,318,243,122,202,163,601,750,332,294,646,373,814,255,432,455,267,446,420,556,592,1442,638,1071,1064,1137,825,686,921,408,430,263,467,452,517,559,343,409,1078,1409,993,871,180,288,243,179,222,458,277,222,249,377,213,507,258,182,375,360,228,323,628,639,602,339,300,528,492,548,273,358,248,3933,298,570,2980,2058,1341,363,1730,1264,520,348,281,693,497,927,184,277,783,213,314,240,352,284,101,406,287,391,455,240,458,672,272,278,171,340,328,506,582,466,446,301,597,446,466,574,223,576,287,280,431,1139,1688,693,426,681,401,310,201,161,393,257,400,604,347,367,195,833,926,1039,803,755,552,841,380,318,421,911,703,240,208,329,463,708,1080,492,1603,680,522,474,564,804,370,911,363,221,833,348,283,405,540,245,204,143,354,307,432,265,288,277,267,397,250,160,134,162,629,916,274,235,450,417,651,242,230,442,216,302,409,509,400,1506,536,1177,1421,1094,851,728,762,744,552,478,590,884,636,543,236,361,776,1805,1452,1110,166,322,325,189,205,397,341,379,279,265,208,537,189,194,459,345,190,313,721,489,634,177,215,398,297,586,291,332,228
sub-77,3854,265,293,2987,1986,1481,278,1694,1239,307,158,262,548,391,487,149,301,649,259,315,271,279,223,125,352,513,491,361,271,354,439,205,146,255,278,236,386,604,321,423,257,426,516,518,495,251,378,389,340,486,842,1023,731,337,638,165,171,107,165,353,268,507,535,358,372,191,500,1044,813,423,598,671,574,333,579,430,833,440,214,198,327,688,705,1178,755,1430,695,583,497,400,767,648,936,359,424,804,341,296,253,418,279,235,227,319,304,337,205,375,316,171,325,179,135,176,171,676,889,319,252,630,307,797,219,332,368,311,373,376,537,699,1203,634,1027,1097,913,653,698,863,471,447,290,262,527,602,777,448,436,917,1310,1131,1089,134,256,212,172,204,405,297,267,198,325,221,457,203,199,413,300,209,327,544,591,483,255,256,432,438,566,212,351,157,4058,390,400,2951,1940,1278,354,1635,1174,473,290,361,519,389,659,197,399,630,275,252,216,350,305,117,461,250,389,514,228,393,569,240,228,157,297,359,522,543,391,497,308,370,509,462,456,229,403,307,235,479,884,1280,656,366,620,320,201,168,140,336,275,344,495,418,391,204,817,670,927,527,504,480,902,436,398,360,882,715,290,169,517,564,889,1126,495,1126,482,497,459,505,802,379,848,355,242,645,288,209,348,499,187,210,134,328,260,388,284,311,254,254,322,179,221,145,181,593,718,254,228,473,293,692,248,284,526,213,222,573,582,429,1163,547,946,1008,925,700,592,690,670,496,380,405,624,535,579,379,423,768,1621,1161,766,139,277,215,164,199,463,325,326,180,264,166,399,189,214,460,296,168,308,625,438,539,196,249,446,435,471,251,267,243
sub-78,2806,137,499,2365,1695,1303,285,1943,1387,336,209,297,673,327,787,225,383,517,243,224,239,249,159,134,289,448,330,253,197,360,555,144,198,172,281,252,388,524,333,487,274,431,631,516,369,291,439,459,306,482,1023,1257,755,380,629,223,188,106,183,405,218,423,521,255,381,174,627,584,702,296,457,542,723,309,447,337,749,606,322,300,274,535,693,922,676,1071,621,537,452,383,701,549,833,283,382,820,278,192,292,465,339,288,216,300,271,380,237,379,273,171,262,170,138,189,172,611,690,262,256,518,259,668,217,320,355,286,440,335,378,507,1067,500,798,985,796,540,489,598,337,298,188,519,336,608,546,279,469,1065,1308,696,638,203,228,243,205,157,285,250,199,208,342,161,508,147,161,251,342,210,277,402,509,406,277,235,414,368,477,250,350,182,2912,219,562,2350,1557,992,307,1685,1127,403,237,213,579,363,828,208,331,592,181,155,149,274,171,112,341,281,345,508,252,355,580,251,178,115,220,341,450,572,391,493,328,496,444,478,479,223,551,349,270,427,751,1117,735,339,565,257,294,217,253,373,251,398,503,319,297,185,666,683,937,580,546,405,775,342,302,355,780,654,190,172,407,479,838,1043,457,1297,492,453,475,551,784,289,686,335,255,744,336,292,321,403,171,183,142,319,262,307,257,258,221,280,360,204,160,140,138,425,772,251,198,423,213,532,215,260,566,271,266,481,576,464,1077,462,733,874,716,485,466,504,870,454,306,549,398,578,539,232,259,615,1411,1598,829,172,258,273,194,125,236,170,171,240,199,145,402,132,149,313,340,168,255,592,400,438,219,223,406,429,395,266,321,228
sub-79,4291,245,464,3266,2166,1632,341,1927,1437,583,207,431,600,488,817,170,331,628,271,297,284,321,225,160,534,517,416,433,291,386,585,295,191,277,322,283,464,665,407,522,324,661,736,609,647,268,397,495,470,450,1209,1440,807,592,922,200,271,185,221,439,310,484,599,334,401,179,908,993,966,500,731,733,847,447,631,389,793,618,252,237,331,565,643,997,678,1346,851,591,535,457,756,591,968,332,371,1226,417,259,276,361,332,243,236,366,332,389,231,438,318,209,299,236,168,198,158,645,599,389,315,654,324,1082,214,382,426,362,464,402,485,670,1456,656,1005,1181,1106,638,628,771,455,309,307,468,538,583,526,374,381,1013,1898,1359,1121,135,329,266,222,192,384,328,252,269,320,235,507,201,208,351,330,225,265,595,522,656,311,277,518,477,612,235,373,236,4347,383,507,3313,2205,1448,399,2012,1325,574,429,450,538,442,906,196,370,775,236,277,226,425,292,133,597,364,438,583,247,457,628,282,223,166,249,365,552,639,375,511,346,568,422,575,559,261,736,396,344,497,905,1195,809,430,631,409,311,329,255,356,313,399,568,386,391,247,1067,756,1057,778,755,582,761,392,371,375,876,689,260,199,448,577,856,1210,527,1460,721,524,468,559,877,429,996,411,304,792,373,310,411,467,204,219,162,366,332,440,284,268,291,264,324,223,182,155,187,409,926,262,237,508,244,697,248,347,554,225,296,488,601,510,1320,552,1113,1178,1062,739,804,850,726,600,394,565,647,739,640,302,296,867,2099,1135,871,160,315,270,189,191,486,338,327,276,274,170,494,194,240,460,319,201,292,662,449,595,231,243,506,447,568,273,320,290
sub-80,3112,300,342,2483,1713,1230,238,1912,1421,522,242,427,469,395,652,135,310,588,200,288,269,228,276,159,423,508,288,314,201,415,451,196,165,231,293,203,354,561,295,436,308,382,584,707,346,209,533,320,285,324,1160,1463,771,326,635,257,202,146,219,360,342,433,544,299,282,159,798,778,893,354,506,647,764,380,672,430,717,698,312,286,359,751,689,907,665,1059,631,489,410,371,662,598,915,321,261,880,421,198,319,500,369,282,207,327,382,343,195,440,293,187,296,211,150,166,172,729,818,425,274,694,277,1028,236,406,472,321,429,459,537,611,1288,516,1164,992,1045,645,890,956,458,460,279,328,377,546,491,260,583,1488,1489,884,737,122,300,219,204,220,533,210,303,222,297,216,474,215,169,346,313,221,314,485,678,458,293,281,528,452,517,231,349,251,2969,415,361,2466,1787,1203,341,1791,1049,510,333,266,505,412,653,168,295,691,253,204,227,396,313,124,329,350,408,337,231,409,427,281,197,154,285,371,493,579,398,501,433,634,508,760,532,213,658,357,273,396,897,1224,696,369,703,444,288,266,229,360,296,388,506,413,382,216,779,738,1054,554,444,510,790,394,419,395,896,734,266,203,474,618,816,924,509,978,478,469,514,588,883,372,987,398,225,975,356,304,491,537,190,199,138,307,296,390,251,306,259,283,331,249,220,142,166,520,825,334,192,481,213,943,179,283,564,256,238,416,565,434,1129,445,1121,1208,1232,694,843,818,722,606,532,347,760,529,513,366,379,877,1230,1102,762,140,331,281,198,217,501,264,271,288,254,200,399,197,226,512,327,159,299,610,496,695,201,240,428,340,458,273,299,274
sub-81,4266,250,423,2955,1804,1288,252,1904,1473,495,174,346,565,422,652,158,362,568,259,245,294,260,236,177,509,672,267,511,155,290,599,231,202,204,264,236,421,604,350,418,268,420,645,725,372,208,331,260,250,394,1158,1314,778,403,614,183,204,146,209,387,312,400,504,321,409,181,818,893,799,512,679,760,792,428,584,385,813,520,330,287,361,549,655,1069,682,1350,804,629,531,453,744,645,983,363,255,976,416,299,201,418,323,233,240,392,395,394,251,396,360,163,350,219,157,204,137,577,657,275,277,649,501,531,272,413,475,299,374,455,625,709,1340,632,966,932,879,653,712,700,620,470,304,465,511,407,599,437,381,924,1244,1214,940,155,321,195,170,208,363,274,247,231,274,236,424,261,217,364,344,224,335,565,493,528,318,297,535,516,499,269,382,216,4530,361,470,2705,1599,1062,345,1588,1142,439,276,226,520,537,941,234,503,795,255,196,177,299,235,108,551,344,264,429,231,447,616,267,231,166,293,349,472,634,385,453,390,402,490,610,401,270,535,288,212,500,824,1260,705,406,518,323,320,288,241,402,346,330,510,379,352,223,710,792,882,820,711,528,727,503,397,401,890,660,273,196,454,586,798,1012,555,1395,655,493,482,591,839,400,941,355,196,766,293,282,310,388,166,180,142,357,251,462,279,319,346,223,389,229,182,179,166,393,760,234,225,505,420,597,239,257,568,239,295,663,547,497,1174,442,1094,945,1066,759,772,762,860,747,420,553,645,470,601,396,240,648,1759,1718,978,216,320,310,200,175,410,271,236,293,213,154,519,217,233,421,377,177,316,727,488,489,191,230,444,424,471,279,297,298
sub-82,3256,387,278,2468,1513,1033,259,1911,1453,414,205,371,477,407,568,161,322,595,202,198,206,228,303,150,462,507,412,331,241,366,480,247,161,239,270,257,407,575,356,404,221,511,521,684,511,337,487,450,393,468,1000,1197,800,483,709,177,189,125,179,309,283,380,386,278,352,154,498,534,743,354,519,590,571,437,641,449,844,513,288,247,295,581,451,659,738,1091,635,539,458,392,683,527,835,307,283,925,268,206,212,334,273,216,221,348,282,455,220,446,373,187,342,218,150,177,180,528,777,284,244,571,355,631,240,426,514,287,348,513,634,675,1162,665,1023,985,913,711,803,985,462,480,410,310,524,460,519,316,368,1033,1038,901,995,139,284,192,176,206,613,196,285,201,327,205,441,171,154,266,355,193,343,472,585,449,295,269,534,487,575,264,292,176,2945,322,362,2301,1615,1085,324,1963,1207,403,256,238,537,384,736,226,438,768,239,180,165,266,233,122,417,402,357,408,234,460,468,260,159,140,249,367,524,607,369,529,319,357,487,763,383,235,488,306,226,491,945,1374,761,624,705,302,274,157,178,336,257,355,524,351,354,194,557,660,860,614,443,427,556,408,350,395,811,647,258,198,356,488,513,811,462,998,440,444,381,502,691,278,706,309,185,983,228,369,285,380,159,174,152,354,252,469,242,303,321,285,367,222,143,154,145,409,636,245,207,488,208,522,247,269,588,248,273,643,566,405,1232,458,995,941,933,800,807,820,897,678,434,419,674,463,616,389,244,632,1253,1794,1131,149,244,326,195,150,423,226,243,283,234,173,431,149,203,286,379,177,359,551,463,471,214,270,426,431,424,292,295,247
sub-83,2864,306,337,2472,1678,1284,276,1631,1246,312,184,282,480,393,630,152,324,523,227,213,268,265,263,109,338,429,426,325,270,413,455,179,175,225,311,241,397,551,349,383,227,616,444,538,609,237,599,438,414,410,923,1334,679,357,747,185,226,166,216,266,218,403,397,316,387,172,547,515,755,317,332,526,655,360,577,335,695,546,242,188,359,649,467,550,570,692,420,524,433,366,615,562,776,301,336,723,272,182,207,323,260,216,190,273,243,418,180,401,313,189,272,176,128,177,133,509,651,409,296,642,287,858,185,273,348,325,424,334,364,506,1148,475,949,1045,983,638,576,685,337,453,312,324,504,431,499,383,294,785,1083,1015,992,117,278,218,212,224,396,295,242,235,372,213,419,160,181,279,327,190,275,404,505,459,213,204,387,362,505,205,257,158,2986,362,425,2493,1668,1110,287,3237,950,602,241,332,476,393,655,136,225,644,150,235,190,318,272,90,295,357,324,296,177,364,507,273,207,141,266,345,515,540,357,500,311,323,466,667,339,152,321,233,156,279,709,872,987,576,858,502,250,192,178,336,301,371,482,319,320,168,618,596,888,524,492,493,536,395,308,329,717,556,171,169,234,343,434,671,287,1193,601,418,422,448,643,279,689,320,199,808,320,261,287,629,207,201,126,317,311,363,253,274,244,278,317,225,156,135,139,337,489,268,248,426,254,745,234,221,467,276,280,542,522,408,1285,495,879,1127,1076,744,546,649,534,435,370,391,615,333,456,218,350,691,936,909,624,116,336,271,207,188,393,235,285,266,198,147,393,150,202,327,310,146,298,686,343,513,164,179,375,442,476,244,289,236
sub-84,3772,260,414,2813,1794,1189,259,1886,1254,475,226,371,550,335,785,172,342,560,207,221,234,239,208,128,311,433,352,275,253,399,487,175,185,209,313,219,336,477,353,381,222,565,423,449,490,366,486,376,385,393,973,1438,728,370,503,222,166,109,152,259,243,332,408,270,365,136,584,634,650,334,399,616,596,404,487,371,760,548,372,287,390,605,478,655,621,862,401,524,465,390,633,516,841,316,283,783,285,161,189,285,260,213,187,298,249,340,157,368,300,182,278,183,117,171,150,490,564,307,238,548,392,656,198,261,272,245,398,260,446,544,1265,450,1000,1123,947,776,682,739,384,440,254,459,377,371,463,296,302,713,896,996,834,161,285,187,175,152,373,192,217,201,339,156,377,201,162,279,300,188,282,441,502,638,210,224,306,291,460,212,259,143,3431,315,502,2659,1848,1143,342,1637,1209,370,312,253,586,275,829,203,371,623,198,207,167,357,257,96,320,289,382,318,244,381,513,205,171,116,213,427,590,485,445,542,271,586,413,528,596,235,408,248,254,443,956,1302,756,374,601,390,208,142,149,282,197,340,443,299,308,160,632,607,880,568,538,467,815,337,298,328,749,686,253,172,330,410,734,827,337,1068,499,402,386,436,684,293,831,298,168,639,229,227,347,408,156,181,130,303,253,316,234,229,230,216,264,170,144,118,141,511,584,230,173,375,249,485,184,204,499,213,234,495,587,477,1111,395,753,848,745,561,545,618,837,634,424,551,607,317,550,344,321,558,1021,1478,823,186,272,193,172,168,377,252,254,196,219,137,392,152,189,382,297,155,259,540,376,462,178,182,324,367,398,223,226,196
sub-85,3539,295,314,2719,1949,1455,276,1622,1227,429,208,355,470,390,582,119,250,547,187,334,307,248,247,153,355,433,302,274,243,335,511,208,165,201,233,233,350,516,316,381,254,327,455,409,371,189,339,256,223,256,879,1013,693,324,500,213,215,172,192,302,277,457,462,286,376,169,660,740,848,405,449,638,739,399,522,371,746,594,324,298,352,534,530,705,582,1004,662,521,473,366,703,582,940,314,219,816,337,219,231,310,265,211,211,308,267,367,226,369,297,198,311,173,116,175,157,467,636,252,243,559,345,554,213,339,336,248,384,339,437,614,1268,603,1070,1005,787,592,685,792,428,437,270,350,435,395,382,281,343,1027,992,910,650,119,300,197,161,215,437,273,283,204,296,185,410,236,187,324,330,204,284,492,490,494,260,246,419,403,549,223,309,160,3506,287,484,2866,2002,1364,353,1557,1089,359,276,210,469,391,684,142,270,569,228,273,222,370,247,128,474,226,248,426,206,321,539,221,221,130,248,259,400,486,315,365,269,377,370,426,365,194,425,311,203,338,801,1157,665,277,463,315,222,157,145,319,247,428,513,292,307,183,718,675,919,599,477,421,774,527,394,352,814,697,318,224,537,558,749,807,517,1011,500,415,396,507,705,346,848,361,242,651,302,230,295,404,176,198,152,343,277,340,247,249,249,247,302,214,174,146,150,398,637,238,217,414,296,460,207,252,483,217,236,497,525,467,1168,467,802,837,740,547,471,634,675,459,303,472,541,447,508,293,281,730,1395,916,635,143,361,272,172,184,364,270,309,291,184,142,352,145,180,370,314,157,313,585,474,449,202,248,415,420,448,230,298,207
sub-86,3715,318,397,2848,1860,1426,278,1719,1315,368,181,325,576,392,628,181,403,578,217,263,290,269,229,182,341,634,457,316,259,372,574,225,218,268,317,266,445,627,383,443,264,570,601,703,602,299,447,455,374,548,984,1104,711,342,584,190,211,157,205,336,292,337,405,298,373,196,586,862,707,506,641,666,638,447,782,477,833,512,260,255,367,674,580,836,581,993,678,550,383,392,744,654,964,419,385,930,316,301,202,370,304,218,239,346,277,483,241,469,405,186,334,211,143,206,163,492,623,275,240,533,312,582,282,349,432,303,480,404,574,785,1393,770,1097,1151,923,654,856,786,524,647,254,397,429,609,512,328,382,1115,1767,1305,901,168,316,241,205,207,477,310,235,259,350,223,428,236,207,365,395,212,377,413,586,539,296,268,476,547,679,263,330,237,4015,288,403,2977,1981,1282,351,1578,1130,475,259,257,578,448,693,227,406,761,276,205,166,346,231,132,360,264,542,420,319,463,544,279,258,190,328,301,487,622,357,445,306,487,399,513,599,273,381,289,297,511,805,1094,714,380,559,359,273,227,203,360,315,481,548,413,356,207,809,723,1113,597,546,516,665,568,545,396,783,720,262,189,532,785,779,946,580,1207,547,497,389,430,672,358,861,425,246,764,346,236,283,414,167,179,151,339,231,496,329,332,345,293,370,250,185,197,181,319,607,224,257,420,292,547,266,332,592,246,281,541,628,501,1359,507,1072,949,893,643,788,730,1090,739,461,395,818,463,607,429,240,622,1290,1550,856,147,316,266,195,156,376,359,241,256,323,239,433,210,244,414,372,167,362,619,531,572,231,246,482,453,465,314,311,272
sub-87,4733,288,413,3478,2088,1373,285,2121,1459,441,257,439,660,446,693,197,389,597,372,190,228,252,207,158,439,499,399,381,258,395,583,224,206,240,349,248,360,530,355,483,299,367,606,556,426,273,463,376,326,446,1049,1217,877,408,667,271,183,156,210,346,331,428,530,312,367,168,723,649,870,341,499,685,741,471,760,407,725,709,440,333,517,813,542,747,628,1048,739,579,525,464,798,597,893,344,366,790,394,193,274,384,337,279,227,331,313,423,195,407,352,195,336,189,123,202,182,628,732,356,263,661,328,877,226,430,330,266,465,411,486,571,1502,743,1179,1264,1106,647,848,819,539,520,229,446,461,637,811,499,364,1013,1985,1090,979,141,342,258,188,179,419,284,202,257,342,219,492,231,187,303,322,234,320,537,599,623,279,261,461,522,721,233,375,249,4684,292,532,3240,2176,1453,357,1972,1316,381,296,217,620,402,851,209,382,790,285,310,226,359,262,109,516,366,450,501,264,470,608,211,222,154,312,300,445,519,428,475,357,417,512,607,515,196,417,229,214,413,1165,1659,771,458,782,313,266,191,167,376,299,510,667,395,384,211,552,801,1027,732,686,495,759,400,346,446,872,722,252,203,462,618,812,949,441,1306,600,527,494,645,880,369,877,431,168,721,207,363,385,501,245,204,146,346,291,443,277,270,277,339,438,307,178,139,138,439,726,222,229,452,275,675,257,322,499,209,252,567,512,386,1561,584,884,1548,1269,808,547,727,623,438,432,517,796,512,531,380,335,806,1493,1450,904,176,308,318,169,202,392,389,358,285,351,199,492,171,222,430,328,153,330,635,531,735,195,231,464,507,544,277,354,255
sub-88,2977,161,329,2606,1776,1382,283,1737,1277,357,247,395,502,391,605,166,389,572,216,225,238,252,159,148,573,514,383,361,239,464,471,162,226,236,346,203,304,474,307,371,237,440,542,677,407,246,416,267,241,418,954,1189,737,430,612,216,164,112,167,354,257,414,468,281,362,185,738,789,697,441,445,546,695,367,681,464,782,491,246,230,303,528,515,745,497,814,487,500,402,357,667,645,879,354,205,1005,366,294,209,339,323,248,206,385,319,328,202,415,285,185,313,180,128,171,147,506,633,294,232,530,345,628,222,367,398,247,364,514,523,491,1303,740,596,844,716,484,473,685,415,271,176,327,370,392,421,310,423,1178,1143,937,687,141,236,197,147,127,304,258,198,179,466,225,344,205,170,404,278,202,328,409,506,469,238,286,487,571,413,200,280,157,3000,191,401,2531,1870,1214,317,1839,1212,524,289,265,681,374,703,225,453,618,246,242,167,317,170,100,321,337,449,323,290,376,464,182,174,126,301,280,461,512,381,502,315,498,493,595,469,240,462,259,247,486,831,1169,752,433,650,436,231,171,172,331,277,355,435,274,274,199,604,601,764,592,472,402,552,394,375,412,820,677,196,138,357,543,739,887,413,1048,492,452,378,470,685,311,807,365,234,869,316,315,328,419,177,203,126,337,259,325,212,299,264,235,348,199,158,166,160,382,704,187,187,396,269,476,240,231,450,205,213,595,409,292,1250,449,703,841,821,535,466,543,574,384,380,405,716,479,535,391,305,863,1264,1388,777,165,314,223,153,125,239,390,264,246,237,197,317,174,211,417,302,152,340,522,469,490,145,212,340,398,310,235,261,203
sub-89,3586,181,469,3095,2091,1415,278,1789,1347,383,216,322,619,426,632,208,393,538,208,262,210,275,171,168,322,462,451,325,281,415,545,186,222,241,326,188,369,551,317,421,247,451,509,520,485,247,665,460,361,432,941,1262,806,379,714,237,235,185,232,310,330,411,505,268,280,194,738,732,733,322,494,647,742,400,623,379,791,784,278,302,304,568,612,949,713,1165,657,503,549,434,723,618,939,391,312,890,385,202,373,420,378,275,224,353,343,382,216,443,316,251,307,211,119,192,167,848,1070,392,262,630,343,930,269,380,446,273,419,468,539,620,1253,600,923,1002,982,619,568,678,538,326,185,386,355,577,467,341,624,1256,1333,1071,773,181,251,176,166,158,317,253,218,170,395,171,413,224,186,362,350,199,299,525,492,448,333,279,501,521,525,235,334,254,3912,368,451,2780,1881,1235,374,1627,1248,460,273,278,586,433,705,204,332,780,235,265,200,360,298,109,244,278,335,354,200,356,549,219,236,163,343,270,442,571,338,467,326,354,513,556,417,227,382,411,335,506,845,1098,763,382,691,339,226,160,153,412,260,488,611,315,289,207,705,636,943,627,540,456,739,407,327,357,916,910,331,218,471,545,774,1061,600,1349,544,496,522,527,829,347,983,394,352,827,323,269,426,482,171,221,136,312,241,360,233,265,247,281,321,195,179,144,197,413,806,268,199,455,297,821,222,279,541,212,239,497,621,457,1083,435,811,853,1076,572,590,687,882,660,484,442,597,547,567,316,316,535,1425,1314,849,118,230,214,173,186,401,301,321,171,227,197,466,191,201,415,338,183,304,676,557,487,199,199,418,428,456,252,337,210
sub-90,4090,265,349,2712,1707,1154,246,1966,1742,465,216,359,438,484,630,134,295,614,228,270,248,217,265,153,427,445,431,397,248,391,525,248,229,305,348,272,430,629,419,462,298,517,635,538,484,273,472,379,313,488,1286,1615,874,535,883,171,235,153,207,416,343,491,525,351,415,196,733,743,954,364,839,844,717,483,660,487,1024,530,236,221,346,511,625,1023,826,1668,1187,594,614,424,777,643,850,339,301,1176,336,211,285,531,379,273,235,356,352,430,230,517,327,173,323,192,195,217,236,670,708,417,270,649,423,1029,247,425,490,309,382,471,578,679,1364,632,1039,1072,1087,726,659,794,513,498,381,365,571,443,647,428,581,988,1265,1290,1187,95,308,210,174,223,379,271,312,213,381,230,394,254,233,313,341,228,401,680,580,571,299,306,569,509,593,246,387,250,4287,343,437,2912,2008,1413,331,1986,1390,665,325,305,595,471,684,176,314,780,247,294,245,398,295,129,531,371,379,554,224,444,548,362,237,167,288,319,542,713,470,575,373,443,527,521,430,224,536,374,241,497,1035,1607,825,465,616,395,372,295,231,392,361,463,674,371,373,222,676,781,997,734,683,545,695,546,415,501,1105,852,271,218,568,743,723,895,582,1345,715,502,501,549,890,317,746,380,272,1072,438,319,457,511,193,198,149,370,324,407,247,350,297,251,413,231,215,172,188,544,862,243,238,467,362,775,184,288,483,236,219,518,595,484,1229,474,1056,1086,1126,797,751,836,906,558,476,400,927,571,646,392,335,777,1541,1432,1051,164,355,265,176,224,415,399,381,272,251,188,414,218,254,324,334,173,367,725,650,557,207,297,446,438,455,235,344,295
sub-91,3081,260,363,2631,1886,1379,303,1963,1280,383,362,477,608,354,631,203,406,599,243,234,249,279,208,148,566,491,275,324,190,331,532,251,162,184,256,282,443,627,359,509,298,415,638,541,348,232,434,259,222,361,1030,1374,772,402,621,276,207,140,191,399,318,394,500,365,431,167,1009,788,794,476,510,648,1094,242,443,326,791,601,248,330,227,391,516,852,700,1090,601,614,474,404,779,575,910,278,223,870,384,258,291,435,341,257,211,364,364,413,192,324,332,228,276,214,133,182,178,659,691,461,249,650,229,965,201,394,367,260,341,376,530,589,1196,517,703,809,881,545,471,795,373,247,170,371,332,387,432,298,434,1335,1294,777,604,162,277,163,166,187,377,245,198,206,294,212,385,230,215,345,321,240,265,492,480,543,254,291,478,476,381,245,342,194,3141,306,400,2705,1780,1180,330,1692,1155,381,350,242,532,384,729,189,431,708,248,205,193,330,232,110,415,341,352,495,255,350,444,285,151,138,258,299,494,668,327,450,332,349,535,534,366,259,479,337,257,586,808,1106,738,419,572,322,298,185,169,380,297,515,750,416,398,209,746,775,1213,784,599,504,965,359,320,367,839,765,343,248,572,654,1155,1240,551,1288,544,500,398,491,785,323,784,359,276,850,311,320,399,432,192,188,141,363,287,456,240,263,283,333,360,263,143,147,159,347,657,241,169,443,173,777,189,242,517,178,227,521,563,436,1254,424,731,912,1028,612,509,545,785,573,355,414,606,467,694,445,248,693,1359,1476,941,139,290,225,166,167,373,311,260,219,206,213,399,171,255,415,342,180,291,603,488,574,177,216,377,419,400,272,338,221
sub-92,2921,198,669,2506,1744,1194,285,2154,1450,434,197,331,684,436,1292,272,534,657,227,209,226,238,173,216,658,467,481,447,277,569,828,342,284,229,273,255,393,631,323,521,305,473,642,517,626,412,418,598,506,601,1148,1249,893,458,611,239,256,164,204,412,311,508,563,323,342,205,718,584,928,367,440,751,697,496,811,503,785,739,425,318,505,835,591,740,652,1122,745,553,421,351,668,619,942,398,554,827,377,183,306,476,364,283,237,459,430,463,241,526,391,260,341,227,184,234,211,713,733,281,271,605,357,714,261,557,469,242,475,415,571,634,1343,745,1192,1270,1071,825,720,864,440,365,186,834,404,748,678,307,463,1418,1889,977,785,324,204,223,188,178,357,262,166,226,415,197,486,234,176,369,383,251,446,527,600,531,310,368,676,550,691,283,373,200,2763,319,436,2561,1827,1176,322,1922,1280,350,280,213,665,415,726,243,449,692,264,184,202,326,223,177,550,365,708,529,298,550,597,344,200,157,290,423,771,774,512,595,363,726,588,679,833,306,715,490,412,613,1064,1602,784,455,1020,372,261,165,159,392,254,463,616,412,334,264,731,620,1068,594,436,427,671,742,620,494,798,934,369,246,616,797,657,795,431,870,427,524,313,474,840,390,850,425,291,822,327,291,474,608,226,189,155,475,434,501,328,445,352,342,408,302,241,185,204,743,928,284,203,445,269,736,253,437,699,228,229,631,570,431,1364,540,933,1153,1153,817,644,768,726,628,369,507,544,602,629,327,504,1276,1698,1895,951,182,395,334,161,186,391,269,215,314,339,253,379,176,228,392,403,188,453,407,561,503,264,332,594,508,513,283,325,186
sub-93,2458,269,279,2236,1482,1124,220,1553,1205,453,206,318,402,368,525,142,348,572,222,212,238,213,224,112,302,366,352,260,203,292,372,241,145,175,236,187,373,693,351,351,221,455,470,487,460,254,505,344,278,406,849,1104,710,430,619,223,197,141,188,322,231,273,396,254,340,187,547,570,610,337,433,600,637,409,544,384,719,693,426,301,536,690,484,642,630,900,557,496,427,342,636,609,854,359,237,816,277,164,232,339,221,199,211,286,271,300,214,346,279,207,279,180,119,167,149,390,653,370,236,615,224,902,203,306,368,245,363,368,451,546,1146,544,1248,1147,961,793,816,951,398,361,397,313,512,423,560,400,313,808,1120,1051,1099,128,246,163,172,177,447,280,253,179,233,195,384,272,170,416,306,190,286,478,527,509,265,222,377,394,544,239,263,243,2764,225,351,2359,1557,991,203,1395,971,396,291,240,514,369,675,169,376,665,233,162,125,253,174,88,367,236,417,396,291,459,354,184,212,164,361,210,376,465,353,310,226,454,320,467,473,271,411,264,219,485,740,1207,650,291,540,356,227,156,135,286,271,407,491,358,344,223,808,649,927,494,457,448,833,521,385,408,776,823,363,234,500,529,647,951,365,960,488,483,396,475,698,360,790,393,164,767,345,209,290,337,156,172,131,315,232,326,250,291,217,285,328,202,152,139,136,321,691,241,188,453,183,558,195,225,434,225,271,387,506,433,1288,477,1096,1350,1082,785,712,660,713,532,355,359,692,432,540,422,206,613,1344,1208,899,155,296,200,202,131,345,298,193,222,278,239,347,197,222,434,307,152,319,516,397,661,182,174,372,360,608,250,267,208
sub-94,2769,169,352,2333,1630,1243,305,1708,1442,439,206,365,466,389,671,192,352,574,243,179,212,268,147,130,415,449,537,363,301,476,489,227,170,236,329,195,387,513,356,401,240,484,523,518,605,235,459,393,380,386,1064,1326,793,390,551,172,209,183,206,323,325,359,472,279,256,130,668,759,769,391,458,636,803,427,595,346,742,487,228,232,313,593,658,820,673,1007,640,495,453,377,711,525,895,296,279,848,342,225,227,329,264,228,201,337,316,359,176,469,322,171,297,215,162,216,174,661,806,284,254,582,258,625,201,369,381,244,360,340,480,592,1226,679,746,912,809,537,612,709,540,404,179,361,409,557,482,350,355,1006,1650,1166,874,174,292,188,132,140,338,223,170,189,412,217,361,236,159,337,300,221,286,505,565,495,242,256,463,437,531,207,322,254,2975,225,419,2436,1550,1031,292,1609,1175,367,276,233,544,387,740,239,430,630,258,176,165,305,219,119,433,290,407,573,268,516,581,221,202,149,288,283,444,471,364,390,323,511,380,547,513,208,428,265,245,441,843,1205,727,405,583,312,278,185,184,345,298,382,474,361,315,191,546,650,961,583,509,501,814,368,331,300,789,829,279,189,473,551,970,1045,518,1132,524,484,416,539,733,343,880,332,247,725,253,260,350,440,182,187,141,374,274,367,231,264,245,265,285,248,157,143,172,389,675,233,197,455,222,550,221,305,554,205,228,518,604,529,1190,547,841,957,838,596,482,606,762,368,329,419,639,492,564,406,284,687,1475,1137,851,165,299,222,176,154,288,254,234,237,332,146,373,164,201,434,320,166,277,557,470,529,210,262,463,515,472,246,271,201
sub-95,3367,232,296,2144,1352,1051,193,1575,1263,370,175,316,364,354,614,121,271,481,147,249,260,195,224,146,365,483,304,315,199,352,440,198,163,183,248,211,311,491,308,358,219,410,548,591,432,191,290,303,251,318,773,901,710,380,615,178,164,123,177,309,233,325,400,235,292,135,665,663,637,384,386,544,679,299,459,299,594,516,270,221,215,392,457,628,469,786,483,460,347,274,500,479,776,314,284,923,317,217,212,359,321,253,224,341,280,325,194,331,260,168,246,157,129,181,156,390,571,418,247,637,345,758,188,359,454,235,360,467,572,573,1109,499,784,688,827,581,568,689,392,287,265,318,360,460,366,258,292,859,1036,774,607,111,225,190,153,189,315,185,219,171,259,160,329,162,143,292,327,193,259,352,379,430,291,266,468,478,299,228,285,174,3032,264,430,2172,1492,1024,236,1478,1016,461,278,255,492,330,725,168,363,561,192,227,190,284,217,107,299,320,241,412,175,288,446,174,173,104,224,261,365,437,293,360,265,399,412,585,345,186,345,249,233,407,761,983,672,361,511,282,223,159,151,290,174,328,460,332,287,167,597,595,857,585,370,387,646,342,286,289,592,607,205,199,347,406,557,639,323,892,389,428,362,463,559,239,700,331,178,764,270,279,380,372,153,171,129,319,252,349,253,244,217,264,236,146,148,129,159,291,571,231,171,396,246,678,198,257,470,187,222,416,586,439,1016,358,854,865,1078,672,488,569,865,494,374,449,575,351,436,312,188,596,869,1322,639,171,223,238,169,182,316,253,251,228,177,120,328,153,176,295,297,164,268,481,335,446,175,235,380,386,400,250,266,173
sub-96,3697,202,358,2851,1779,1186,262,1673,1187,395,191,323,341,332,705,115,259,562,150,212,242,224,168,112,324,361,232,273,172,298,509,157,168,156,241,166,294,393,244,361,244,367,502,431,330,199,369,306,224,332,830,966,697,320,433,186,114,90,152,324,259,332,456,260,342,153,531,609,668,277,455,608,619,321,522,381,731,458,278,225,314,543,542,838,654,1160,685,474,453,373,674,473,797,251,242,733,277,168,177,343,273,209,201,320,275,360,180,338,275,167,286,163,107,163,117,453,632,311,277,588,409,836,243,319,368,302,361,388,465,600,1158,494,722,804,804,530,599,739,402,331,204,408,360,408,416,291,368,794,1109,900,703,121,313,206,162,157,318,210,169,224,246,135,380,174,182,272,337,172,273,511,519,527,225,221,387,395,399,228,297,191,3717,252,423,2799,1898,1169,294,1335,996,306,218,192,547,357,699,174,321,615,203,219,150,261,219,96,295,209,254,352,154,297,530,209,217,116,255,266,393,465,315,325,240,367,338,408,317,176,403,295,186,379,769,1144,682,252,407,272,215,171,171,303,262,363,482,278,278,144,554,578,857,578,541,454,610,389,357,378,758,555,244,136,482,504,857,952,463,1337,591,404,388,425,624,244,733,287,215,577,210,197,273,330,149,169,129,294,208,354,223,272,259,243,326,172,135,149,152,362,631,214,224,387,334,610,183,205,483,211,220,444,484,398,1039,391,856,925,815,637,581,623,733,512,369,445,684,444,476,315,217,553,1100,1185,839,140,282,216,157,141,366,320,259,244,194,168,330,138,156,260,329,161,320,602,478,480,170,180,352,353,452,237,271,262
sub-97,3414,237,352,2491,1699,1335,281,1695,1332,455,197,330,492,400,636,172,393,598,212,215,227,241,189,153,385,617,487,348,278,395,439,240,166,244,304,212,386,596,350,417,245,548,623,769,670,328,351,480,468,571,900,1128,753,447,783,219,229,163,174,322,322,512,577,269,258,201,684,768,919,449,513,594,653,402,633,444,817,600,310,266,334,522,536,794,649,1049,607,519,497,397,665,667,910,420,409,935,308,228,229,394,284,232,206,323,315,448,193,435,397,189,368,213,145,215,180,538,608,336,262,590,267,918,241,404,398,267,410,427,468,510,1376,586,891,976,950,615,647,808,495,410,278,340,497,487,619,363,400,895,1158,1049,953,138,228,245,175,181,406,305,185,196,346,211,425,220,165,378,336,241,393,542,497,553,249,300,477,463,511,224,336,186,3534,213,402,2484,1694,1203,351,1521,1068,346,279,226,518,397,713,184,359,778,215,234,206,328,192,123,453,463,510,435,341,480,441,223,196,151,343,300,467,554,350,444,305,397,517,785,586,310,456,420,328,577,800,1194,671,311,587,329,241,139,141,365,248,576,745,378,381,227,866,781,1148,719,472,470,815,588,467,374,765,744,302,212,556,694,786,849,426,1067,491,463,417,437,728,345,895,430,332,763,386,431,361,541,196,202,160,321,323,400,258,378,288,281,373,243,187,160,157,543,830,220,190,455,227,607,202,256,517,198,246,492,519,496,1239,526,952,1225,991,698,561,581,838,396,229,427,541,629,745,345,408,865,1617,1158,815,144,210,229,184,180,269,278,233,190,372,217,431,194,228,392,339,177,386,616,443,576,204,233,426,432,513,246,308,158
sub-99,2756,274,387,2701,2061,1536,303,1873,1587,416,229,373,526,489,884,177,422,654,201,309,362,335,207,184,484,653,535,331,344,497,540,305,203,268,370,237,387,694,339,485,336,480,580,719,598,387,453,431,450,710,1251,1459,815,438,687,252,226,171,241,404,283,486,543,330,372,175,770,976,925,529,632,704,797,393,648,485,951,601,326,250,424,665,681,990,776,1301,788,510,490,394,805,547,988,347,375,1023,370,295,261,394,412,247,214,386,399,376,257,460,320,223,361,212,170,235,190,807,765,434,341,653,213,1015,230,392,410,344,537,388,493,657,1325,663,1344,1116,1078,832,1049,1010,485,600,302,461,567,514,692,407,510,1285,1799,1531,1070,150,265,241,260,236,491,294,257,257,471,261,452,228,180,427,350,227,327,513,690,550,328,307,512,536,668,268,357,199,3028,396,393,2609,1805,1223,357,1658,1272,591,291,226,571,461,827,226,422,761,225,169,166,344,235,144,402,370,530,490,357,555,535,426,196,136,281,328,613,787,481,548,412,578,518,606,653,333,711,560,386,556,1034,1510,729,443,505,336,349,268,228,409,245,408,602,443,429,205,741,872,1294,736,686,609,721,534,450,469,903,827,322,207,470,591,812,1123,641,1469,628,543,431,510,720,360,1065,407,448,1025,399,402,371,551,226,228,157,358,295,415,303,344,289,296,411,233,223,162,210,584,1167,255,221,414,271,679,238,295,596,261,242,505,721,546,1308,587,1155,1299,1148,905,790,878,1093,713,499,469,794,694,825,343,337,865,1636,1741,1197,152,335,252,181,162,462,271,278,261,302,184,399,233,245,595,344,191,422,694,558,604,245,246,447,492,531,278,310,226
sub-100,3531,245,287,2476,1594,1202,300,1710,1324,340,172,294,504,365,589,123,313,661,238,222,252,230,211,141,350,528,324,294,226,338,504,225,180,215,225,224,363,537,310,443,262,424,515,670,441,242,270,323,328,414,1042,1081,727,418,673,188,218,195,232,298,314,307,374,260,269,163,752,748,716,363,369,592,806,420,733,371,602,468,298,231,339,599,685,942,619,901,479,428,433,370,659,607,892,360,218,924,324,220,257,346,274,239,201,298,265,379,182,464,339,189,311,197,152,207,159,465,521,288,259,495,516,555,214,362,353,243,390,432,403,499,1246,586,959,959,873,639,667,861,434,377,237,341,419,371,417,334,334,878,1181,907,791,103,236,239,170,204,402,272,177,174,247,133,525,206,163,408,343,188,353,473,512,529,255,271,421,485,481,203,269,241,3652,242,341,2363,1531,1012,367,1739,1191,389,329,204,459,362,671,202,403,733,218,154,162,351,188,116,352,324,398,421,274,429,508,212,201,130,246,361,491,516,423,472,315,425,478,755,483,234,380,222,209,429,996,1342,741,406,993,371,204,159,144,352,266,401,541,291,277,208,764,744,848,564,371,387,757,368,365,367,679,763,246,194,440,603,868,1060,446,931,344,388,331,463,690,299,821,395,155,936,344,330,426,464,211,207,134,302,295,423,277,289,299,245,363,217,184,163,158,406,552,195,206,335,450,433,268,254,522,191,241,522,598,461,1345,548,833,1078,672,553,554,600,803,406,242,406,438,375,412,318,320,702,1142,976,529,136,239,235,163,164,366,192,179,192,276,175,410,160,213,415,354,158,337,451,383,514,178,220,410,476,452,258,278,236
sub-101,4194,290,399,3039,2003,1397,322,1901,1540,378,218,351,602,414,743,201,368,627,211,305,325,274,273,123,631,558,430,332,283,439,613,248,164,201,217,243,404,576,361,462,285,451,606,658,544,263,236,292,343,421,1161,1250,796,407,724,196,227,181,235,333,347,356,479,274,314,152,744,961,676,499,613,582,813,381,611,362,792,623,334,315,355,603,558,793,573,985,710,467,419,385,804,550,914,308,269,1056,369,330,268,439,314,252,217,367,395,498,239,428,407,190,303,188,132,204,168,578,683,331,290,622,474,861,251,399,475,316,382,565,531,651,1298,609,1193,751,827,648,887,921,459,540,348,460,425,511,425,292,413,1765,1212,1144,935,169,329,211,178,230,468,208,254,214,298,222,435,263,181,324,375,212,316,474,528,528,258,255,524,566,475,250,296,254,4505,466,643,3249,2182,1400,430,1800,1333,341,294,251,709,477,1072,262,519,881,320,256,246,412,360,121,395,357,241,404,208,359,588,291,221,137,247,311,469,514,314,519,314,441,515,574,397,222,373,204,217,435,946,1240,839,394,709,336,253,190,170,379,278,452,646,312,310,197,917,949,1040,836,686,498,837,410,350,342,804,882,292,267,455,625,773,1048,471,1232,591,487,465,569,809,331,883,320,137,839,342,320,518,467,175,208,138,306,252,509,271,280,349,283,308,243,196,168,188,424,716,254,228,454,408,705,213,272,596,254,219,507,611,497,1136,466,1113,986,1012,793,792,922,952,667,502,713,808,479,516,431,256,632,1249,1343,761,268,390,242,200,232,528,346,370,294,194,138,454,163,211,336,335,185,301,570,479,520,205,223,462,426,534,254,338,238
sub-102,3331,323,457,2634,1754,1227,235,1993,1457,531,233,460,504,364,801,174,342,547,232,252,275,242,276,131,313,456,603,353,344,486,573,206,224,254,343,253,397,559,452,433,238,533,564,479,702,319,497,428,358,413,1079,1358,810,375,544,191,200,163,191,271,255,352,392,273,336,200,792,871,763,449,583,662,702,274,420,348,711,505,242,238,238,314,462,800,548,1173,777,492,453,402,684,605,899,423,312,813,390,250,217,339,268,234,195,283,268,384,195,345,331,250,326,251,103,201,149,695,908,273,246,606,302,610,254,316,342,281,414,349,420,600,1324,574,1424,1004,1001,773,900,815,463,642,462,495,660,484,652,347,391,837,1359,1294,1283,155,216,211,192,206,414,255,282,181,442,169,420,234,194,376,362,211,307,524,368,557,221,223,420,398,584,240,278,219,3715,256,534,2762,1742,1086,308,1781,1180,531,331,258,613,448,937,227,362,839,265,218,167,248,245,128,385,358,545,394,317,539,603,304,197,161,326,354,537,638,336,430,301,434,436,585,550,298,433,391,317,528,881,1186,750,392,564,297,348,218,184,328,327,434,525,362,317,237,778,769,912,716,472,468,593,459,371,385,741,742,213,179,375,464,484,793,398,990,514,469,382,494,685,346,781,439,308,923,334,396,299,468,201,205,144,303,282,388,237,332,297,259,369,238,163,171,180,498,801,207,207,462,276,515,194,281,553,259,335,512,621,442,1280,404,1181,988,997,956,772,764,976,672,491,551,910,582,614,431,306,799,1626,1208,817,189,270,298,227,164,335,342,301,218,311,199,556,184,226,455,350,196,384,586,392,608,209,236,437,406,398,246,297,215
sub-103,3278,218,308,2496,1582,997,256,1940,1189,401,203,316,674,490,729,246,440,579,228,142,167,189,159,144,406,617,350,384,272,303,676,228,237,268,241,296,347,533,298,495,320,447,693,712,462,259,550,375,369,462,1098,1329,685,504,710,226,222,166,223,457,352,470,578,312,310,188,717,905,838,495,541,640,957,449,711,416,621,610,375,202,474,564,779,801,720,1094,739,535,454,371,573,592,880,370,269,1138,479,301,301,447,429,258,190,389,441,479,173,462,436,272,380,260,161,240,191,799,763,454,252,636,447,811,233,455,445,256,426,421,509,605,1302,653,1028,1006,930,626,804,745,492,493,211,408,358,410,519,338,585,1141,1038,877,690,196,274,192,182,143,349,193,163,212,239,129,437,223,172,370,348,244,358,466,593,553,228,281,526,408,417,251,398,205,3335,254,309,2539,1822,1163,342,2071,1153,426,379,324,619,489,684,202,375,736,230,187,174,324,196,129,431,288,330,428,261,374,534,220,234,160,258,351,385,494,464,500,324,512,557,513,382,252,662,406,336,482,1136,1441,754,466,645,430,231,170,155,386,283,549,758,366,311,235,945,578,1136,682,468,516,870,646,538,488,804,886,348,214,631,657,803,1072,508,1099,475,452,378,430,597,289,813,492,210,672,295,266,428,472,184,220,143,330,284,529,247,306,315,410,498,283,188,160,164,625,755,277,209,426,356,852,237,286,615,238,288,435,574,505,1349,445,1113,1355,1230,801,689,668,755,481,335,429,655,491,519,363,364,826,1358,937,832,166,240,269,212,146,327,306,224,260,231,178,455,185,216,454,402,186,401,531,528,662,216,265,407,366,499,337,357,183
sub-104,3389,205,343,2607,1735,1335,293,1786,1296,471,305,378,599,346,692,213,373,592,226,216,244,236,174,138,375,463,301,324,214,301,469,171,148,171,210,197,317,467,266,387,261,381,471,565,399,316,420,515,365,556,790,945,768,366,565,242,195,149,199,307,234,310,418,265,293,143,528,649,730,358,394,686,573,435,604,415,725,656,321,302,389,599,458,623,617,1015,679,445,530,339,552,496,829,294,469,866,292,191,242,333,277,225,213,307,286,375,195,408,295,158,299,162,121,182,166,384,715,315,280,598,325,770,201,328,347,271,413,338,451,495,1194,486,799,1082,1034,630,471,775,401,280,185,386,348,606,565,276,331,845,1310,781,634,165,316,215,178,179,316,233,160,213,239,116,404,173,137,261,351,200,321,615,513,532,244,254,411,361,507,211,285,203,3403,237,488,2553,1750,1208,395,1722,1184,464,307,241,507,354,711,162,295,636,188,228,200,328,226,92,297,302,321,334,227,344,485,154,152,129,234,310,454,489,347,428,257,462,448,489,436,192,404,331,211,414,760,1041,734,407,548,385,201,145,131,310,235,343,501,265,264,174,645,667,873,575,700,490,647,357,292,346,752,659,243,153,354,377,731,1046,434,1431,683,414,477,545,680,253,693,359,271,875,316,272,312,432,169,185,136,278,234,370,232,276,254,288,331,181,139,156,157,313,632,235,207,435,252,683,214,228,497,211,257,604,476,396,1003,358,1084,953,1042,687,653,615,932,573,319,451,565,448,511,269,253,519,1099,1615,769,140,303,362,181,144,294,246,225,282,213,140,405,114,173,329,366,169,316,706,375,461,184,205,362,424,502,243,258,198
sub-105,2899,197,315,2366,1613,1318,286,1554,1202,317,259,345,375,373,706,121,282,610,207,269,281,236,207,180,876,545,414,470,252,353,546,196,200,209,269,231,383,539,351,421,266,543,607,532,558,215,424,357,328,363,974,1244,655,366,465,278,229,149,201,405,283,442,556,321,385,171,846,781,893,403,531,659,867,495,686,401,876,818,360,321,368,631,736,1196,854,1258,709,534,470,386,678,539,871,332,391,754,346,204,234,306,288,223,242,427,362,421,223,458,309,173,318,184,125,207,146,599,679,322,252,601,257,884,248,424,418,281,428,460,568,683,1371,709,1075,1133,1079,722,651,846,455,349,231,360,398,594,524,284,400,1345,2057,1055,852,106,189,267,194,180,358,215,249,199,340,202,493,217,196,292,341,210,310,538,696,588,292,327,536,531,648,239,381,256,3079,408,485,2367,1602,1122,372,1767,1146,516,394,273,499,387,985,151,352,864,187,163,137,311,309,148,434,282,387,571,272,457,600,177,216,143,265,385,439,500,379,540,302,437,431,517,469,265,412,272,252,517,973,1320,718,558,667,381,279,250,222,343,310,532,557,336,318,196,798,651,1081,600,552,483,769,371,337,400,897,736,217,195,352,516,806,1343,658,1564,525,479,420,496,744,286,790,390,193,687,255,213,497,494,194,196,168,370,321,418,295,293,283,272,328,229,161,154,159,554,683,234,198,406,226,638,229,368,632,211,292,555,592,441,1200,541,1062,1095,981,836,775,837,769,554,540,573,822,432,628,308,289,725,1318,1124,985,156,244,281,194,165,473,294,281,239,242,181,490,169,183,364,346,186,329,707,524,491,257,311,501,466,513,272,304,231
sub-106,2705,385,435,2402,1835,1495,305,1941,1451,443,235,371,557,376,815,211,317,772,263,296,420,371,292,129,387,475,471,312,335,531,519,233,192,238,309,277,425,608,335,552,275,555,596,615,570,291,642,495,434,414,1145,1590,761,413,651,254,221,182,206,334,332,483,550,317,343,197,786,813,951,383,481,714,890,483,602,451,825,626,328,307,380,488,692,942,719,1155,664,553,485,412,808,651,868,391,295,991,359,215,236,405,330,257,226,351,283,380,214,487,333,181,345,209,135,197,166,774,1172,477,262,730,233,1067,245,365,386,349,422,384,517,676,1387,666,1128,1139,1013,694,885,1294,442,582,375,454,562,514,537,339,368,1083,1277,1113,1036,178,331,244,203,306,678,283,268,282,429,247,462,256,191,358,339,259,349,519,449,637,250,273,448,439,636,262,358,253,2674,430,505,2272,1691,1200,390,1898,1174,423,285,265,544,461,905,204,367,887,268,183,168,311,312,125,626,289,469,592,301,582,525,287,266,209,395,305,473,552,341,532,333,567,581,520,502,224,722,339,283,477,1000,1568,741,309,548,367,241,196,179,462,321,519,716,412,398,243,859,885,1106,764,578,544,899,524,353,424,956,921,360,245,472,500,888,1173,551,1265,549,528,501,579,935,409,914,395,246,793,320,254,494,613,247,234,153,382,334,456,279,320,309,277,358,249,226,170,179,732,1110,312,193,540,204,956,234,318,572,256,316,547,617,502,1228,555,1225,1140,1205,847,857,846,1003,711,504,509,820,697,751,412,397,1001,1903,1333,903,197,261,320,239,170,477,328,310,248,363,245,550,207,263,448,347,199,360,656,402,611,227,291,489,513,588,280,390,251
sub-107,2743,262,364,2272,1487,1179,318,1435,966,416,358,441,453,382,656,172,364,727,218,207,224,262,228,125,398,539,427,361,259,380,481,251,213,212,325,209,317,570,285,372,286,355,486,550,367,234,280,274,241,354,659,823,617,325,596,331,228,151,226,353,305,426,548,258,304,193,792,784,900,426,665,700,771,420,562,385,697,916,368,412,385,639,541,863,621,1126,907,497,403,402,686,663,866,354,208,906,452,248,345,372,290,269,249,316,214,398,253,470,296,177,299,175,198,221,208,404,570,305,220,563,243,711,245,368,398,250,426,341,506,602,1205,555,1007,1016,932,723,740,899,431,495,303,398,522,433,527,356,244,830,1331,1219,1014,144,290,273,172,187,409,241,209,230,423,192,543,185,151,360,352,246,323,491,575,519,283,267,459,374,538,263,339,233,3219,295,474,2494,1519,1073,436,1431,978,372,195,159,361,397,749,159,376,861,184,154,150,312,234,128,516,225,466,571,297,397,490,247,224,149,310,297,448,560,339,386,231,600,342,382,611,273,526,380,334,569,835,1172,597,373,476,224,280,174,144,282,277,377,475,297,319,249,459,633,890,510,546,495,533,427,319,360,988,583,245,130,537,620,904,1019,571,1321,552,497,483,564,988,462,948,406,285,476,181,183,274,532,202,225,141,363,344,429,270,281,281,258,299,236,201,154,200,586,803,236,254,404,280,504,227,300,520,142,242,473,609,485,1305,406,917,1034,977,694,650,668,921,553,309,551,488,532,679,286,446,941,1589,1500,988,176,259,272,144,166,352,163,187,213,268,212,515,200,226,486,338,212,299,649,512,528,213,291,419,389,441,301,241,189
sub-108,3744,251,401,2959,1982,1509,335,2138,1563,331,206,289,574,455,674,181,391,713,279,249,261,276,165,174,490,538,543,399,262,481,540,214,241,268,363,277,405,596,372,488,251,696,547,601,644,246,568,450,403,434,1169,1419,923,432,616,259,233,187,244,372,318,325,394,285,311,165,520,679,743,397,526,725,618,711,856,389,876,692,367,272,426,688,450,687,785,1046,730,500,569,428,745,595,917,394,362,922,283,281,302,561,451,302,241,375,490,396,175,612,339,176,315,231,167,213,201,761,801,353,284,614,365,919,190,403,385,277,384,325,486,670,1240,664,1170,1025,1039,666,746,819,530,476,226,349,557,462,630,432,655,1724,1372,1258,1113,159,295,244,167,185,395,336,207,222,442,254,525,213,158,363,348,238,352,615,654,598,307,251,530,461,606,213,274,261,4216,336,532,2955,1847,1246,333,2006,1328,352,303,222,530,471,886,238,408,710,278,240,220,395,239,111,491,411,550,539,325,497,609,183,262,197,415,300,438,494,361,499,303,539,494,775,633,209,686,395,315,525,978,1455,803,440,726,417,260,205,190,348,297,436,565,316,320,214,511,814,1121,788,834,509,644,366,343,487,940,709,222,176,354,442,764,1004,511,1573,706,464,484,515,776,359,905,462,309,787,219,370,390,561,221,217,144,307,313,371,258,277,237,282,436,263,177,138,160,539,889,226,221,424,290,632,205,247,524,225,256,475,552,438,1189,589,1094,1479,1129,837,761,790,978,492,308,499,702,626,620,393,364,867,2069,1337,863,181,307,243,177,196,435,345,278,224,369,219,411,196,215,478,305,186,337,702,470,621,193,221,431,437,576,235,300,235
sub-109,3124,212,317,2712,1969,1417,338,2088,1502,548,248,438,593,467,632,199,429,722,284,216,268,276,177,182,481,591,549,376,278,422,520,236,172,259,336,225,419,579,351,499,379,616,642,775,569,241,598,453,375,454,1031,1211,838,525,800,266,220,175,245,392,288,387,516,336,377,197,714,871,841,419,652,824,709,446,728,428,929,714,313,266,328,639,608,923,744,1346,957,662,619,508,873,637,1065,396,318,1289,386,305,245,431,427,271,266,434,432,378,272,430,299,184,294,177,137,193,205,640,749,312,271,665,323,589,302,455,491,297,513,489,629,745,1358,816,1137,1372,938,818,709,933,481,470,212,326,498,455,710,474,447,1292,1465,1185,1074,142,295,246,205,160,415,287,213,228,414,220,550,286,217,409,364,260,321,618,590,547,343,323,591,604,737,273,321,235,3209,374,412,2593,1847,1253,370,2029,1253,625,290,340,623,491,728,228,443,758,286,249,217,350,301,119,512,554,500,527,269,475,568,295,220,188,316,352,493,616,364,477,339,520,547,939,518,232,654,363,268,471,965,1353,792,544,750,314,236,214,172,346,276,458,718,401,394,201,682,835,1057,841,635,486,740,576,473,411,914,656,298,260,414,576,708,1027,566,1277,574,499,415,576,853,445,1029,413,313,1247,330,532,311,490,224,202,158,395,308,436,296,332,282,287,417,295,212,153,178,516,889,269,212,605,249,560,240,324,565,283,338,572,613,491,1319,568,1329,1379,893,833,838,906,805,677,463,414,722,648,703,406,392,880,1916,1347,908,174,386,311,250,220,479,315,316,330,294,239,478,230,236,550,350,190,348,569,534,598,221,269,456,489,650,280,305,244
sub-110,3138,303,326,2488,1702,1362,338,1798,1573,347,222,302,446,388,727,174,435,727,279,248,309,297,250,162,588,589,555,481,318,521,553,217,207,226,301,251,462,617,511,451,282,446,623,508,576,333,364,369,307,521,1343,1508,826,295,643,221,220,121,170,371,289,456,573,340,393,188,554,944,909,517,753,818,683,531,759,466,854,780,399,293,426,597,563,899,811,1561,1051,615,554,394,728,648,1094,397,284,732,303,268,253,356,353,245,212,380,368,542,214,494,438,252,398,304,139,226,184,673,724,495,286,642,313,960,212,375,429,281,413,371,596,661,1237,638,1179,1163,1005,697,799,1019,551,423,307,356,468,710,750,467,412,1332,2332,1228,976,139,264,232,187,226,512,295,233,213,446,217,521,283,222,466,375,213,390,652,646,581,264,273,513,451,661,252,336,187,3316,333,401,2604,1742,1256,415,1981,1343,530,266,247,467,413,749,192,401,889,218,224,188,364,236,114,597,439,518,667,302,487,457,242,242,160,325,383,663,678,381,578,355,590,555,1001,677,284,490,407,334,579,945,1341,763,579,1163,253,292,220,193,376,265,447,566,326,294,237,523,847,1109,826,698,535,601,520,481,527,980,723,264,213,414,675,573,783,507,1222,591,443,427,486,761,369,904,468,295,931,249,419,328,454,218,193,143,390,316,520,308,354,370,326,568,342,169,159,181,456,717,329,212,519,263,797,254,338,685,236,303,659,708,539,1264,572,971,1201,1136,800,717,877,954,653,395,402,696,522,711,412,278,836,2170,1622,1024,165,332,323,228,180,452,309,276,308,298,229,506,200,195,511,406,166,429,651,615,533,207,258,470,534,593,318,280,187
sub-111,2862,216,289,2314,1705,1430,252,1382,1112,358,146,254,662,344,672,189,359,505,238,223,249,241,191,113,298,429,381,257,224,359,510,161,188,215,272,177,344,484,356,341,235,505,423,444,479,234,451,377,332,395,926,1212,668,432,498,154,132,100,128,270,206,298,385,236,343,155,642,663,641,330,425,671,618,436,451,352,701,573,351,218,304,426,464,675,517,863,555,445,384,345,519,531,727,391,271,732,260,172,215,356,317,250,214,349,321,358,153,406,276,222,293,203,129,196,151,558,738,272,253,547,461,587,197,279,332,249,335,270,434,506,1263,656,768,826,722,565,696,797,393,394,295,346,548,435,473,337,398,870,970,977,895,177,319,163,153,178,416,319,192,202,317,210,348,217,175,358,336,210,281,461,435,443,204,208,318,377,436,211,243,142,2917,220,356,2291,1733,1233,380,1442,1113,386,272,206,622,320,860,239,399,668,184,200,160,326,155,117,475,228,313,465,224,365,494,192,154,122,205,285,424,392,365,384,225,467,360,449,472,196,464,209,230,372,829,1454,720,325,553,311,185,134,118,270,199,299,479,280,340,201,497,608,863,572,440,500,619,315,282,316,600,602,183,161,310,334,581,781,418,1028,431,465,400,482,567,287,713,417,129,760,258,286,296,498,224,210,144,374,315,420,224,252,266,268,310,245,142,144,183,583,705,206,198,395,273,588,210,272,478,200,207,431,534,462,1065,415,715,756,813,472,445,557,695,412,296,461,553,388,434,322,379,865,1213,1251,699,196,272,227,158,136,296,255,205,191,194,109,378,141,177,351,312,171,283,521,389,445,172,259,431,440,380,232,212,146
sub-112,2697,167,498,2415,1574,984,203,1785,1365,498,158,328,512,387,913,214,366,428,187,148,177,159,127,183,427,541,281,380,172,343,664,208,187,224,238,210,325,456,303,396,311,392,561,838,356,257,497,366,254,373,1015,1246,774,535,646,161,184,166,249,349,244,326,432,244,360,159,649,730,710,353,484,644,659,350,519,363,758,495,269,219,291,389,472,790,549,1016,605,523,509,399,649,544,873,313,280,1403,326,215,251,413,338,234,219,392,410,402,243,478,360,208,320,206,148,189,170,687,754,268,207,478,343,625,245,433,456,221,307,452,453,576,1345,540,776,812,896,530,513,542,382,267,176,585,410,432,397,302,426,1316,978,995,802,227,270,166,137,106,228,230,141,180,242,136,307,210,180,363,336,190,313,585,433,538,309,319,552,520,439,242,286,231,2509,185,488,2145,1525,1007,286,1503,1107,478,324,311,521,367,1094,195,378,599,178,144,146,240,146,154,469,276,368,484,237,479,618,225,199,141,233,332,413,436,349,399,300,463,505,490,422,265,466,341,244,429,814,1189,723,325,479,323,250,186,162,363,231,492,664,349,343,202,1052,937,1085,652,558,426,721,409,375,386,724,677,235,206,316,420,546,866,393,1126,492,452,419,442,671,292,686,364,252,913,499,358,359,476,211,215,154,400,352,413,334,360,296,270,356,216,175,155,153,455,618,228,179,375,235,608,234,362,549,202,216,526,496,356,1293,395,823,938,1030,600,509,532,726,431,292,637,427,448,421,225,323,833,1354,1081,589,194,332,291,159,149,304,241,179,295,206,126,348,180,203,401,357,160,369,564,414,440,229,330,496,359,372,290,309,185
sub-113,3207,385,352,2607,1865,1436,324,1776,1369,382,159,286,614,354,736,198,475,668,317,259,273,288,321,132,284,420,415,270,305,474,470,186,143,205,255,204,380,526,334,406,264,364,579,483,465,271,353,323,301,414,929,1180,773,367,516,210,173,133,180,376,334,525,573,316,290,183,565,816,911,375,574,648,642,439,556,449,835,585,359,262,329,467,617,1032,819,1410,734,472,494,358,745,586,806,358,280,836,334,168,254,329,266,220,217,311,250,420,245,410,357,196,312,174,112,198,159,442,599,266,243,605,253,570,244,323,429,321,412,452,515,653,1296,683,1018,1102,813,656,757,907,438,593,449,392,644,460,692,483,387,762,1079,1017,1071,155,285,253,191,234,552,287,328,214,340,187,463,231,171,275,356,215,325,530,551,512,277,250,420,499,590,240,378,194,3340,269,433,2812,2020,1222,338,1697,1229,461,267,240,736,422,938,254,450,761,331,132,141,317,204,119,410,334,292,429,254,401,539,216,203,136,287,292,440,569,364,474,317,377,463,554,439,245,446,285,211,455,905,1266,761,353,581,303,319,246,210,347,308,357,505,326,347,244,614,699,851,662,432,438,656,460,410,486,942,751,290,215,481,555,709,843,419,976,519,460,452,541,831,348,802,432,218,843,346,371,401,511,227,215,163,336,347,418,253,316,333,250,416,204,171,165,177,510,656,200,189,431,267,561,249,283,597,262,270,548,650,506,1208,445,1039,1055,958,750,647,739,876,478,310,499,618,443,592,491,367,892,1506,1237,853,176,319,258,179,136,364,347,176,271,230,181,420,170,253,350,380,187,405,612,485,517,196,234,445,429,522,282,292,250
sub-114,2607,274,305,2306,1583,1229,280,1672,1394,278,161,278,450,350,663,175,389,549,196,204,295,292,213,121,417,535,394,391,305,409,483,210,115,222,294,250,389,548,354,452,282,464,547,549,433,302,381,359,279,440,1082,1291,704,343,633,205,180,125,185,349,304,451,534,292,324,187,576,894,739,473,444,554,617,430,609,471,814,479,298,192,347,753,706,1002,624,972,509,492,382,336,676,618,769,386,324,896,396,298,174,384,260,231,218,290,273,337,201,375,266,155,285,164,132,157,161,707,776,243,228,524,276,553,274,360,486,229,404,469,554,627,1329,694,1114,1155,805,680,797,829,471,597,271,359,447,571,572,313,368,1116,1722,1313,991,166,289,215,177,205,421,260,215,213,312,205,392,200,174,321,292,193,289,413,631,493,246,249,518,547,627,226,366,243,2571,383,376,2137,1547,1116,370,1529,1109,335,260,219,505,411,791,214,420,647,218,193,195,372,251,121,378,308,373,373,271,408,536,240,184,176,328,357,508,602,337,494,313,399,450,426,406,224,564,361,271,506,941,1388,666,291,557,276,301,187,163,323,280,384,537,383,363,194,772,723,957,686,529,469,870,358,350,400,751,588,235,159,438,562,770,1174,469,1170,523,449,383,453,711,331,788,388,262,675,267,281,317,437,183,190,139,335,294,291,238,287,255,246,309,186,161,132,134,507,760,194,181,420,264,466,220,329,537,198,238,437,643,511,1245,561,818,1112,777,557,749,689,887,848,493,446,659,407,623,349,309,770,1209,1699,977,175,331,270,167,182,445,277,305,253,271,196,419,175,235,351,283,166,332,515,458,594,200,263,466,490,531,240,273,248
sub-115,2729,241,415,2209,1533,1145,251,1561,1091,429,175,332,611,382,765,248,521,484,288,217,211,209,207,128,317,470,619,257,392,473,483,169,154,249,399,212,341,473,334,406,228,641,552,593,727,415,473,467,538,625,934,1267,652,346,646,147,205,156,166,285,291,362,435,279,270,151,620,570,724,331,454,532,727,412,588,363,697,496,346,264,304,520,545,735,619,1087,640,450,439,370,644,571,912,325,363,899,333,181,232,442,289,234,206,273,235,343,158,410,279,173,277,162,127,198,147,503,683,369,245,549,236,1006,191,273,347,251,402,315,407,535,1054,504,1024,1006,1024,742,617,714,415,331,285,465,548,474,548,428,303,831,1113,993,862,189,234,192,163,206,354,298,239,198,487,202,372,207,173,365,309,196,303,428,512,449,220,187,355,377,539,194,288,214,2997,206,427,2524,1749,1069,320,1442,985,404,283,221,580,418,778,249,502,832,236,131,169,300,173,86,311,289,512,345,324,506,463,218,217,162,360,261,446,485,342,469,289,477,490,596,600,329,519,369,304,671,869,1552,621,337,612,285,210,179,167,416,272,332,476,360,340,195,619,625,815,556,525,434,630,430,357,372,828,655,225,196,491,625,705,785,471,1055,509,411,463,520,712,325,838,401,320,710,296,306,333,479,197,178,131,311,274,345,230,281,261,299,357,238,151,137,140,503,755,268,201,435,231,826,217,200,461,199,231,501,506,366,1049,427,596,896,1258,679,429,638,793,485,307,448,631,495,572,423,350,701,1161,1384,702,167,237,251,167,152,299,279,168,242,307,182,417,176,230,417,309,150,314,605,490,523,156,194,327,460,423,227,298,252
sub-116,2732,179,365,2312,1588,1205,259,1493,1196,373,168,292,446,326,674,149,360,609,209,216,234,218,154,112,389,483,372,303,237,371,427,173,165,162,280,167,291,472,292,344,253,385,545,540,410,222,320,265,262,358,945,1111,679,397,526,173,169,115,188,308,245,346,450,244,351,129,677,707,739,381,497,657,727,405,535,345,604,522,334,252,354,487,529,761,507,951,624,494,347,363,590,483,824,287,184,933,303,211,199,290,273,209,199,301,256,349,160,366,307,185,273,184,130,161,127,531,547,315,244,637,253,752,229,289,288,277,352,328,384,474,1281,563,936,991,808,608,625,738,376,352,202,405,358,356,447,343,325,850,1197,1013,729,166,273,184,177,180,330,217,200,205,329,187,394,186,178,313,319,177,300,467,407,526,199,225,333,414,474,204,286,196,2886,294,403,2325,1655,1070,321,1484,1042,419,264,211,564,359,680,185,295,758,188,191,168,307,237,100,344,289,320,411,194,411,387,163,164,145,274,212,353,406,284,365,241,336,423,504,435,191,429,250,192,339,839,1289,689,380,472,284,190,166,154,302,254,333,492,307,294,148,631,612,764,549,524,443,691,448,370,354,607,693,272,225,402,519,608,825,475,1007,507,422,352,453,613,300,759,314,200,790,263,248,281,348,145,172,141,288,237,371,243,262,284,261,357,236,153,125,126,407,628,220,191,442,230,587,208,234,474,216,256,447,481,333,1148,444,779,1023,886,652,516,711,630,406,238,375,450,444,449,240,252,612,1339,824,555,144,238,220,198,189,390,220,203,256,252,156,429,134,178,312,305,151,308,487,380,578,148,196,378,386,436,229,283,231
sub-117,3015,296,352,2448,1779,1408,314,1828,1235,485,159,358,611,298,730,199,363,561,209,248,279,282,248,125,311,579,356,260,226,370,491,171,149,190,271,221,350,507,312,523,303,596,676,598,471,270,462,347,320,391,971,1371,734,421,602,156,214,167,232,371,347,406,454,281,339,147,812,842,796,435,429,574,819,411,574,367,666,491,230,198,269,508,608,904,624,1047,550,520,426,376,665,548,867,289,325,891,367,260,213,323,246,180,207,277,219,391,196,420,288,155,289,178,123,180,141,479,615,317,265,498,291,684,237,373,425,264,348,346,470,527,1149,580,862,894,756,542,723,733,465,531,353,388,538,482,510,312,320,788,1128,1080,1083,159,271,234,144,209,411,273,242,215,322,179,427,255,191,354,308,183,304,436,447,501,257,233,447,431,413,211,349,244,3035,258,407,2514,1895,1265,335,1752,1063,439,216,212,594,334,718,210,407,615,246,198,164,362,198,103,376,392,488,416,285,417,474,232,180,136,254,277,490,589,372,494,340,607,563,847,588,205,554,363,331,440,733,1090,722,462,889,272,285,179,192,405,293,478,673,360,331,165,621,656,1062,608,529,437,582,470,450,351,736,628,245,153,405,570,743,952,569,1275,503,430,391,434,620,300,909,350,236,969,261,340,325,373,167,187,141,312,228,340,251,302,232,250,368,202,184,146,166,326,680,219,190,407,251,536,244,243,463,204,231,514,509,444,1191,430,892,871,857,596,603,682,836,439,303,426,574,493,549,352,210,549,1364,1315,720,149,322,252,143,145,328,309,199,248,239,186,379,192,208,393,287,171,348,588,453,480,161,197,392,385,416,252,359,294
sub-118,3202,235,368,2410,1597,1216,268,1891,1303,340,207,297,484,369,633,165,340,630,225,211,272,276,211,150,509,481,369,388,203,368,488,234,199,255,302,225,377,549,299,428,281,438,550,521,426,255,369,367,313,348,886,1118,767,400,596,224,173,140,179,355,275,426,504,260,258,157,748,630,757,344,519,538,782,392,699,435,805,664,331,319,326,512,604,976,644,1109,640,493,445,369,721,628,933,372,281,827,290,185,286,425,369,260,208,332,326,365,223,453,311,147,335,171,146,188,168,854,641,311,267,587,264,651,237,398,454,351,467,445,501,703,1214,734,1035,1097,768,613,618,907,448,372,220,356,393,503,546,350,467,1104,1761,1052,874,130,266,231,211,223,366,242,234,195,327,250,484,193,156,369,315,212,374,418,569,522,287,268,536,531,646,222,318,212,3545,328,471,2722,1861,1194,332,1658,1195,408,272,216,471,410,806,118,214,578,154,214,177,315,250,103,514,328,329,470,214,464,534,293,205,168,293,335,494,614,338,422,311,389,402,622,407,174,492,381,223,370,900,1313,747,381,643,334,247,209,175,322,245,323,521,380,362,213,670,706,900,603,566,425,752,453,381,458,994,724,290,212,435,449,646,760,457,1140,564,456,462,570,863,345,869,421,369,890,334,329,386,462,215,195,159,360,340,367,295,352,232,242,394,177,179,166,169,512,815,242,220,504,268,544,251,290,488,290,273,558,487,474,1203,637,960,1220,835,530,647,647,657,500,385,410,577,601,548,222,335,838,1563,998,589,145,362,273,229,148,378,240,277,300,262,215,343,180,224,391,339,189,422,552,503,626,194,245,439,565,511,255,246,207
sub-119,3447,284,333,2582,1677,1286,230,1614,1237,456,155,249,455,364,547,150,307,728,226,225,227,237,211,129,310,404,248,321,156,267,514,142,175,197,226,211,321,469,256,395,236,367,593,573,339,207,329,312,270,373,933,1139,657,416,612,169,173,112,146,290,267,371,442,239,262,137,587,611,724,301,432,596,550,346,567,349,656,461,261,219,270,443,466,694,492,928,539,461,498,407,616,498,866,282,300,891,318,195,189,360,273,242,197,269,221,369,199,427,340,176,294,145,128,171,147,624,657,326,269,561,434,790,204,292,383,272,360,362,513,547,1237,567,1006,952,966,715,781,1015,411,492,274,368,526,483,562,363,371,878,1275,1169,926,118,223,215,176,187,492,360,195,173,255,125,530,177,139,297,331,210,291,468,432,493,231,216,387,346,469,224,274,175,3354,241,331,2581,1837,1260,289,1396,1019,335,254,207,578,356,496,141,276,660,234,239,208,296,228,104,343,262,262,367,146,277,441,192,179,105,197,276,419,521,312,406,276,313,353,442,312,148,387,250,192,364,821,1268,586,249,409,329,191,146,142,310,284,377,506,308,308,174,689,553,848,558,413,460,696,395,289,359,782,693,241,204,336,345,544,713,369,973,448,435,437,510,624,274,746,358,190,597,275,220,317,387,177,186,137,298,259,357,253,265,250,257,353,190,147,144,137,504,721,248,213,418,305,716,196,235,496,217,248,454,555,459,1244,393,971,1067,1033,731,593,663,833,569,375,365,745,480,446,341,273,687,1323,1626,910,114,266,226,177,173,361,368,316,204,167,146,350,165,197,322,330,167,309,584,346,547,184,192,387,372,460,258,282,219
sub-120,4355,323,526,3244,2148,1598,305,2139,1551,545,276,397,636,392,916,147,354,692,318,234,244,247,224,159,486,610,565,440,290,590,660,180,235,237,370,254,413,584,455,592,314,616,811,856,577,263,667,390,345,348,1230,1744,853,562,778,250,163,124,180,443,342,532,607,328,367,177,717,1015,939,502,759,710,737,394,750,399,685,628,309,271,326,608,573,935,631,1343,901,578,501,414,707,690,988,426,306,1325,426,340,205,350,335,230,251,418,329,517,218,457,405,240,366,239,130,199,149,753,987,326,278,622,381,835,238,412,470,288,408,527,502,543,1567,695,1041,1107,988,732,894,968,500,481,285,547,530,521,583,411,465,1216,1556,990,828,186,318,206,183,191,520,378,185,254,535,203,456,245,210,407,395,221,384,575,494,720,301,300,507,527,524,246,369,218,4480,371,482,3054,2027,1328,438,2074,1309,499,284,230,611,483,776,200,386,962,225,220,250,443,289,98,562,426,575,628,310,534,608,296,263,227,418,410,564,579,518,591,351,532,694,688,597,257,547,420,333,553,1048,1484,866,505,786,337,231,159,139,450,235,590,793,421,385,250,658,914,1280,889,711,551,694,532,473,458,1018,812,255,193,576,821,951,1346,629,1610,645,521,456,542,831,360,925,468,311,890,315,386,438,521,224,203,158,381,361,524,276,334,360,377,410,285,167,175,208,536,854,264,250,529,415,673,261,296,576,222,305,538,548,406,1418,597,1015,1387,1121,891,657,865,745,441,392,494,666,598,649,349,350,901,1617,1266,989,177,326,350,200,220,434,292,262,286,352,219,580,216,251,472,376,202,355,660,616,621,194,256,443,483,554,272,379,180
sub-121,2971,195,276,2255,1431,1065,248,1830,1293,414,196,312,480,366,436,174,364,471,249,151,160,213,161,141,384,540,380,325,190,304,405,213,158,178,262,261,379,545,347,452,268,407,600,646,419,232,340,335,290,414,865,1042,776,403,642,193,191,141,188,323,272,359,474,264,344,149,624,757,693,357,470,552,633,377,452,321,656,624,287,232,292,422,520,789,569,923,528,490,431,368,656,596,838,299,268,852,307,225,225,354,280,211,228,307,274,347,246,394,299,211,258,188,144,193,163,345,539,291,255,606,280,781,244,398,416,287,479,327,574,671,1158,481,713,938,813,568,537,590,531,322,217,295,450,350,560,374,266,734,1113,1127,1018,140,241,235,195,124,274,235,186,236,297,235,409,204,168,393,348,209,244,439,434,543,274,273,525,345,423,259,329,242,2754,263,348,2267,1557,1147,343,1741,1097,601,268,258,434,329,745,157,356,633,196,215,212,352,244,100,396,316,371,406,280,394,454,201,138,96,240,369,543,564,435,507,325,507,422,658,525,307,555,339,280,455,718,1134,674,533,771,293,259,161,159,325,260,360,513,339,281,178,529,562,872,581,411,420,538,379,301,364,672,705,246,184,331,442,531,726,457,975,410,447,330,447,681,285,757,358,207,849,292,264,323,380,179,172,141,292,218,376,284,272,251,309,301,215,151,152,160,354,754,233,218,444,246,637,193,269,517,246,286,419,493,395,1177,429,787,1006,902,599,463,552,710,413,388,398,727,442,511,349,216,684,1237,1089,892,115,311,308,204,199,315,295,296,317,257,194,388,146,206,354,360,179,276,486,418,511,196,203,428,376,475,262,290,241
sub-122,4053,158,403,3118,2058,1430,298,1646,1244,367,209,375,373,418,638,98,268,652,131,326,299,289,165,116,580,594,423,321,237,354,498,213,183,210,262,215,336,476,353,378,220,690,482,675,598,277,612,548,445,521,920,1372,714,289,513,182,173,109,161,324,298,357,440,266,275,169,798,886,718,465,534,633,834,388,620,373,743,542,363,258,390,573,615,878,645,1114,653,523,486,419,718,651,944,340,388,904,403,325,181,302,286,220,227,353,295,427,207,401,371,192,332,221,108,187,120,500,729,275,273,516,365,531,215,284,415,280,425,395,549,588,1263,644,961,849,627,582,595,987,364,269,176,430,346,544,391,220,310,1142,1648,876,726,136,325,228,187,205,343,227,242,236,349,190,463,206,161,396,309,213,305,528,508,467,242,203,380,504,519,215,305,208,4282,399,424,2989,2001,1335,324,1615,1142,401,286,280,498,361,793,166,313,739,184,313,198,307,324,98,266,373,397,277,281,411,539,165,185,129,280,260,497,495,354,474,249,535,430,705,538,261,572,371,345,521,959,1510,704,364,635,277,196,173,154,308,268,376,487,327,324,226,745,815,963,806,676,499,584,461,376,410,834,667,254,183,370,487,477,738,439,1252,718,464,432,463,724,330,818,421,318,831,319,451,241,367,182,160,143,297,250,427,234,293,297,245,363,246,156,151,148,447,751,219,265,410,258,407,203,219,484,221,299,523,569,450,1228,534,821,1123,696,676,667,646,699,601,411,457,580,529,620,272,280,587,1028,1108,751,143,311,278,200,196,451,305,371,274,242,186,449,161,202,327,322,171,334,685,422,463,182,202,330,462,478,231,267,219
sub-123,2987,259,349,2282,1587,1185,272,1608,1171,299,183,249,536,346,719,193,362,564,198,238,267,255,224,157,317,490,362,338,222,380,518,213,172,203,258,195,354,525,305,406,220,574,565,577,533,277,497,396,366,405,902,1160,699,335,641,194,180,110,148,282,254,438,498,279,316,169,593,636,802,378,498,647,644,360,532,322,655,459,240,228,278,483,477,705,579,1026,641,531,445,394,700,554,792,272,283,787,262,214,196,339,327,241,227,300,270,366,278,384,287,168,285,177,118,185,147,472,558,332,260,661,286,775,262,314,391,288,405,486,415,491,1336,544,858,833,887,669,592,709,370,377,214,402,409,391,441,311,314,787,1005,1029,830,174,261,231,190,173,367,196,229,187,310,276,423,188,172,228,342,212,265,501,433,484,301,243,416,533,419,273,307,151,3100,231,350,2227,1590,1133,308,1461,1100,366,267,231,573,376,778,200,354,619,210,159,177,313,202,118,396,321,385,382,307,490,507,222,195,138,281,304,452,532,344,421,286,516,417,494,515,220,561,370,272,429,801,1156,704,316,483,297,219,155,145,346,292,399,588,292,320,178,632,746,836,721,510,393,715,343,259,292,794,590,222,197,323,404,544,796,338,959,486,433,409,502,822,296,692,287,292,752,271,349,260,429,204,207,155,323,282,333,317,259,229,272,274,196,149,141,171,446,717,295,197,453,233,678,258,291,481,220,258,627,480,446,1248,388,876,875,1039,619,499,656,685,390,308,443,508,447,526,291,291,749,1156,945,711,162,242,301,185,148,279,253,204,287,263,186,381,125,172,282,330,169,284,528,363,494,210,221,405,429,444,281,265,231
sub-124,3331,352,360,2685,1857,1409,320,1678,1236,405,258,342,466,430,755,170,390,623,220,247,328,328,275,194,496,514,442,382,304,471,514,241,208,271,357,178,355,538,293,449,287,586,645,593,477,261,622,343,320,408,955,1369,724,359,678,190,224,141,204,399,290,400,552,305,387,199,874,801,733,372,564,714,916,428,656,449,868,614,277,307,331,692,841,1310,780,1275,733,528,497,422,760,684,926,478,288,1031,406,200,267,405,406,252,239,383,341,396,261,434,341,229,320,220,133,206,164,661,781,297,263,584,258,665,282,411,431,271,408,425,470,694,1389,733,1096,1051,809,587,1060,880,547,623,305,357,446,465,591,374,436,1108,1287,1155,918,128,298,214,185,241,546,225,271,220,386,200,478,245,219,401,355,222,342,527,665,577,333,303,509,524,595,273,365,260,3457,484,462,2582,1713,1068,322,1542,1124,548,470,380,567,425,993,231,481,790,272,174,215,369,348,133,404,371,393,319,284,500,523,282,191,161,349,222,388,571,301,427,296,390,482,737,445,260,524,379,283,659,860,1222,737,408,599,392,281,255,214,363,278,413,600,372,365,217,782,829,1049,710,693,524,833,375,351,409,885,740,236,225,356,545,823,1143,523,1554,696,508,486,590,860,430,965,397,302,941,340,367,388,579,241,223,154,347,310,440,320,312,291,274,337,226,158,163,205,505,742,233,216,453,243,713,235,318,651,248,269,646,592,436,1247,543,1217,1161,1076,832,804,903,625,649,586,526,810,501,741,493,335,785,1317,1050,900,190,329,223,197,206,550,244,291,248,283,264,419,223,244,502,378,188,335,676,481,529,245,274,498,508,627,277,306,268
sub-125,3402,243,285,2695,1826,1384,226,1795,1340,422,168,417,473,403,619,143,262,429,154,261,218,214,172,157,498,532,423,360,290,336,473,218,178,239,335,203,348,473,301,538,306,541,734,648,541,274,414,380,311,320,915,1163,755,382,577,184,179,143,184,434,241,401,573,279,349,142,745,699,716,420,473,646,852,325,514,349,776,488,268,228,330,559,677,948,670,1035,655,544,489,364,713,541,865,323,290,1007,380,216,232,387,328,248,216,352,347,386,204,362,291,193,297,200,143,189,135,623,666,420,280,596,315,1036,210,372,399,288,328,380,542,621,1122,500,940,1055,1036,645,481,634,454,400,268,330,393,534,441,272,381,1098,1848,1070,940,118,275,172,156,147,367,304,262,198,318,162,335,223,164,323,313,210,291,536,515,602,294,281,475,418,477,221,362,239,3165,370,436,2433,1728,1202,353,1685,1245,377,318,277,653,418,727,184,343,688,264,239,199,344,275,119,305,305,412,300,252,387,491,262,196,139,270,316,494,537,356,532,359,361,457,603,398,233,474,339,223,480,926,1476,718,319,589,364,325,259,232,409,268,409,533,381,354,185,733,674,981,583,538,454,778,401,318,343,854,708,269,205,378,473,845,1045,512,1334,491,478,421,481,774,336,760,324,248,733,309,307,355,488,210,191,146,308,291,359,254,287,254,312,331,222,158,152,151,567,717,244,169,402,253,687,212,236,547,183,236,488,550,463,1219,374,925,890,1040,666,646,560,726,630,569,493,999,438,631,356,297,683,1074,1587,1080,159,240,239,164,174,362,390,308,207,211,132,400,176,219,407,317,169,322,631,422,547,208,208,384,397,412,241,336,239
sub-126,2966,243,327,2334,1559,1152,281,1745,1339,646,209,387,419,445,549,144,369,614,203,232,257,244,235,147,470,434,397,345,222,431,496,275,213,257,401,200,312,511,356,356,241,423,506,431,413,208,329,265,259,369,936,1119,738,413,503,189,189,128,170,363,315,387,494,324,353,185,872,814,713,395,532,709,787,434,679,408,723,587,332,296,367,736,663,999,649,1104,657,490,455,386,735,708,978,412,185,968,476,218,245,400,385,257,202,325,330,465,226,436,367,209,318,249,119,184,136,538,564,269,251,506,236,621,244,379,358,250,435,373,403,511,1352,619,1028,1041,933,681,759,857,457,510,275,305,409,347,418,331,451,1024,934,982,778,118,273,218,176,215,483,191,243,199,459,190,451,225,205,408,369,200,325,563,544,512,262,273,454,471,581,268,339,208,3111,345,385,2349,1500,935,284,1549,1150,459,300,266,496,387,772,185,333,728,163,151,168,263,254,125,466,323,405,382,235,413,505,209,167,143,272,315,419,525,351,447,354,395,477,596,470,219,407,337,257,410,845,1215,738,379,581,307,237,183,176,386,257,395,636,380,318,239,769,924,991,726,623,487,827,448,388,403,823,740,274,227,400,520,803,1107,448,1327,596,461,409,502,775,350,888,441,295,948,393,337,348,441,211,208,140,376,333,429,253,293,310,261,406,246,171,162,173,459,768,228,165,391,220,588,240,268,541,199,263,543,530,403,1291,503,1007,1109,1007,763,763,762,730,637,401,453,502,580,603,252,292,721,1419,1034,795,164,278,284,176,157,389,184,209,262,255,165,404,169,213,449,360,168,328,581,424,482,194,262,440,451,441,254,292,222
sub-127,4146,273,355,2758,1671,1164,290,1685,1204,374,167,249,437,352,641,174,325,670,199,220,241,262,219,175,491,550,329,543,205,354,501,235,204,184,240,267,370,619,367,546,286,469,632,653,401,247,463,272,300,351,991,1399,692,435,730,201,280,159,192,354,346,498,575,348,299,202,619,716,1019,414,528,747,721,580,764,510,856,645,383,247,461,681,682,921,816,1258,726,521,463,380,716,684,926,476,205,971,322,258,237,404,373,268,257,395,312,431,232,533,387,242,384,235,164,231,210,576,590,290,273,522,425,541,280,489,443,263,378,417,595,798,1280,553,910,897,757,591,831,889,675,482,279,418,502,370,567,380,409,888,1192,1618,1072,124,314,221,193,200,441,206,265,211,344,186,464,249,171,371,387,256,375,536,717,464,299,331,574,429,498,244,357,243,4464,331,420,2750,1732,1127,354,1847,1207,479,268,255,495,454,687,162,280,993,177,260,180,320,287,122,371,365,494,330,267,463,553,279,211,188,301,285,443,566,366,463,354,475,480,648,478,209,600,374,270,422,768,1068,736,433,632,359,329,249,223,367,285,361,495,347,311,300,660,683,1006,610,608,494,722,430,369,469,974,726,245,181,390,518,728,1082,571,1504,634,496,497,526,775,347,717,555,257,816,291,314,390,453,189,216,154,333,261,460,315,343,335,311,479,308,202,191,204,391,867,234,223,459,411,480,256,321,632,207,262,730,612,447,1306,448,1180,1054,770,850,806,901,764,655,517,429,765,592,533,289,243,745,1162,1350,868,122,212,235,207,184,442,266,359,189,279,161,537,185,195,398,395,212,350,716,472,492,233,237,491,511,516,303,276,264
sub-128,3176,182,278,2432,1599,1167,256,1735,1328,384,276,345,452,374,666,157,390,608,205,188,198,225,141,149,771,441,402,327,362,494,411,226,149,210,267,223,377,617,326,408,245,556,491,566,531,312,533,320,324,358,1038,1363,775,440,730,259,249,141,190,304,306,332,435,262,364,176,909,916,697,418,517,588,853,369,473,358,713,625,326,306,312,387,516,745,577,1034,604,529,409,363,636,604,874,338,227,1152,492,213,305,445,343,253,228,404,352,400,223,356,298,197,284,179,139,177,158,675,806,455,272,649,372,850,236,486,407,295,381,516,430,566,1172,560,807,761,874,589,573,763,411,335,198,316,386,469,457,316,456,1523,1697,1023,871,115,271,192,182,133,333,242,179,182,384,237,477,169,160,294,356,228,266,449,352,432,308,234,551,511,398,237,307,193,3253,392,356,2517,1696,1106,342,1713,1130,386,264,239,575,370,741,201,385,764,240,172,162,284,267,105,469,307,390,427,284,412,456,266,183,111,264,305,480,555,335,468,330,448,428,617,460,242,636,349,264,426,867,1309,694,429,772,318,285,196,162,314,244,438,594,390,366,204,828,639,1030,578,395,416,731,517,338,407,872,820,334,205,466,519,612,992,601,983,385,457,393,466,758,343,805,443,222,891,346,270,337,423,171,207,129,296,244,383,261,300,289,276,355,255,156,148,162,502,765,266,190,431,268,731,210,293,513,219,228,438,509,451,1035,476,889,1045,1058,691,702,757,690,575,471,426,643,467,522,337,294,661,1271,1056,791,136,339,260,174,150,446,280,252,255,248,179,436,150,221,331,311,168,285,536,505,543,195,204,403,405,452,227,273,195
sub-129,3189,219,366,2431,1666,1173,243,1792,1410,461,207,354,514,338,807,176,366,506,202,202,242,226,178,142,547,421,487,629,325,490,477,183,165,257,327,213,396,509,357,422,217,684,479,534,599,297,667,372,329,370,1106,1446,778,451,692,192,158,108,155,280,241,350,420,273,309,149,414,573,710,365,348,596,509,373,546,360,756,517,296,262,312,571,390,546,586,747,483,498,447,363,613,517,808,316,215,987,271,184,200,323,282,202,195,393,289,322,168,373,290,224,266,183,118,161,132,742,747,360,255,606,352,632,219,398,397,309,378,409,576,557,1148,639,712,1085,896,571,576,635,702,379,208,407,427,417,439,309,427,1027,1386,1331,875,181,315,211,170,153,339,235,203,221,397,214,369,214,177,341,300,221,280,458,569,559,239,258,537,435,390,179,272,181,3612,193,393,2402,1636,997,301,1422,1085,270,167,150,567,414,762,178,319,714,153,159,121,241,147,129,463,260,419,557,253,582,522,198,214,138,279,255,399,483,312,324,251,564,333,439,542,218,576,288,275,358,961,1712,681,335,474,169,236,167,172,288,269,441,497,303,318,201,295,716,1073,857,757,494,441,362,379,468,854,546,218,171,345,564,548,827,479,1443,676,424,407,454,690,275,676,308,190,672,150,312,291,430,161,192,144,334,297,360,230,302,276,357,370,202,181,136,154,858,954,295,188,446,386,778,155,327,508,243,232,376,507,416,1210,471,759,1214,1048,635,462,530,827,335,288,428,405,475,355,217,496,1132,1262,1126,595,167,335,227,162,117,252,190,216,237,323,152,406,133,207,257,319,150,348,688,534,788,188,258,532,350,417,240,263,217
sub-130,3672,252,419,2732,1833,1454,328,1999,1488,455,313,456,656,439,947,219,467,681,297,246,261,245,229,172,382,519,361,553,221,378,698,234,174,224,288,305,435,612,397,537,300,424,658,606,401,267,328,250,273,453,1158,1565,804,477,673,254,256,179,206,397,299,450,561,365,434,241,704,876,880,434,585,730,807,446,628,444,807,683,356,305,372,591,529,806,603,1209,774,579,484,424,772,708,932,529,192,965,333,223,267,420,404,273,242,368,350,504,221,440,389,268,391,297,139,199,168,586,615,328,282,696,426,673,230,411,439,290,454,419,588,748,1385,656,1012,1122,871,644,722,915,595,345,281,502,587,351,543,483,497,844,1029,1301,975,201,274,273,203,188,392,336,265,233,302,200,532,298,263,419,409,255,335,579,515,637,277,303,529,443,549,271,365,196,3693,320,605,2972,2006,1300,388,1936,1297,375,316,220,676,424,911,250,400,766,274,251,211,369,269,133,381,346,378,330,273,434,716,224,211,163,308,380,476,558,418,559,341,390,556,709,471,221,268,242,222,502,982,1293,809,447,909,361,314,217,189,468,343,428,643,335,295,247,711,728,956,590,475,439,795,521,473,468,913,725,298,203,605,718,944,1148,484,1154,537,470,412,507,883,411,911,502,167,871,270,336,307,536,237,218,160,372,348,485,317,314,307,391,406,323,174,164,160,623,671,259,263,554,309,540,240,351,498,248,275,476,561,373,1257,624,993,1436,975,704,736,721,635,585,503,593,1029,489,534,508,429,996,1107,1003,828,190,359,291,181,204,382,384,341,273,272,173,465,213,217,521,370,191,365,605,549,647,266,269,513,427,533,302,359,272
sub-131,3312,254,366,2475,1740,1322,268,1847,1318,404,183,296,560,337,746,201,352,516,252,187,233,240,229,130,758,536,468,628,259,463,464,185,198,211,293,221,331,507,287,384,260,344,588,488,445,216,322,328,290,357,955,1098,761,382,584,230,175,133,198,339,342,457,552,298,312,163,623,764,941,420,492,732,576,382,666,432,775,571,269,265,288,615,637,1089,706,1231,670,491,508,392,730,631,847,423,327,791,321,228,287,435,310,245,201,348,322,401,162,382,369,247,344,325,148,174,138,637,741,404,239,575,259,947,236,395,444,282,330,416,547,680,1568,714,788,1040,982,634,575,766,575,471,277,354,449,587,469,403,386,1216,1874,1409,1077,158,319,174,149,197,408,310,233,226,374,189,327,220,174,373,348,208,322,544,570,566,221,247,565,563,547,219,350,203,3870,351,418,2904,1963,1279,347,1645,1305,398,248,227,628,403,785,227,382,689,212,186,172,317,267,109,562,381,435,464,301,439,494,166,245,188,333,258,398,455,373,432,310,468,482,646,463,252,365,245,260,456,1094,1534,749,373,587,346,213,161,162,356,293,433,634,369,335,209,612,801,1049,662,666,519,686,402,364,352,765,854,310,194,442,449,811,991,486,1387,641,474,361,453,714,296,831,404,190,657,286,388,480,560,203,233,136,345,311,428,216,307,313,335,362,236,191,169,199,539,655,244,177,445,233,741,226,269,507,235,220,509,568,463,1280,418,995,953,1063,748,599,747,877,692,504,427,582,453,483,278,355,758,1712,1912,934,171,401,292,177,167,359,274,288,364,310,200,365,173,227,385,348,192,331,575,467,528,172,260,401,428,502,220,311,244
sub-132,2404,243,385,2234,1509,1067,224,1869,1281,415,167,296,448,333,602,147,325,563,247,232,208,185,219,128,410,466,352,319,225,370,460,189,151,201,237,272,403,537,412,472,279,495,563,491,489,264,559,319,299,350,923,1303,733,416,574,187,170,148,214,405,230,319,419,301,404,165,623,657,684,365,571,640,613,473,698,408,675,482,322,224,341,553,444,618,519,931,684,531,405,355,689,589,975,336,241,866,338,221,215,318,281,221,190,317,296,425,199,451,312,211,297,212,123,207,161,521,684,350,226,543,224,758,243,342,346,256,366,351,449,537,1221,519,1025,896,903,647,724,827,400,442,263,353,461,438,536,389,283,970,1082,901,878,126,269,187,167,198,433,291,262,206,284,194,391,203,205,392,337,206,338,482,485,466,243,237,427,386,461,237,289,228,2762,265,468,2150,1464,1027,292,1673,1158,367,268,218,468,347,694,173,399,790,241,167,184,284,238,114,436,306,327,461,220,291,438,254,152,123,216,301,545,577,395,485,350,421,459,532,421,260,515,292,212,449,851,1458,744,378,535,307,247,173,162,360,283,363,597,310,308,196,829,715,941,656,575,401,731,381,342,441,755,653,255,171,337,399,658,891,414,1206,528,417,374,435,750,311,899,328,206,799,280,270,304,451,197,184,128,298,272,388,272,315,285,287,361,209,162,154,183,545,722,235,185,455,213,572,190,279,532,213,264,484,553,449,1165,432,949,985,1008,774,618,728,670,438,301,472,518,498,530,370,334,788,1511,1086,838,143,312,276,180,174,341,190,221,253,162,149,446,172,189,457,307,176,376,530,467,494,189,233,413,458,466,250,288,193
sub-133,3968,241,343,2968,1991,1551,354,1892,1455,537,259,405,482,437,714,144,366,764,187,326,304,285,243,153,633,490,588,420,385,499,590,174,250,299,472,208,380,529,314,476,261,564,669,456,694,392,517,553,530,626,1001,1227,816,416,536,238,157,111,165,380,376,569,609,326,298,161,800,749,992,351,603,746,762,315,590,434,781,613,217,275,248,426,517,944,688,1387,888,518,456,390,636,589,913,387,403,827,352,196,344,422,309,238,229,355,405,467,250,441,378,198,346,220,149,209,181,510,748,268,305,606,429,631,262,391,450,267,484,466,547,736,1376,625,1327,1093,1030,787,955,974,567,515,296,384,507,659,717,361,453,1349,1860,1369,1087,142,296,262,191,237,417,320,308,214,504,221,578,244,188,379,369,236,333,554,508,568,268,269,504,503,593,272,407,205,3930,445,404,2834,1953,1276,439,1802,1148,389,381,274,675,430,1007,284,510,888,215,219,217,433,311,138,526,404,484,504,326,589,584,280,203,175,330,345,579,660,382,526,334,580,474,671,568,356,691,515,369,699,882,1295,755,391,663,390,337,237,215,410,311,386,562,374,379,192,796,785,995,668,615,564,694,462,401,378,671,776,253,210,356,424,583,832,339,1277,645,517,391,551,586,275,898,404,395,835,315,385,353,498,210,202,157,347,306,502,269,338,339,284,372,240,184,178,175,541,899,213,218,465,328,547,230,288,590,274,315,526,602,447,1221,426,975,976,929,658,824,907,838,744,559,556,628,656,878,321,328,750,1711,1917,1238,201,272,258,233,221,537,241,272,238,321,234,513,233,260,387,364,204,381,614,312,536,222,258,457,423,440,283,295,295
sub-134,2931,213,386,2551,1773,1266,251,1909,1411,357,341,383,556,319,809,176,385,586,232,238,214,208,166,158,428,493,476,398,289,430,582,208,176,173,232,211,365,515,349,436,254,566,590,509,578,253,301,382,376,445,992,1074,787,333,567,304,215,119,160,355,374,546,606,304,289,204,737,773,862,385,496,647,760,401,572,417,868,690,242,292,287,466,546,841,717,1114,617,490,469,360,701,622,847,422,278,757,370,217,222,366,293,219,227,350,323,403,231,420,348,240,344,221,115,211,179,434,540,339,237,560,275,806,238,393,413,277,389,439,460,585,1227,582,1076,1098,923,711,732,787,443,357,218,467,479,385,561,420,329,944,1268,1051,826,149,246,203,170,174,343,269,232,174,347,173,432,225,174,383,349,229,342,543,535,479,282,296,501,509,581,253,352,187,3305,304,578,2723,1908,1229,352,1802,1111,461,299,219,615,339,927,202,297,789,225,254,193,305,256,110,444,347,346,418,262,458,632,243,195,137,286,366,511,582,378,475,302,416,471,638,457,201,423,292,243,400,796,1080,699,533,656,333,273,194,202,395,307,435,556,404,360,221,798,733,1071,780,525,493,769,524,459,405,806,871,301,199,508,591,682,882,447,1054,529,502,390,509,741,298,775,410,198,773,301,328,304,366,162,169,144,302,226,413,300,317,311,315,353,244,151,172,160,311,602,232,164,365,221,578,215,277,529,212,247,457,558,445,1361,433,1027,1282,1016,795,654,669,776,576,495,585,933,362,477,405,193,531,1091,1221,876,192,177,228,179,162,320,341,332,179,252,182,445,213,235,395,359,177,390,574,481,624,208,221,402,374,507,310,330,250
sub-135,2349,303,396,2125,1492,1299,331,2135,1637,438,261,425,434,399,710,160,416,733,211,228,307,331,242,202,397,611,483,299,340,414,492,241,195,266,351,239,362,558,321,533,308,431,755,700,552,389,261,328,409,583,1123,1087,803,529,917,252,239,133,200,440,265,453,637,270,295,186,668,691,909,469,493,732,727,541,756,403,806,756,340,297,496,885,690,828,793,1026,693,486,499,406,761,686,968,343,339,1029,328,236,282,590,485,329,240,396,342,534,257,531,466,227,406,242,139,251,207,760,643,349,231,600,220,772,276,453,404,246,488,503,376,382,1587,774,887,1201,1045,668,710,924,476,522,333,397,493,609,606,421,555,1255,1786,1194,1086,147,218,286,196,229,444,249,228,250,332,190,624,227,166,390,404,244,377,528,751,566,289,350,502,528,394,283,428,238,2684,318,368,2099,1423,984,356,2001,1263,481,231,230,492,388,763,187,436,881,220,149,216,377,243,134,388,378,404,388,255,380,448,283,172,132,274,347,492,597,382,491,394,408,511,635,472,287,463,384,296,605,917,1239,769,444,573,327,316,209,225,444,291,462,668,423,358,252,603,746,1139,692,616,517,695,491,442,516,949,797,322,182,600,736,1062,1250,724,1455,631,517,407,506,828,451,1046,515,305,876,337,339,396,491,248,212,175,362,296,580,345,323,436,317,532,324,172,201,194,775,833,230,181,367,241,546,312,296,621,218,313,674,587,450,1462,536,1162,1086,1036,886,748,863,914,603,393,422,595,676,691,393,362,1014,1745,1581,1033,149,260,318,203,209,426,227,239,272,239,194,517,226,243,542,413,234,420,636,556,551,266,264,492,507,426,313,347,243
sub-136,3210,250,416,2642,1853,1259,301,1667,1263,386,188,353,549,365,647,214,384,533,222,183,243,300,186,142,475,402,349,444,223,311,545,228,153,206,188,244,422,609,339,440,249,489,503,514,455,233,555,366,391,415,843,1206,710,383,639,182,213,132,167,294,331,438,511,274,278,157,670,581,793,313,472,628,781,492,576,321,648,551,337,268,289,450,515,717,613,1055,610,449,430,401,655,557,835,300,290,896,305,152,232,359,308,221,202,376,395,419,207,438,346,190,305,199,142,189,143,563,759,247,240,564,396,676,222,343,368,273,369,421,506,644,1249,555,932,981,817,583,770,689,450,427,234,391,384,442,635,380,380,1305,1387,1231,976,160,331,197,181,150,404,209,209,228,238,131,374,167,149,317,359,198,299,468,455,496,239,271,460,470,536,234,303,165,3270,321,454,2564,1851,1122,354,1676,1144,332,258,218,547,349,788,171,343,710,249,169,162,345,260,105,546,301,453,416,270,376,484,241,158,135,236,246,449,513,312,426,411,386,404,541,542,252,436,356,260,469,750,955,691,382,488,327,232,168,163,362,281,346,532,322,347,235,525,650,878,596,542,495,572,449,332,356,805,648,223,137,368,515,716,984,522,1117,501,457,438,525,755,339,946,371,300,831,225,270,393,433,201,181,139,339,340,425,250,295,256,290,300,227,179,156,170,325,643,191,189,415,228,511,218,275,542,242,268,535,593,535,1155,434,1064,984,911,697,645,722,818,475,333,481,587,551,710,348,304,982,1607,1048,893,144,317,273,198,171,391,243,245,273,225,175,408,184,216,461,331,165,327,621,418,456,196,254,436,427,515,267,282,224
sub-137,2556,263,395,2266,1546,1303,307,1679,1347,436,208,366,467,383,628,164,382,694,299,238,255,190,208,124,308,494,449,295,285,422,371,199,163,247,308,190,325,492,281,378,238,403,518,438,477,280,275,264,245,387,932,1060,785,326,477,186,197,161,212,320,330,319,401,297,296,174,775,864,649,451,488,559,853,336,386,326,696,565,315,290,280,428,548,750,567,884,679,443,476,362,709,541,796,385,244,842,408,232,256,390,290,263,191,266,265,352,176,392,250,225,273,186,138,178,168,575,626,328,255,587,180,646,213,234,317,311,541,387,449,595,1214,481,968,858,850,686,730,992,400,435,226,356,531,470,621,420,401,830,1396,1043,1009,135,180,292,223,193,441,334,227,194,373,182,591,218,183,321,293,213,275,474,353,564,202,172,322,379,405,225,273,248,2712,369,352,2205,1551,1227,408,1554,1067,332,265,199,441,342,659,135,334,689,199,281,192,339,310,97,310,282,436,325,236,401,373,176,171,149,289,311,448,506,361,433,262,457,449,472,505,256,552,414,294,581,877,1363,691,343,477,301,187,142,138,300,257,372,502,320,354,253,764,663,854,604,520,449,797,573,343,356,733,859,375,250,471,553,630,831,423,1057,491,448,423,496,748,342,675,371,253,720,275,289,333,448,178,201,120,295,259,353,230,278,261,238,301,200,176,146,153,525,794,253,185,439,174,551,182,217,474,260,298,431,562,439,1081,428,829,795,721,479,617,712,721,608,450,373,872,496,688,370,348,757,1236,1132,933,136,287,340,230,191,413,350,378,288,265,195,481,143,208,366,293,165,295,526,354,449,157,170,320,379,396,212,251,213
sub-138,3249,146,256,2398,1559,1100,258,1630,1246,335,219,350,454,431,516,136,272,558,188,203,208,209,173,156,415,487,370,371,234,355,441,191,187,221,305,197,311,499,289,421,277,408,541,572,460,206,387,337,262,356,933,1127,704,321,594,212,242,180,231,335,264,320,456,250,346,157,683,1061,717,417,541,648,738,493,631,361,727,575,287,270,322,561,543,852,612,1060,638,476,473,366,713,587,844,314,282,922,406,325,216,315,282,229,234,376,292,277,188,460,277,162,285,157,124,164,140,533,653,264,261,566,388,565,232,362,348,269,351,340,368,447,1227,547,884,1006,714,593,754,850,377,295,160,254,376,475,545,331,359,951,1580,1056,784,106,280,199,185,167,368,206,212,214,341,199,377,215,175,298,325,215,340,510,516,546,295,281,412,409,507,212,279,236,3250,219,359,2415,1669,1077,284,1539,1033,420,264,275,641,388,682,189,331,538,216,180,147,238,195,97,343,382,368,431,210,365,452,257,168,131,278,246,377,512,311,481,355,477,527,584,385,212,583,349,256,419,802,1140,676,371,597,330,185,149,143,359,264,456,662,319,277,190,783,838,1063,745,653,485,644,454,320,361,784,582,180,146,320,461,703,1049,540,1266,543,419,452,542,723,351,656,437,273,824,314,381,252,343,159,176,138,316,251,316,242,283,258,255,391,203,151,143,128,366,694,191,216,443,291,490,241,267,524,241,238,606,550,438,1195,529,850,972,709,517,550,552,776,480,305,362,525,472,568,325,253,618,1401,1446,751,138,347,278,197,158,321,309,238,283,229,204,356,146,171,352,319,164,306,520,458,497,181,207,410,456,465,229,297,203
sub-139,4154,270,331,2907,1903,1352,298,1647,1335,391,238,302,525,420,648,154,356,585,205,266,308,293,224,118,297,388,431,271,334,484,479,193,186,231,325,208,365,535,340,393,230,351,507,490,537,332,348,416,402,490,901,1074,771,378,521,230,186,168,220,332,295,398,428,288,315,152,582,626,842,299,548,764,770,439,737,439,738,664,338,296,487,947,694,1101,711,1324,697,521,465,396,669,603,938,344,379,905,299,193,237,400,253,229,206,272,216,414,186,420,364,214,305,225,135,195,146,463,669,293,281,672,345,760,213,296,329,280,383,284,402,545,1313,544,997,1049,942,640,718,881,365,374,254,335,408,515,434,287,357,823,1356,867,790,114,296,205,162,215,474,234,224,208,452,203,462,204,164,358,323,216,357,575,562,555,235,207,377,331,480,213,319,233,4255,271,352,2963,1990,1305,374,1661,1165,443,307,274,517,420,665,138,282,753,176,260,207,372,209,112,460,223,410,467,228,436,483,216,221,145,344,350,543,701,345,426,293,333,440,422,441,178,571,379,291,425,803,1207,737,344,575,330,239,169,153,342,257,491,615,362,358,201,620,622,1067,542,494,505,1037,566,467,395,841,722,362,219,636,650,1053,1067,432,1231,495,418,493,519,734,349,874,356,350,757,266,267,323,412,186,188,126,314,268,429,255,341,304,292,330,214,200,163,161,405,868,206,239,488,362,567,225,306,498,203,241,418,561,429,1247,461,833,897,975,638,591,760,828,447,290,359,414,707,486,268,247,625,1784,1027,666,130,338,287,162,190,402,255,254,224,336,258,438,192,227,430,310,169,359,653,476,522,195,205,402,389,436,251,302,188
sub-140,2905,251,314,2338,1630,1181,216,1433,1290,326,166,257,496,342,769,157,301,510,173,201,237,240,222,137,429,447,342,329,214,312,490,175,148,169,239,175,305,421,279,355,224,456,514,402,430,265,437,411,359,364,988,1229,712,314,464,179,171,121,178,309,284,419,459,291,326,160,628,836,751,387,467,584,643,361,611,382,644,491,286,222,318,504,474,743,544,966,550,443,372,333,634,561,774,349,301,729,304,227,205,361,313,253,211,345,343,465,223,400,353,187,306,190,109,199,151,638,741,417,271,654,303,905,192,376,417,312,402,424,568,620,1171,521,1093,913,979,684,689,746,450,423,275,382,419,516,401,256,403,1200,1126,909,817,156,270,189,216,177,406,215,219,212,256,130,375,217,182,346,330,209,315,431,415,496,254,261,491,404,455,264,315,199,2860,248,478,2175,1570,1028,330,1405,1046,423,254,271,683,331,819,249,406,774,228,184,176,278,239,99,548,241,328,510,210,347,592,196,158,114,215,245,407,481,301,399,302,386,452,433,400,207,371,272,201,415,736,1071,623,316,442,272,214,191,162,377,299,400,582,333,292,175,712,583,929,531,361,447,704,511,403,352,812,666,299,196,469,605,529,676,358,758,407,466,501,530,646,322,770,394,225,702,325,247,309,439,193,208,126,350,311,453,265,327,334,226,415,256,185,176,167,337,646,253,210,450,269,689,199,298,552,222,281,513,574,450,988,336,1062,821,1015,799,677,656,847,570,408,508,681,456,449,376,262,740,1598,1514,952,200,275,288,200,175,322,248,230,243,189,124,455,198,204,407,321,176,341,527,491,524,193,202,427,395,442,252,307,270
sub-141,4245,224,421,2977,1939,1324,242,1883,1440,546,278,510,508,393,769,171,371,493,218,241,247,240,197,127,340,497,319,366,225,372,524,224,161,191,276,232,387,598,316,431,270,331,514,574,365,244,409,330,238,382,938,1186,825,401,578,207,192,133,222,361,309,357,427,273,326,185,786,780,742,395,471,586,836,361,544,377,632,516,321,301,339,526,641,797,549,907,585,498,426,352,641,571,840,321,299,939,447,235,197,316,279,219,201,317,277,347,226,345,289,242,336,200,108,156,135,548,796,372,279,615,335,778,271,334,452,310,318,537,512,623,1303,549,1072,771,743,605,729,727,474,370,194,451,421,565,625,369,382,889,1543,1246,806,174,357,187,159,189,354,271,225,221,309,231,350,215,176,296,309,182,279,442,428,458,246,234,457,494,460,254,317,238,3942,302,419,2819,1831,1128,349,1916,1307,433,344,295,587,389,702,215,379,806,250,193,184,342,241,123,385,340,378,416,196,377,487,233,208,160,336,326,521,573,391,450,334,385,392,643,380,191,440,233,193,372,976,1276,820,434,532,387,202,162,154,347,252,390,546,344,335,199,811,818,941,653,480,415,754,422,326,338,780,823,271,206,382,425,670,1008,384,1111,512,480,465,498,768,297,783,344,172,910,317,357,283,433,192,190,149,353,298,362,261,239,253,256,352,206,130,133,150,432,732,255,223,450,317,689,207,277,559,223,215,503,568,500,1285,512,1006,1141,1053,710,662,768,822,539,312,453,594,439,529,398,289,768,1199,1116,772,171,365,270,169,185,388,259,226,278,285,189,432,176,229,371,335,171,289,587,347,557,210,248,444,418,472,253,275,216
sub-142,3495,279,242,2586,1815,1462,305,1634,1112,350,152,249,466,364,620,128,318,575,217,303,295,301,245,167,304,448,356,237,245,326,524,197,178,193,239,205,361,501,296,422,280,501,584,525,417,250,372,289,314,372,738,913,692,423,568,147,188,156,211,379,290,395,483,283,354,172,629,567,748,322,431,637,649,507,650,416,791,568,357,263,421,714,611,942,802,1085,626,518,438,356,665,641,885,385,240,1006,288,178,217,337,344,247,217,359,311,363,206,465,340,207,344,203,136,185,153,499,673,341,257,540,480,769,214,323,384,243,353,392,471,590,1297,588,823,969,962,585,590,680,403,436,257,315,405,513,438,325,324,1083,1225,1016,774,112,236,232,157,219,378,262,252,183,264,162,429,205,199,364,328,210,336,470,710,544,270,243,402,460,550,220,356,223,3277,280,444,2552,1848,1182,364,1606,1076,440,291,301,722,394,693,227,328,770,249,191,183,350,193,109,361,253,348,399,208,427,531,186,180,133,248,269,408,468,339,380,287,487,402,560,426,166,427,233,221,353,801,1200,684,405,604,329,254,241,206,346,313,400,460,298,278,203,714,582,857,541,466,501,724,416,376,370,669,665,231,191,416,603,848,934,418,1110,555,466,429,506,786,347,836,426,160,746,287,233,296,405,175,182,140,309,238,341,269,307,265,254,358,231,154,157,151,407,602,276,214,445,315,586,248,246,524,180,217,559,506,414,1205,351,830,805,1039,637,542,642,757,477,363,440,670,397,491,346,309,621,1263,1222,887,162,292,241,153,161,331,301,210,210,242,147,409,165,216,414,322,157,343,685,406,485,182,202,386,380,397,256,304,271
sub-143,3014,148,398,2459,1645,1170,258,1554,1235,386,225,360,434,339,627,163,326,560,187,231,195,223,147,138,411,475,263,378,178,362,498,174,185,166,241,181,317,481,268,371,263,339,481,613,322,259,324,324,271,439,887,994,683,393,615,177,175,119,188,328,294,366,426,263,288,144,845,814,733,423,556,582,837,417,591,356,654,530,309,242,333,513,560,692,569,912,668,477,448,389,607,495,825,332,258,909,368,223,250,375,274,214,199,326,299,397,198,393,315,183,297,197,152,224,182,485,533,273,241,455,343,611,248,314,351,240,359,355,487,655,1159,622,965,1003,884,570,596,723,460,326,178,433,446,401,438,315,318,887,1344,941,743,182,259,171,162,150,285,236,185,190,285,186,409,198,154,298,327,211,293,447,429,482,246,231,365,409,623,214,290,177,3341,220,421,2502,1748,1160,281,1420,1087,517,243,224,466,358,663,166,277,599,168,244,165,286,186,103,354,281,244,409,181,305,515,181,178,106,210,235,429,472,311,352,255,340,359,542,325,169,326,206,193,331,863,1139,633,412,560,261,206,146,128,281,222,363,523,364,315,161,742,634,924,509,439,456,647,478,504,357,741,609,258,191,469,713,828,939,555,1060,442,434,425,484,593,269,763,370,140,798,384,288,305,408,201,164,125,313,252,357,236,311,275,286,359,198,170,160,147,352,554,251,178,372,271,665,218,293,516,184,195,448,586,414,1213,445,818,986,841,640,585,562,717,465,386,428,721,319,388,318,244,615,1015,1677,857,138,308,195,158,152,278,311,282,219,166,107,336,144,194,312,296,153,351,571,512,466,182,224,390,389,458,243,250,180
sub-144,3687,240,419,2924,1943,1402,299,1646,1357,452,180,384,434,320,709,156,333,649,205,235,312,357,203,107,341,469,485,290,287,407,527,188,149,229,285,257,423,553,307,541,294,515,730,531,567,266,509,444,431,438,1077,1411,685,379,590,176,152,127,194,426,321,405,519,302,317,156,907,769,756,385,631,640,844,326,478,340,659,440,257,211,275,427,601,868,643,1148,757,509,458,391,636,576,819,332,342,806,383,209,211,373,313,227,195,339,340,409,185,390,330,180,278,196,134,184,159,613,755,260,238,565,277,543,202,340,442,256,365,370,553,665,1147,603,995,859,686,612,770,970,447,449,251,399,451,435,521,341,451,930,1165,988,1005,113,297,195,163,212,468,212,220,210,360,228,389,238,183,300,326,252,276,502,455,427,238,236,468,474,528,214,386,261,4090,294,456,2885,1962,1187,362,1639,1100,382,267,193,564,460,713,168,334,895,228,200,154,290,217,119,431,278,412,406,250,405,570,272,228,151,287,291,494,556,342,495,338,371,477,561,425,221,421,313,256,450,973,1549,735,342,527,286,283,247,217,378,294,420,565,362,332,213,667,683,974,592,509,463,685,391,322,427,766,691,262,201,374,459,805,1044,526,1185,500,459,402,447,703,294,693,359,189,758,292,288,311,577,210,240,157,323,317,365,265,299,274,246,365,190,170,155,160,631,642,185,210,395,414,398,197,275,623,202,214,538,637,499,1132,443,967,934,839,707,663,785,744,481,269,455,513,396,559,311,402,938,1189,1027,759,138,307,246,169,140,420,237,245,229,251,186,471,188,243,357,323,174,350,620,437,413,215,238,428,462,471,256,308,287
sub-145,2874,254,298,2214,1505,1120,219,1571,1245,376,175,285,537,280,559,178,384,473,249,224,211,198,216,126,356,415,360,331,220,380,442,144,145,158,286,189,334,470,295,370,221,492,498,553,518,262,408,379,344,477,841,1133,753,370,562,168,171,124,160,296,271,332,436,292,337,159,582,566,701,276,458,561,646,387,529,345,703,524,284,235,388,551,553,811,595,994,540,467,480,382,593,530,783,289,334,851,309,175,208,330,259,213,207,306,268,311,211,390,305,150,298,137,115,176,125,437,596,310,239,572,233,664,176,315,354,214,361,307,509,594,1092,507,1043,806,816,680,771,720,497,435,225,321,437,418,536,365,304,747,1070,1036,783,111,220,176,166,148,344,257,208,190,362,167,395,208,189,292,316,181,294,415,456,449,244,235,429,379,412,203,296,218,3468,252,331,2334,1608,1097,285,1595,1181,421,255,178,572,328,604,231,427,563,256,172,145,277,197,104,419,269,274,462,177,354,421,199,156,97,222,329,445,543,362,526,420,531,427,498,346,201,522,229,241,412,812,1260,761,356,532,287,313,185,195,350,243,409,522,307,337,170,599,635,875,513,437,475,732,375,357,312,648,726,271,180,413,463,805,829,359,1015,493,430,403,439,611,250,749,323,128,831,310,299,302,418,173,190,141,311,251,300,232,261,217,227,294,170,138,147,145,293,583,258,167,434,237,598,171,254,475,176,213,425,555,442,1093,417,974,995,1018,681,584,611,802,441,294,370,505,366,400,398,235,577,1376,1248,764,156,267,244,141,126,310,297,228,246,187,147,351,142,194,319,296,148,317,570,360,449,181,193,383,383,416,226,271,213
sub-146,3345,215,284,2726,1975,1562,326,1720,1337,353,260,360,598,343,619,202,397,670,234,298,328,306,211,155,654,399,529,435,286,376,430,237,153,185,235,237,391,601,379,531,269,495,616,454,533,232,599,319,308,379,946,1314,726,359,675,224,206,146,173,364,321,406,498,293,333,183,592,653,819,315,541,674,825,362,669,416,771,601,241,312,307,617,617,928,737,1358,772,506,489,384,718,605,883,385,344,812,278,180,306,384,321,228,236,328,356,405,217,444,354,168,322,183,162,222,185,555,954,315,264,593,306,540,232,414,429,295,417,407,553,654,1168,662,917,1123,783,592,602,890,354,362,234,329,422,508,582,345,371,1011,1471,1084,938,123,321,207,195,213,358,282,258,221,312,215,423,217,181,389,359,238,325,581,581,507,311,280,535,488,584,221,299,178,3706,377,353,2915,2071,1482,424,1503,1171,378,317,236,645,363,861,217,373,759,233,271,275,419,298,124,411,306,451,426,340,534,467,211,161,135,283,349,522,600,356,475,286,427,432,489,498,293,549,463,331,534,882,1321,732,399,595,368,245,182,185,320,266,366,499,325,328,205,737,594,869,577,532,495,691,608,421,428,1059,863,294,209,546,589,565,827,583,1210,606,456,507,530,884,363,925,377,390,748,263,255,344,473,223,198,161,366,332,389,292,381,287,256,362,214,198,163,177,498,1029,225,217,458,267,432,239,302,609,266,246,523,625,520,1228,541,688,970,641,507,542,648,732,535,415,427,543,667,620,279,309,814,1430,1278,769,138,432,305,205,249,452,293,316,333,278,210,432,181,217,462,341,195,400,742,602,510,218,243,481,482,473,283,265,228