ID,lh_G&S_frontomargin_thickness,lh_G&S_occipital_inf_thickness,lh_G&S_paracentral_thickness,lh_G&S_subcentral_thickness,lh_G&S_transv_frontopol_thickness,lh_G&S_cingul-Ant_thickness,lh_G&S_cingul-Mid-Ant_thickness,lh_G&S_cingul-Mid-Post_thickness,lh_G_cingul-Post-dorsal_thickness,lh_G_cingul-Post-ventral_thickness,lh_G_cuneus_thickness,lh_G_front_inf-Opercular_thickness,lh_G_front_inf-Orbital_thickness,lh_G_front_inf-Triangul_thickness,lh_G_front_middle_thickness,lh_G_front_sup_thickness,lh_G_Ins_lg&S_cent_ins_thickness,lh_G_insular_short_thickness,lh_G_occipital_middle_thickness,lh_G_occipital_sup_thickness,lh_G_oc-temp_lat-fusifor_thickness,lh_G_oc-temp_med-Lingual_thickness,lh_G_oc-temp_med-Parahip_thickness,lh_G_orbital_thickness,lh_G_pariet_inf-Angular_thickness,lh_G_pariet_inf-Supramar_thickness,lh_G_parietal_sup_thickness,lh_G_postcentral_thickness,lh_G_precentral_thickness,lh_G_precuneus_thickness,lh_G_rectus_thickness,lh_G_subcallosal_thickness,lh_G_temp_sup-G_T_transv_thickness,lh_G_temp_sup-Lateral_thickness,lh_G_temp_sup-Plan_polar_thickness,lh_G_temp_sup-Plan_tempo_thickness,lh_G_temporal_inf_thickness,lh_G_temporal_middle_thickness,lh_Lat_Fis-ant-Horizont_thickness,lh_Lat_Fis-ant-Vertical_thickness,lh_Lat_Fis-post_thickness,lh_Pole_occipital_thickness,lh_Pole_temporal_thickness,lh_S_calcarine_thickness,lh_S_central_thickness,lh_S_cingul-Marginalis_thickness,lh_S_circular_insula_ant_thickness,lh_S_circular_insula_inf_thickness,lh_S_circular_insula_sup_thickness,lh_S_collat_transv_ant_thickness,lh_S_collat_transv_post_thickness,lh_S_front_inf_thickness,lh_S_front_middle_thickness,lh_S_front_sup_thickness,lh_S_interm_prim-Jensen_thickness,lh_S_intrapariet&P_trans_thickness,lh_S_oc_middle&Lunatus_thickness,lh_S_oc_sup&transversal_thickness,lh_S_occipital_ant_thickness,lh_S_oc-temp_lat_thickness,lh_S_oc-temp_med&Lingual_thickness,lh_S_orbital_lateral_thickness,lh_S_orbital_med-olfact_thickness,lh_S_orbital-H_Shaped_thickness,lh_S_parieto_occipital_thickness,lh_S_pericallosal_thickness,lh_S_postcentral_thickness,lh_S_precentral-inf-part_thickness,lh_S_precentral-sup-part_thickness,lh_S_suborbital_thickness,lh_S_subparietal_thickness,lh_S_temporal_inf_thickness,lh_S_temporal_sup_thickness,lh_S_temporal_transverse_thickness,lh_MeanThickness_thickness,rh_G&S_frontomargin_thickness,rh_G&S_occipital_inf_thickness,rh_G&S_paracentral_thickness,rh_G&S_subcentral_thickness,rh_G&S_transv_frontopol_thickness,rh_G&S_cingul-Ant_thickness,rh_G&S_cingul-Mid-Ant_thickness,rh_G&S_cingul-Mid-Post_thickness,rh_G_cingul-Post-dorsal_thickness,rh_G_cingul-Post-ventral_thickness,rh_G_cuneus_thickness,rh_G_front_inf-Opercular_thickness,rh_G_front_inf-Orbital_thickness,rh_G_front_inf-Triangul_thickness,rh_G_front_middle_thickness,rh_G_front_sup_thickness,rh_G_Ins_lg&S_cent_ins_thickness,rh_G_insular_short_thickness,rh_G_occipital_middle_thickness,rh_G_occipital_sup_thickness,rh_G_oc-temp_lat-fusifor_thickness,rh_G_oc-temp_med-Lingual_thickness,rh_G_oc-temp_med-Parahip_thickness,rh_G_orbital_thickness,rh_G_pariet_inf-Angular_thickness,rh_G_pariet_inf-Supramar_thickness,rh_G_parietal_sup_thickness,rh_G_postcentral_thickness,rh_G_precentral_thickness,rh_G_precuneus_thickness,rh_G_rectus_thickness,rh_G_subcallosal_thickness,rh_G_temp_sup-G_T_transv_thickness,rh_G_temp_sup-Lateral_thickness,rh_G_temp_sup-Plan_polar_thickness,rh_G_temp_sup-Plan_tempo_thickness,rh_G_temporal_inf_thickness,rh_G_temporal_middle_thickness,rh_Lat_Fis-ant-Horizont_thickness,rh_Lat_Fis-ant-Vertical_thickness,rh_Lat_Fis-post_thickness,rh_Pole_occipital_thickness,rh_Pole_temporal_thickness,rh_S_calcarine_thickness,rh_S_central_thickness,rh_S_cingul-Marginalis_thickness,rh_S_circular_insula_ant_thickness,rh_S_circular_insula_inf_thickness,rh_S_circular_insula_sup_thickness,rh_S_collat_transv_ant_thickness,rh_S_collat_transv_post_thickness,rh_S_front_inf_thickness,rh_S_front_middle_thickness,rh_S_front_sup_thickness,rh_S_interm_prim-Jensen_thickness,rh_S_intrapariet&P_trans_thickness,rh_S_oc_middle&Lunatus_thickness,rh_S_oc_sup&transversal_thickness,rh_S_occipital_ant_thickness,rh_S_oc-temp_lat_thickness,rh_S_oc-temp_med&Lingual_thickness,rh_S_orbital_lateral_thickness,rh_S_orbital_med-olfact_thickness,rh_S_orbital-H_Shaped_thickness,rh_S_parieto_occipital_thickness,rh_S_pericallosal_thickness,rh_S_postcentral_thickness,rh_S_precentral-inf-part_thickness,rh_S_precentral-sup-part_thickness,rh_S_suborbital_thickness,rh_S_subparietal_thickness,rh_S_temporal_inf_thickness,rh_S_temporal_sup_thickness,rh_S_temporal_transverse_thickness,rh_MeanThickness_thickness,Left-Lateral-Ventricle,Left-Inf-Lat-Vent,Left-Cerebellum-White-Matter,Left-Cerebellum-Cortex,Left-Thalamus-Proper,Left-Caudate,Left-Putamen,Left-Pallidum,3rd-Ventricle,4th-Ventricle,Brain-Stem,Left-Hippocampus,Left-Amygdala,CSF,Left-Accumbens-area,Left-VentralDC,Left-vessel,Left-choroid-plexus,Right-Lateral-Ventricle,Right-Inf-Lat-Vent,Right-Cerebellum-White-Matter,Right-Cerebellum-Cortex,Right-Thalamus-Proper,Right-Caudate,Right-Putamen,Right-Pallidum,Right-Hippocampus,Right-Amygdala,Right-Accumbens-area,Right-VentralDC,Right-vessel,Right-choroid-plexus,SubCortGrayVol,TotalGrayVol,SupraTentorialVol,SupraTentorialVolNotVent,EstimatedTotalIntraCranialVol
sub-02_T1w,2.325,2.586,2.416,2.612,2.689,2.827,2.416,2.508,2.895,2.657,1.728,2.848,2.614,2.517,2.521,2.766,2.91,3.216,2.555,2.138,2.865,1.993,3.148,2.616,2.638,2.719,2.408,2.101,2.802,2.38,2.708,1.961,2.184,3.117,3.113,2.558,2.552,2.9,2.239,2.383,2.601,1.93,2.94,1.843,1.925,2.126,2.616,2.793,2.52,2.754,2.209,2.154,2.059,2.34,2.416,2.211,2.205,2.151,2.378,2.307,2.548,1.871,2.799,2.487,2.218,1.78,2.075,2.561,2.649,2.366,2.41,2.427,2.478,2.298,2.45977,2.451,2.769,2.404,2.617,2.517,2.41,2.477,2.479,2.761,2.401,1.771,2.855,2.555,2.575,2.452,2.693,3.18,3.299,2.564,2.322,2.807,2.047,3.388,2.711,2.777,2.614,2.292,1.944,2.653,2.427,2.291,2.021,2.383,3.12,3.507,2.563,2.781,3.066,2.306,2.419,2.561,2.108,3.106,1.933,1.984,2.227,3.026,2.731,2.597,2.679,2.063,2.229,2.085,2.274,2.384,2.183,2.136,2.3,2.223,2.555,2.591,2.319,2.248,2.576,2.209,1.754,2.061,2.418,2.499,2.313,2.303,2.441,2.547,2.209,2.46147,8738.6,316.7,15838.3,55606.1,7805.4,3477.3,5409.2,2213.8,1522.5,2823.2,22389.7,4510.1,1638.7,1313.2,676.1,4816.8,32.5,774.5,9767.9,601.8,13647.2,56106.8,7023.3,3779.9,5628.5,2226.2,4448.3,2036,490.4,4639.4,56.8,897.5,62124,657099.691673,1041747.154618,1021102.154618,1506696.560129
sub-03_T1w,2.351,2.771,2.562,2.781,2.605,2.681,2.62,2.71,2.789,2.741,1.812,2.82,2.916,2.778,2.581,2.801,3.229,3.727,2.68,2.388,3.003,2.032,3.397,2.63,2.733,2.692,2.41,2.059,2.86,2.561,2.516,2.737,2.67,3.214,3.602,2.646,2.922,3.169,2.371,2.692,2.385,1.984,3.351,2.091,2.051,2.374,2.888,3.153,2.744,2.676,2.356,2.295,2.024,2.374,2.161,2.237,2.221,2.239,2.217,2.478,2.559,2.378,2.396,2.651,2.431,2.086,2.184,2.512,2.512,2.694,2.463,2.503,2.572,2.519,2.56295,2.485,2.775,2.408,2.887,2.374,2.676,2.697,2.593,3.089,2.972,1.902,2.77,2.948,3.046,2.633,2.709,3.459,3.418,2.725,2.356,3.188,2.003,3.185,2.714,2.694,2.815,2.442,2.067,2.922,2.636,2.629,2.542,2.712,3.245,3.411,2.634,3.062,3.395,2.661,2.316,2.523,2.116,3.207,2.121,2.001,2.155,2.873,2.865,2.659,2.709,2.635,2.241,2.238,2.368,2.195,2.128,2.383,2.269,2.447,2.601,2.446,2.388,2.266,2.599,2.354,2.152,2.115,2.401,2.402,2.127,2.386,2.577,2.541,2.196,2.54789,8198.5,554.4,14780.2,62023.3,8306.5,3718.2,5064,2014.5,1431.7,1919.3,19498.5,4173.6,1940.7,889.3,495.1,4282.3,32.8,441.9,6710.3,302.8,12789.2,59895.7,7189.3,3784.3,5730,2043.2,4235.1,2273.8,593.9,4094.5,36.2,387.2,61207,768171.745086,1117726.788607,1101721.788607,1608840.227484
sub-04_T1w,2.505,2.419,2.316,2.735,2.501,2.783,2.75,2.679,3.037,2.524,1.882,2.914,3.048,2.791,2.549,2.737,2.752,3.524,2.568,2.404,3.025,2.103,3.056,2.662,2.899,2.8,2.541,2.593,2.856,2.601,2.558,2.387,2.562,3.153,3.32,3.035,3.022,3.049,2.321,2.414,2.627,2.108,3.326,2.175,2.066,2.413,3.16,2.898,2.707,3.179,2.084,2.304,2.205,2.298,2.483,2.389,2.207,2.267,2.429,2.386,2.675,2.118,2.242,2.677,2.494,1.618,2.314,2.438,2.342,2.215,2.416,2.574,2.634,2.443,2.57855,2.522,2.782,2.31,2.701,2.472,2.537,2.609,2.6,2.935,3.022,1.981,2.939,3.008,2.643,2.545,2.704,3.253,3.044,2.804,2.625,2.955,2.247,3.603,2.738,2.796,2.858,2.473,2.431,2.822,2.574,2.707,3.378,2.769,3.165,3.153,2.951,3.018,3.157,2.224,2.61,2.606,2.152,3.27,2.084,2.044,2.442,2.86,2.812,2.593,3.003,2.292,2.211,2.225,2.145,2.519,2.409,2.334,2.328,2.723,2.821,2.638,2.213,2.141,2.53,2.304,1.489,2.268,2.369,2.272,2.678,2.469,2.585,2.66,3.045,2.56816,4469.9,392.2,16892.1,62524.7,7672.9,3347.4,4891,1901.9,820.7,1743.5,20339.4,4092.5,1836,758.6,564.1,4434,28.1,381,3253.4,320.3,15556.9,61307.2,7509.9,3188.5,4815.4,1784.5,4310.3,1897.8,599.7,4472.4,40,484.6,58592,692978.943086,1022854.451182,1014055.451182,1476609.131961
sub-05_T1w,2.093,2.742,2.665,3.037,2.527,2.727,2.705,2.841,3.19,2.805,2.07,3.027,2.988,2.813,2.7,3.024,3.047,3.381,2.769,2.466,3.161,1.974,3.219,2.801,2.776,2.926,2.529,2.367,3.015,2.769,2.387,1.912,3.007,3.503,3.769,2.895,3.029,3.468,2.558,2.354,2.589,1.987,3.615,1.926,1.986,2.394,2.997,3.113,2.837,3.021,2.35,2.349,2.303,2.548,2.353,2.211,2.373,2.352,2.476,2.617,2.547,2.169,2.173,2.615,2.465,1.674,2.25,2.671,2.549,2.02,2.448,2.725,2.679,2.87,2.63279,2.383,2.749,2.551,2.929,2.528,2.299,2.498,2.568,2.928,3.134,2.023,2.709,2.97,2.927,2.696,2.744,3.34,3.599,2.914,2.51,3.072,2.353,3.46,2.625,2.789,2.952,2.38,2.5,3.043,2.85,2.503,2.392,2.923,3.304,3.589,2.595,2.98,3.149,2.206,2.223,2.631,2.135,3.835,2.079,1.925,2.215,2.823,3.022,2.801,3.032,2.576,2.085,2.021,2.237,2.294,2.333,2.188,2.456,2.47,2.571,2.583,1.972,1.917,2.589,2.429,1.895,2.083,2.375,2.41,2.346,2.461,2.532,2.571,2.698,2.5669400000000002,3850.1,207.4,16471.6,52831.9,8019.7,3630.6,5994.1,2371.2,625.4,988.9,21040.6,4717.3,1734.4,596.1,592.1,4775.2,23.7,334.6,3338.5,189.2,15440.8,52746.4,7753,3621.2,5976.5,2369.8,4593.6,1687.6,583.1,4351.8,28.9,355.7,64266,697304.050871,1113514.581067,1106045.581067,1632502.076998
sub-07_T1w,2.404,2.55,2.426,2.822,2.593,2.774,2.852,2.564,2.883,2.897,2.01,3.136,2.846,2.767,2.717,2.874,3.343,3.541,2.761,2.41,2.95,2.256,3.149,2.671,2.847,2.731,2.517,2.324,2.967,2.546,2.558,2.124,2.765,3.264,3.25,2.631,3.058,3.392,2.511,2.771,2.564,1.956,3.098,2.1,2.121,2.3,3,2.669,2.571,2.687,2.334,2.377,2.373,2.301,2.365,2.28,2.386,2.279,2.594,2.702,2.555,2.069,2.469,2.519,2.39,2.196,2.307,2.631,2.598,2.276,2.487,2.51,2.582,2.405,2.60278,2.202,2.735,2.413,2.886,2.46,2.634,2.702,2.556,2.808,2.674,2.049,2.816,2.77,2.679,2.696,2.875,3.286,3.526,2.777,2.608,2.996,2.322,3.33,2.645,2.769,2.801,2.277,2.288,2.947,2.535,2.493,2.389,2.651,3.188,3.427,2.798,2.981,2.823,2.242,2.479,2.503,2.163,3.281,2.253,2.062,2.198,2.865,2.667,2.761,2.853,2.366,2.315,2.262,2.343,2.672,2.212,2.41,2.278,2.604,2.69,2.451,2.056,2.222,2.627,2.203,1.692,2.259,2.518,2.372,2.112,2.383,2.547,2.584,2.599,2.57827,6270.4,376.6,15803.3,65100.5,8238,3635.1,5485.5,2148.8,1064.3,2733.3,22032.8,4482,2206.4,1232.6,669.3,4546.3,23,349.4,6779.2,614.9,14467.7,67870.8,7598.5,3871,5632.9,2146.7,5375.1,2217.8,642.8,4398.8,27.3,627.4,64431,732925.956323,1077409.60468,1063029.60468,1571871.79983
sub-08_T1w,2.309,2.684,2.184,2.872,2.83,2.8,2.726,2.586,2.979,2.704,1.907,2.85,2.961,2.654,2.581,2.753,3.168,3.304,2.621,2.144,2.957,2.013,3.565,2.845,2.828,2.678,2.249,2.206,2.907,2.629,2.66,2.002,2.678,3.247,3.284,2.863,2.981,2.971,2.157,2.83,2.6,2.069,3.199,1.761,1.975,2.087,2.93,2.731,2.656,2.618,2.302,2.258,2.144,2.386,2.497,2.235,2.205,2.144,2.199,2.672,2.611,2.34,2.293,2.861,2.345,1.908,2.15,2.381,2.355,2.575,2.404,2.56,2.622,2.692,2.54265,2.386,2.507,2.291,2.731,2.576,2.704,2.673,2.564,3.097,2.797,1.994,2.979,2.881,2.859,2.627,2.725,2.974,3.058,2.596,2.257,2.992,1.989,3.579,2.901,2.742,2.691,2.329,2.142,2.772,2.573,2.455,2.909,2.656,3.144,3.149,2.718,2.975,3.047,2.512,2.79,2.467,1.975,3.27,1.928,1.927,2.125,2.791,2.58,2.853,2.631,2.241,2.256,2.117,2.365,2.195,2.194,2.097,2.284,2.342,2.465,2.582,2.083,2.129,2.501,2.335,1.828,2.092,2.542,2.421,2.524,2.268,2.471,2.57,2.698,2.51729,2800.5,161.2,16390.2,54012.9,7751.1,3461.4,4792.7,2117.4,825,1951.6,20746.1,4290.3,1597.5,858.7,500,4546.4,10.2,290.9,2568.7,281.7,14775.4,52840.7,7267,3414.8,5075.9,1777.9,4368.9,1763.8,555.6,4265.9,18.4,355.1,59000,614392.384167,931307.80606,925372.80606,1358020.078451
sub-09_T1w,2.412,2.946,2.47,3.016,2.549,2.771,2.575,2.629,2.72,2.909,2.155,2.828,2.857,2.796,2.683,2.828,3.177,3.22,2.949,2.747,3.067,2.319,3.468,2.644,2.892,2.771,2.673,2.446,2.921,2.503,2.509,2.331,2.852,3.611,3.571,2.959,3.067,3.143,2.397,2.397,2.728,2.33,3.769,2.149,2.118,2.317,2.858,2.884,2.64,2.656,2.639,2.362,2.218,2.344,2.323,2.451,2.541,2.663,2.49,2.719,2.886,2.216,2.345,2.795,2.518,2.192,2.321,2.539,2.462,2.504,2.471,2.668,2.609,3.106,2.66291,2.217,2.875,2.293,2.791,2.674,2.735,2.764,2.579,2.944,2.726,2.022,2.877,2.958,2.725,2.601,2.821,3.608,3.716,2.939,2.67,2.931,2.329,3.46,2.856,2.957,2.832,2.577,2.316,2.933,2.54,2.515,2.541,2.806,3.437,3.371,2.995,3.119,3.166,2.098,2.352,2.583,2.411,3.72,2.106,2,2.35,3.025,2.907,2.608,2.94,2.537,2.327,2.227,2.303,2.418,2.386,2.412,2.577,2.444,2.683,2.827,2.064,2.184,2.592,2.486,1.912,2.067,2.401,2.326,2.501,2.465,2.818,2.636,3.059,2.63453,4328.1,287.4,14051.5,53930.6,6022.6,3125.8,4735.3,1860.1,1152.7,1735.2,19407.8,3826.4,1724.2,581.2,388.5,3918.2,9.9,251.8,3831.8,292.4,13859,54433.8,6445.2,3150.6,4850.8,1492.8,4213.2,1643.9,443.6,3962.8,16.8,303.7,53094,579586.205109,860916.217276,852112.217276,1247254.685053
sub-10_T1w,2.515,2.769,2.727,2.786,2.556,2.767,3.016,2.774,2.974,2.516,2.043,3.032,2.994,2.73,2.694,3.047,3.133,3.21,2.833,2.389,2.98,2.347,3.248,2.656,3.032,3.009,2.596,2.592,3.198,2.708,2.636,1.822,2.868,3.37,3.766,2.797,2.906,3.19,2.774,2.324,2.793,2.05,3.187,2.102,2.02,2.38,2.986,3.04,2.71,3.062,2.376,2.235,2.191,2.567,3.782,2.341,2.482,2.422,2.447,2.724,2.717,2.225,2.28,2.66,2.642,1.781,2.472,2.753,2.787,2.291,2.496,2.458,2.63,2.391,2.67913,2.521,2.755,2.65,2.916,2.807,2.615,3.031,2.793,2.942,2.796,2.124,3.021,3.163,2.684,2.685,3.128,3.351,3.648,2.779,2.524,2.968,2.318,3.668,3.033,2.774,3.024,2.415,2.555,3.03,2.741,2.643,3.043,3.063,3.34,3.347,3.04,2.961,3.188,2.628,2.298,2.689,2.149,3.168,2.098,2.067,2.446,3.013,2.921,2.872,2.775,2.312,2.527,2.24,2.486,2.566,2.439,2.274,2.402,2.395,2.564,2.988,2.285,2.112,2.82,2.624,2.251,2.375,2.684,2.629,2.087,2.382,2.621,2.668,3.136,2.68849,2779.5,250,16028.4,60819.7,6858,3052.5,4957.6,1962.8,717.6,1852.9,21588.2,4029.8,1661.7,828.5,434.2,4293.3,4.3,238,2832.8,436.1,14507.3,60013.6,6815.9,3293.3,4965.3,1753.6,4222.4,1729,574,4011.8,8,253.6,56156,688004.268644,1013945.218549,1007730.218549,1467859.151147
sub-100_T1w,2.367,2.488,2.136,2.756,2.501,2.9,2.755,2.659,2.944,2.824,2.028,2.912,2.927,2.738,2.612,2.842,3.383,3.693,2.565,2.279,2.852,2.259,3.188,2.652,2.519,2.794,2.184,2.258,2.849,2.456,2.582,2.637,2.652,3.059,3.417,2.541,2.983,3.181,2.264,2.269,2.542,1.971,3.101,2.155,2.022,2.313,2.98,3.046,2.724,2.872,2.311,2.366,2.344,2.406,1.951,2.094,2.125,2.16,2.461,2.481,2.505,2.11,2.299,2.851,2.174,1.898,2.295,2.569,2.331,2.401,2.275,2.419,2.496,2.386,2.54225,2.41,2.678,2.272,2.759,2.503,2.794,2.834,2.756,3.174,2.857,2.059,2.996,2.858,2.792,2.641,2.855,2.882,3.484,2.797,2.347,3.001,2.254,3.477,3.1,2.811,2.928,2.237,2.211,2.827,2.493,2.423,2.261,2.898,3.095,3.528,2.65,3.096,3.197,2.671,3.103,2.584,1.946,3.157,2.142,1.866,2.361,3.364,2.966,2.916,3.032,2.286,2.232,2.18,2.354,2.071,2.139,2.296,2.333,2.32,2.78,2.577,2.41,2.231,2.873,2.305,1.783,2.249,2.487,2.479,2.903,2.475,2.65,2.703,2.937,2.59637,3337.4,253.3,14497.9,59175.3,6915.4,3282.5,4494,1893,798.9,1650,17541,3644.9,1628.4,789.9,594.3,3754.4,59.9,449.7,3063.9,187.5,13648.6,59952.8,6548.7,3304.8,5020.4,1688.8,3943.1,1617.2,623.1,3809.2,27.8,433,54026,662457.027517,949308.230319,942179.230319,1408507.672066
sub-101_T1w,2.356,2.372,2.351,2.548,2.636,2.703,2.664,2.628,3.028,3.091,1.825,2.651,2.792,2.553,2.589,2.825,3.096,3.535,2.627,2.298,2.905,1.962,3.192,2.509,2.583,2.643,2.495,2.29,2.847,2.578,2.574,2.573,2.359,3.22,3.716,2.458,2.798,3.008,2.47,2.384,2.505,1.982,3.293,1.98,1.977,2.363,2.96,2.754,2.542,2.41,2.028,2.252,2.203,2.321,2.409,2.212,2.212,2.078,2.319,2.408,2.434,1.947,2.512,2.661,2.301,1.868,2.266,2.461,2.52,2.391,2.33,2.581,2.524,2.628,2.50027,2.231,2.619,2.446,2.753,2.38,2.546,2.648,2.671,2.836,3.028,1.919,2.718,2.603,2.695,2.564,2.741,2.94,3.263,2.584,2.318,2.83,2.05,3.39,2.671,2.634,2.796,2.522,2.31,2.903,2.554,2.502,1.728,2.434,3.24,3.296,2.782,2.832,3.121,2.221,2.514,2.392,1.923,3.366,2.134,2.071,2.21,2.79,2.761,2.606,2.518,2.229,2.296,2.254,2.414,2.325,2.219,2.086,2.155,2.27,2.364,2.535,1.995,2.287,2.46,2.328,2.026,2.085,2.431,2.501,2.309,2.498,2.66,2.64,2.474,2.50455,4058.9,382.5,15209.2,62512.4,8292.3,3582.4,6163.5,2189.6,983,1523.1,21978.3,4296.3,1835.9,914.3,574.1,4966.4,29.7,515.4,4154.6,386.3,14592.4,64291.5,8219.9,3645.7,6357.5,1973.3,4191.3,1910.6,590.3,4897.4,26.6,447.2,65033,729753.040638,1103760.758292,1094293.758292,1590127.329349
sub-102_T1w,2.144,2.457,2.35,2.882,2.455,2.688,2.765,2.649,2.906,2.691,1.803,2.723,2.81,2.717,2.554,2.692,3.113,3.469,2.686,2.371,2.752,2.032,3.165,2.519,2.752,2.931,2.614,2.238,2.816,2.704,2.259,2.872,2.491,3.098,3.667,2.87,3.015,3.147,2.027,2.441,2.384,2.08,3.178,1.996,2.079,2.445,2.58,3.015,2.457,3.007,2.122,2.049,2.055,2.354,2.253,2.319,2.24,2.266,2.351,2.962,2.535,2.268,2.14,2.508,2.358,2.182,2.343,2.418,2.244,2.244,2.539,2.54,2.545,2.74,2.542,2.246,2.614,2.402,2.713,2.451,2.411,2.56,2.536,3.104,2.796,1.831,2.794,2.959,2.694,2.471,2.684,2.949,3.452,2.927,2.38,2.723,1.906,3.281,2.564,2.74,2.888,2.512,2.14,2.895,2.783,2.471,2.542,2.399,3.109,3.313,2.817,3.106,3.097,2.235,2.196,2.409,2.136,3.193,1.963,1.984,2.395,2.717,2.823,2.564,2.809,2.171,2.16,2.008,2.314,2.343,2.22,2.412,2.501,2.606,2.536,2.457,2.27,2.12,2.41,2.34,1.723,2.238,2.373,2.311,2.336,2.397,2.526,2.601,2.379,2.51645,5646.3,375.9,14866.5,50835.5,7732.9,3467.1,5035.2,2156.4,727.9,1416.4,20028.4,4179.3,1775.3,668.8,613.2,4011.4,15.9,465.3,5458.6,185.1,14091,52110.5,7433.3,3649.9,5198,2047.9,4193.5,1803.7,550,3837.8,23.2,620.6,59014,684597.536788,1059985.566278,1047730.566278,1512891.138686
sub-103_T1w,2.631,2.623,2.319,2.409,2.501,2.694,2.474,2.58,2.837,2.642,2.273,2.679,2.751,2.381,2.31,2.51,2.981,3.12,2.564,2.306,3.083,2.427,3.026,2.407,2.826,2.557,2.267,2.116,2.524,2.492,2.693,2.197,2.496,2.914,3.077,2.422,2.643,2.785,1.864,2.359,2.623,2.319,2.771,2.1,2.162,2.196,3.079,2.852,2.58,2.651,2.195,2.14,2.059,2.153,2.679,2.153,2.215,2.281,2.274,2.282,2.411,1.969,2.171,2.674,2.393,1.536,2.102,2.3,2.396,2.748,2.513,2.275,2.452,2.12,2.44414,2.187,2.672,2.26,2.347,2.229,2.366,2.502,2.452,2.784,2.914,2.158,2.499,2.388,2.32,2.407,2.489,2.983,2.908,2.556,2.222,2.648,2.704,2.816,2.345,2.631,2.485,2.312,2.201,2.331,2.464,2.286,2.977,2.262,2.761,2.912,2.166,2.632,2.673,2.132,2.788,2.487,2.114,2.85,2.132,2.181,2.476,2.697,2.656,2.611,2.602,2.227,2.211,2.117,2.46,2.408,2.242,2.461,2.334,2.06,2.551,2.325,1.878,1.926,2.433,2.386,1.496,2.214,2.342,2.437,2.344,2.52,2.36,2.491,2.829,2.4198,12116.7,509.3,18776.3,68876,8153.9,5065.4,5706.1,1993.3,1358,2264.5,22541.9,4058,1864,1244.1,648.6,4518.9,52.7,565.3,12860.6,314.7,17222.1,70961.2,7539.9,4780.4,5714.9,2131.8,4355.6,2127.9,537.9,4229.1,17,603.8,64832,714502.052461,1089953.974438,1063390.974438,1780515.358643
sub-104_T1w,2.305,2.344,2.521,2.743,2.285,2.815,2.864,2.706,3.114,2.825,1.897,2.755,2.8,2.643,2.596,2.885,3.16,3.374,2.553,2.219,2.975,2.138,2.914,2.511,2.784,2.772,2.502,2.379,2.847,2.736,2.42,1.957,2.82,3.132,3.326,3.032,2.839,3.107,2.274,2.391,2.528,2.14,2.888,2.017,2.141,2.275,2.934,2.835,2.651,2.521,2.433,2.197,2.056,2.45,2.468,2.32,2.222,2.187,2.346,2.181,2.547,1.811,2.218,2.574,2.272,1.742,2.326,2.43,2.376,1.935,2.401,2.36,2.572,2.751,2.52279,2.193,2.486,2.617,2.948,2.382,2.682,2.858,2.659,3.063,2.817,1.961,3.063,2.839,2.81,2.762,2.869,3.041,3.501,2.735,2.364,2.898,2.042,3.633,2.631,2.767,2.927,2.412,2.354,2.924,2.756,2.476,2.42,2.832,3.168,2.878,2.629,2.773,2.913,2.602,2.486,2.635,2.149,2.705,1.996,2.146,2.309,2.92,2.681,2.798,2.454,2.299,2.272,2.251,2.444,2.334,2.193,2.213,2.274,2.273,2.677,2.421,1.893,2.101,2.583,2.295,1.689,2.058,2.562,2.42,2.155,2.35,2.327,2.455,2.616,2.53554,6761.4,534.7,13481.9,53750.2,7331.9,3946.8,5221.4,1767.5,1374,2279.3,18799.2,4083.3,1369.2,916.1,581,4190.1,67.3,575,6223.2,358.7,12685.5,51996.7,6687,4082.5,5275.2,1788.9,4163.6,1620.8,590.7,4154.2,20.1,608.1,58158,648912.249996,962597.40458,947936.40458,1227543.045886
sub-105_T1w,2.402,2.332,2.306,2.617,2.574,2.613,2.648,2.619,2.79,2.641,1.723,2.756,2.655,2.465,2.439,2.646,3.295,3.638,2.721,2.113,2.908,1.953,3.225,2.737,2.754,2.63,2.402,2.151,2.642,2.438,2.582,2.499,2.442,3.074,3.14,2.674,3.088,3.198,2.42,2.358,2.648,1.865,3.01,1.82,1.826,2.215,2.936,2.992,2.534,2.766,2.232,1.954,2.212,2.192,2.295,2.013,2.07,2.108,2.218,2.555,2.329,1.838,2.146,2.436,2.366,1.694,2.096,2.274,2.265,1.678,2.305,2.427,2.461,2.314,2.4604,2.115,2.614,2.223,2.574,2.361,2.458,2.706,2.578,2.809,2.113,1.995,2.797,2.936,2.703,2.317,2.609,3.038,3.542,2.515,2.28,2.916,2.03,3.173,2.575,2.617,2.694,2.255,2.207,2.562,2.356,2.33,2.445,2.694,3.179,2.976,2.674,2.725,2.942,1.997,2.626,2.556,2.013,3.288,1.854,1.787,2.12,2.935,2.942,2.621,2.688,2.094,1.972,1.957,2.206,2.169,1.966,2.005,2.336,2.421,2.184,2.374,1.754,1.872,2.25,2.184,1.571,1.964,2.251,2.137,1.675,2.354,2.358,2.483,2.488,2.40552,6434.5,331.3,16398.9,62063.7,7885.6,3748.7,5503.3,2069.5,959.9,1853.5,19723.7,3712.5,1440.6,1389.7,586.6,4196.5,6.7,401.2,6232.3,312.9,16455.3,60033.2,6912.2,3804.1,5482.3,1807.8,3982.1,1708.6,585.4,4496.3,15.9,485.6,59393,684655.163966,1080541.704472,1067119.704472,1481177.594909
sub-106_T1w,2.326,2.523,2.375,2.874,2.317,2.65,2.811,2.732,2.917,2.783,1.831,2.807,2.827,2.448,2.447,2.703,3.315,3.632,2.679,2.373,2.848,2.129,3.411,2.73,2.645,2.692,2.423,2.368,2.867,2.493,2.576,3.119,2.758,3.123,3.366,2.741,2.907,3.178,2.482,2.38,2.341,2.064,3.141,1.993,2.069,2.224,2.728,3.131,2.619,2.738,2.324,2.23,2.008,2.31,2.609,2.196,2.439,2.449,2.558,2.455,2.669,2.251,2.508,2.42,2.199,2.144,2.375,2.401,2.417,2.317,2.361,2.597,2.47,2.767,2.54786,2.566,2.745,2.398,2.685,2.545,2.457,2.746,2.63,2.882,2.96,1.955,2.946,2.809,2.683,2.485,2.643,3.242,3.522,2.633,2.312,2.973,2.263,3.467,2.792,2.679,2.761,2.403,2.28,2.857,2.528,2.772,2.847,2.552,3.32,3.355,2.66,3.143,3.099,2.138,2.683,2.692,2.091,3.263,2.24,1.974,2.227,2.62,2.929,2.629,2.832,2.395,2.307,2.079,2.333,2.416,2.244,2.233,2.219,2.541,2.541,2.65,1.849,2.318,2.445,2.35,2.275,2.283,2.512,2.302,2.291,2.405,2.542,2.608,2.227,2.56957,9670.7,572.8,15397.7,62008.9,7633.8,3979.9,5103.2,2325.6,1020.1,2201.6,21508.1,4576.6,2149.8,1006.7,588.7,4418,48.5,402.5,12082.5,497.1,14216.7,62614.3,7652.6,4122.2,5109.3,2180,4276.6,2108.9,637.4,4229.7,25.3,631.1,62412,756376.476437,1178869.056644,1155505.056644,1755435.775693
sub-107_T1w,2.49,2.598,2.148,3.034,2.664,2.911,2.652,2.513,2.981,2.893,2.026,2.914,2.864,2.747,2.764,2.847,3.347,3.805,2.793,2.24,2.949,2.161,3.107,2.801,2.798,2.92,2.588,2.688,2.051,2.608,2.516,2.734,3.145,3.381,3.362,2.788,2.997,3.242,2.473,3.149,2.604,2.179,3.405,2.156,2.221,2.341,2.898,3.094,2.686,2.62,2.401,2.445,2.313,2.504,2.309,2.233,2.195,2.211,2.4,2.32,2.589,2.253,2.474,2.813,2.286,1.666,2.367,2.698,1.94,2.428,2.29,2.56,2.595,2.513,2.62367,2.449,2.962,2.42,2.792,2.618,2.784,2.927,2.765,3.331,2.64,1.913,3.239,3.11,2.887,2.732,3.002,3.448,3.689,2.813,2.217,3.011,2.225,3.195,2.794,2.79,2.868,2.457,2.259,2.963,2.687,2.62,2.009,2.778,3.375,3.192,2.774,2.911,3.234,2.453,3.029,2.448,2.16,3.516,2.237,2.067,2.27,2.837,2.984,2.667,2.797,2.601,2.443,2.312,2.619,2.221,2.18,2.164,2.16,2.402,2.513,2.65,2.185,2.351,2.58,2.227,1.94,2.267,2.394,2.335,3.072,2.595,2.536,2.654,3.107,2.63556,8108.7,390.2,13854,57497.5,9015.8,3689.1,4077.7,1896,1466.5,2066.8,18711.5,4131.9,1863.8,1136.5,594.6,4252.9,2,431.6,6464.1,174.4,12625.4,57783.3,7246.6,3845.7,5543.2,1904.4,4125.5,1714.1,638.9,3898.8,17.4,433.2,59381,699020.194423,1008874.554017,993263.554017,1531688.69094
sub-108_T1w,2.373,2.389,2.44,2.663,2.463,2.738,2.758,2.604,2.859,2.932,1.804,2.715,2.709,2.699,2.636,2.909,3.217,3.448,2.675,2.165,2.854,2.13,3.122,2.678,2.664,2.596,2.425,2.368,2.928,2.575,2.677,3.204,2.489,3.024,3.754,2.531,2.863,3.118,2.607,2.436,2.484,1.94,3.255,2.009,2.097,2.244,2.494,2.877,2.571,2.512,2.239,2.355,2.09,2.514,2.422,2.226,2.01,2.146,2.394,2.565,2.543,2.213,2.431,2.71,2.465,1.856,2.251,2.55,2.523,2.363,2.56,2.364,2.47,2.3,2.53396,2.249,2.42,2.496,2.805,2.682,2.535,2.71,2.471,2.932,2.567,1.923,2.812,2.963,2.728,2.652,2.775,3.396,3.433,2.693,2.264,2.888,2.18,3.45,2.743,2.651,2.827,2.419,2.208,2.726,2.563,2.419,2.005,2.691,3.076,3.043,2.73,3.112,2.966,2.371,2.673,2.605,2.049,3.249,1.984,1.895,2.235,2.669,2.999,2.517,2.757,2.399,2.327,2.209,2.586,2.279,2.185,2.225,2.341,2.36,2.528,2.607,2.16,2.303,2.664,2.424,1.554,2.303,2.423,2.544,2.497,2.44,2.433,2.516,2.687,2.52736,4204.3,288.8,17837.5,59180.7,7943.9,4647.1,5996.1,2371.3,745,1633.2,23771.2,4591.7,1821.9,739.9,772.6,4804.9,44.9,417.8,3442.8,350.1,17780.3,61751.2,8139,4799.4,5940,2158.6,4579.7,1960.1,718.9,4764.4,15,340.4,67050,747445.808444,1159534.608003,1151066.608003,1700354.460519
sub-109_T1w,2.286,2.653,2.34,2.753,2.392,2.591,2.425,2.454,2.808,2.595,2.049,2.822,3.062,2.733,2.539,2.748,3.332,3.713,2.774,2.32,2.968,2.209,3.067,2.723,2.66,2.636,2.422,2.244,2.783,2.582,2.624,2.292,2.632,3.195,3.431,2.564,3.004,3.292,2.467,2.283,2.393,2.216,3.375,2.065,2.045,2.307,2.92,2.917,2.649,2.797,2.208,2.355,2.226,2.422,2.209,2.269,2.14,2.384,2.351,2.667,2.452,2.255,2.556,2.491,2.303,1.991,2.177,2.378,2.366,2.335,2.277,2.532,2.578,2.216,2.54925,2.41,2.475,2.345,2.747,2.473,2.611,2.56,2.454,2.837,2.912,2.019,2.796,2.987,2.911,2.561,2.729,3.189,3.137,2.642,2.351,2.828,2.335,3.169,2.909,2.701,2.628,2.475,2.042,2.882,2.614,2.434,2.089,2.768,3.346,3.403,2.727,3.064,3.288,2.492,2.383,2.598,2.174,3.396,2.109,2.078,2.283,3.018,2.627,2.689,2.86,2.402,2.195,2.212,2.429,2.136,2.186,2.182,2.242,2.378,2.605,2.519,2.397,2.283,2.512,2.399,1.643,2.013,2.619,2.346,1.936,2.384,2.558,2.563,2.605,2.5523,14132.4,355.8,19648,68445.8,7295.6,4003.5,5570.7,2133.3,1736,2146.5,24743.4,4423.9,1653.6,1272.3,604.4,4508.2,44.1,664.1,18137.1,514.4,18164.5,68836.6,6869,4124,5422.1,1967.6,4284,1654.7,625.5,4533.4,33.5,896.8,60990,778093.358134,1198789.88626,1164363.88626,1858850.630764
sub-11_T1w,2.153,2.498,2.28,2.632,2.533,2.842,2.732,2.584,3.131,2.427,1.859,2.79,2.865,2.659,2.521,2.842,3.291,3.456,2.44,2.096,2.885,2.128,3.221,2.562,2.644,2.803,2.482,2.167,2.798,2.452,2.249,2.011,2.642,3.37,3.376,2.776,2.737,3.086,2.357,2.577,2.521,1.896,3.258,1.927,1.928,2.426,2.75,2.964,2.574,2.405,2.117,2.263,2.392,2.447,2.311,2.152,2.05,1.951,2.337,2.364,2.518,1.841,2.131,2.534,2.256,1.59,2.153,2.281,2.386,2.358,2.381,2.407,2.527,2.754,2.49891,2.35,2.623,2.235,2.647,2.381,2.497,2.634,2.617,2.877,2.551,1.82,2.766,2.456,2.617,2.568,2.724,3.02,3.38,2.524,2.338,2.943,2.116,3.384,2.544,2.555,2.831,2.375,2.119,2.8,2.538,2.225,1.811,2.796,3.262,3.377,2.88,2.921,3.096,2.207,2.628,2.501,2.056,3.128,1.876,1.903,2.344,2.607,2.772,2.525,2.797,1.974,2.184,2.145,2.357,2.19,2.128,2.035,2.142,2.559,2.561,2.529,1.86,2.086,2.465,2.332,1.946,2.158,2.358,2.38,2.214,2.319,2.569,2.631,2.926,2.48605,4877.8,468.2,15774.6,62658.5,7745.6,4149.2,5981.9,2167.6,800.8,1360.2,20751.4,4568,1889.8,1104.6,587.9,4647.5,40.5,467,5435.1,343.3,14534.8,61138.3,7645.9,4148.7,5811.6,2056.1,4707.5,2156,565,4373.3,57.7,514.4,64703,728790.189968,1110814.99313,1099512.99313,1701729.530821
sub-110_T1w,2.305,2.325,2.477,2.951,2.523,2.806,2.803,2.724,3.236,3.227,2.068,2.861,2.897,2.756,2.666,2.93,3.41,3.657,2.632,2.318,2.885,2.379,3.404,2.719,2.719,2.791,2.489,2.409,3.048,2.62,2.645,1.975,2.583,3.143,3.596,2.808,2.943,3.101,2.414,2.336,2.568,2.139,3.244,2.115,2.209,2.427,2.694,2.799,2.774,2.772,2.238,2.429,2.324,2.585,2.314,2.303,1.998,2.243,2.246,2.389,2.621,2.191,2.289,2.698,2.439,2.131,2.251,2.607,2.378,2.38,2.472,2.453,2.521,2.312,2.61204,2.1,2.89,2.595,2.881,2.443,2.51,2.669,2.629,3.05,3.148,2.024,2.879,2.765,2.941,2.671,2.736,3.098,3.475,2.782,2.507,2.957,2.413,3.349,2.737,2.979,2.89,2.592,2.424,2.975,2.564,2.501,1.965,2.643,3.221,3.213,2.785,2.969,3.137,2.369,2.535,2.59,2.134,3.2,2.124,2.099,2.416,2.72,2.92,2.676,2.77,2.198,2.386,2.046,2.427,2.544,2.445,2.18,2.346,2.408,2.564,2.585,2.312,2.016,2.427,2.343,2.044,2.237,2.557,2.464,2.557,2.339,2.674,2.755,2.592,2.62266,6869.4,328.5,16777.5,64347.1,7562.8,4312.2,6362.7,2216.3,1392.5,1991.2,22608.8,4753.9,1869.5,820.4,746.8,4660.8,50.2,413.4,7715.8,359.9,16725.8,68700.9,7880.2,4296.1,5995.1,1993.4,4699.8,1910.8,672,4695.8,37.8,520.2,65638,795592.705774,1155724.466272,1140119.466272,1484491.821023
sub-111_T1w,2.377,2.429,2.352,2.744,2.567,2.826,2.522,2.516,2.87,2.765,1.761,2.697,2.759,2.623,2.587,2.697,3.189,3.553,2.513,2.219,2.948,2.193,3.222,2.512,2.507,2.782,2.227,2.171,2.87,2.392,2.529,2.935,2.697,2.946,3.443,2.609,2.87,3.037,2.332,2.634,2.636,2.042,3.246,2.104,2.008,2.145,2.595,2.936,2.781,2.758,2.08,2.161,2.17,2.366,2.022,2.041,1.958,1.954,2.338,2.299,2.489,2.127,2.433,2.659,2.061,2.023,2.082,2.51,2.479,2.451,2.113,2.3,2.305,2.172,2.46641,2.295,2.855,2.435,2.747,2.476,2.501,2.64,2.395,3.053,2.738,1.791,2.768,2.85,2.728,2.688,2.726,3.181,3.297,2.602,2.262,2.934,2.154,3.199,2.965,2.682,2.776,2.33,2.261,2.777,2.377,2.682,1.827,2.584,3.079,3.132,2.545,3.188,3.192,2.39,2.212,2.647,2.13,3.604,1.985,1.959,2.28,2.869,2.847,2.837,2.601,2.18,2.261,2.252,2.272,2.313,2.147,2.183,2.174,2.353,2.479,2.495,2.283,2.418,2.53,2.154,2.485,2.173,2.475,2.405,2.741,2.187,2.572,2.538,2.186,2.52528,6161.3,231.7,14055.3,57921.4,6618.5,3595.9,4206.7,1958.1,816.6,1870.8,19023.2,3793.5,1404.2,956.1,617.2,3779.2,15.7,416.4,5584.6,334.4,13222.8,55676.1,6528.7,3673,4257.4,1561,4040.5,1594,653.2,3731.2,41.3,451.6,53320,610939.250704,906619.738932,893958.738932,1383976.377949
sub-112_T1w,2.491,2.874,2.466,2.746,2.599,2.682,2.652,2.61,2.978,2.725,2.017,2.854,2.849,2.587,2.5,2.77,2.922,3.61,2.725,2.354,3.02,2.198,3.421,2.777,2.6,2.832,2.343,2.318,2.829,2.588,2.504,2.258,2.621,3.33,3.664,2.666,3.149,2.95,2.787,2.276,2.429,2.21,3.286,2.09,2.057,2.15,2.994,2.864,2.736,2.775,2.527,2.176,2.235,2.361,3.345,2.236,2.344,2.17,2.205,2.57,2.617,2.108,2.546,2.764,2.222,2.262,2.243,2.458,2.493,2.258,2.201,2.666,2.465,2.28,2.56174,2.242,2.799,2.574,2.643,2.477,2.63,2.528,2.558,2.788,2.329,2.048,2.82,2.902,2.665,2.58,2.74,3.41,3.4,2.708,2.364,3.047,2.241,3.277,2.98,2.652,2.756,2.368,2.185,2.852,2.449,2.501,2.504,2.919,3.201,3.68,2.936,3.202,3.186,2.386,2.284,2.615,2.348,3.38,2.078,1.992,2.295,2.881,2.864,2.815,2.764,2.258,2.202,2.124,2.379,2.266,2.227,2.306,2.214,2.534,2.566,2.591,1.963,2.384,2.565,2.169,2.05,2.134,2.527,2.397,2.744,2.415,2.579,2.537,2.47,2.57173,7586.7,311.2,13619.2,61301.8,7927.5,3758.1,3416.1,1877,804.3,2581.1,18449.8,4061.4,1605.2,1109.3,500.2,3767.9,7.3,340.5,7497.1,324.5,13681.9,63206,7428.1,3546.1,3165.5,1777.4,4066.3,1618.3,606.9,3958.7,0,450.6,54097,665826.317402,983085.470516,967008.470516,1407248.674373
sub-113_T1w,2.215,2.616,2.354,2.6,2.376,2.647,2.424,2.472,3.069,2.848,2.031,2.749,2.762,2.501,2.547,2.719,2.735,3.373,2.723,2.358,2.814,2.175,3.078,2.813,2.611,2.655,2.333,2.327,2.937,2.555,2.654,1.774,2.554,2.92,3.081,2.629,2.97,3.162,2.13,2.256,2.331,2.157,3.268,2.095,2.051,2.217,2.905,2.553,2.662,2.619,2.254,2.415,2.29,2.447,2.622,2.153,2.185,2.172,2.394,2.464,2.541,2.103,2.549,2.534,2.332,1.819,2.166,2.494,2.427,2.321,2.28,2.61,2.509,2.38,2.5142,2.335,2.941,2.314,2.58,2.434,2.51,2.57,2.621,2.91,2.743,2.001,2.766,2.809,2.562,2.563,2.656,2.932,3.401,2.608,2.39,2.974,2.288,3.54,2.833,2.768,2.731,2.377,2.395,2.781,2.532,2.44,2.918,2.519,3.084,3.168,2.516,3.016,3.078,2.182,2.163,2.414,1.955,3.419,2.025,2.004,2.307,3.114,2.529,2.642,2.751,2.162,2.291,2.252,2.243,2.188,2.139,2.422,2.339,2.423,2.572,2.615,2.192,2.257,2.648,2.325,1.59,2.195,2.425,2.319,2.26,2.23,2.752,2.557,2.754,2.52025,10281.8,645.5,20308.1,59341.4,7055.3,3162.6,5350.6,2206.7,1876.5,2028.3,22641.9,3645.7,1678,1242.8,505,4520.4,32.4,789,8753.7,425.7,18422.8,61263.9,7561.1,3211.1,5313.8,2082.6,4087.8,1671.2,494.5,4391.3,21.9,662.4,58094,688707.269436,1061771.139023,1040599.139023,1650164.838429
sub-114_T1w,2.419,2.533,2.396,2.868,2.741,2.86,2.729,2.735,3.087,2.23,1.969,2.72,3.095,2.562,2.526,2.828,3.135,3.631,2.566,2.464,3.108,2.226,2.9,2.876,2.631,2.885,2.367,2.364,2.976,2.718,2.429,2.656,3.041,3.445,3.859,2.78,3.089,3.122,2.25,2.256,2.564,2.303,3.382,2.183,1.966,2.38,3.177,3.173,2.796,2.882,2.187,2.282,2.333,2.413,2.145,2.06,2.157,2.121,2.505,2.626,2.53,2.15,2.446,2.725,2.431,1.754,2.191,2.414,2.407,2.301,2.375,2.534,2.487,2.877,2.59277,2.505,2.549,2.172,2.974,2.388,2.564,2.718,2.722,2.842,2.549,1.994,3.039,2.849,2.517,2.576,2.813,3.236,3.623,2.664,2.604,3.028,2.454,3.275,2.938,2.67,2.922,2.335,2.276,2.97,2.494,2.625,3.026,2.785,3.339,3.566,2.825,3.088,3.141,2.378,2.585,2.773,2.394,3.503,2.123,1.922,2.12,3.041,2.973,2.702,2.97,2.371,2.459,2.09,2.347,2.498,1.996,2.058,2.127,2.575,2.456,2.456,2.528,2.296,2.703,2.219,1.581,2.16,2.391,2.367,2.297,2.352,2.642,2.534,2.475,2.57783,6621.9,302.5,16449.8,62308.6,7274.3,3763.4,4707.7,2199.6,1035.2,1551,21786.9,3856.6,1623.2,1050.2,545,4156.9,25,527.1,5956,326.2,15704.2,63647,7226.5,3861.6,4761.1,2163.2,4053,1692,578.1,4219.8,15.8,434.3,57971,704856.398445,1040264.21394,1026715.21394,1508985.043433
sub-115_T1w,2.277,2.422,2.288,2.567,2.54,2.784,2.783,2.6,2.979,2.381,1.967,2.804,2.97,2.535,2.561,2.686,3.165,3.62,2.634,2.305,2.818,2.228,3.401,2.683,2.577,2.754,2.323,2.12,2.707,2.477,2.586,1.905,2.519,3.083,3.68,2.477,2.693,3.035,2.495,2.306,2.609,2.039,3.229,2.173,1.908,2.159,2.825,2.998,2.59,2.559,2.073,2.316,2.139,2.382,2.337,2.189,2.085,2.289,2.183,2.476,2.612,2.282,2.314,2.481,2.353,2.011,2.102,2.535,2.464,2.473,2.258,2.377,2.498,2.716,2.49698,2.253,2.457,2.132,2.576,2.294,2.521,2.494,2.417,2.821,2.674,2.095,2.919,2.926,2.467,2.614,2.593,2.798,3.688,2.723,2.383,3.031,2.23,3.529,2.702,2.628,2.7,2.232,2.132,2.766,2.429,2.353,2.211,2.359,3.081,3.599,2.507,2.819,3.043,2.74,2.848,2.486,2.144,3.439,2.222,1.939,2.167,2.837,2.688,2.697,2.552,2.268,2.223,2.129,2.245,2.791,2.155,2.512,2.111,2.454,2.436,2.638,2.216,2.269,2.465,2.435,2.042,2.062,2.542,2.278,2.269,2.347,2.744,2.582,2.341,2.49622,7415.2,307,12035.1,51091.8,7244.3,3777,4809.7,1850.3,887.2,2067.5,17226.8,3856.8,1759.6,981.2,765.7,3939.3,14.4,499.2,7212.7,232.4,11020.3,50444.9,6871.1,3719.6,4818.7,1740.2,4166.8,1815.6,733.5,3898.5,10.6,514.9,56998,631520.888078,974606.425973,958828.425973,1413250.02207
sub-116_T1w,2.321,2.656,2.557,2.649,2.353,2.564,2.581,2.363,2.729,3.097,1.894,2.66,2.752,2.733,2.633,2.718,3.314,3.453,2.629,2.439,2.755,2.087,3.117,2.631,2.622,2.677,2.353,2.219,2.704,2.53,2.237,1.906,2.543,2.863,3.207,2.507,2.827,3.007,2.184,2.248,2.505,2.186,3.027,2.128,2.071,2.036,3.021,3.123,2.595,2.651,2.051,2.289,2.145,2.308,1.852,2.144,1.963,2.261,2.156,2.238,2.516,2.223,2.451,2.437,2.289,1.647,2.15,2.407,2.332,2.102,2.177,2.247,2.452,2.64,2.47588,2.541,2.642,2.606,2.863,2.373,2.532,2.634,2.618,3.084,3.102,2.053,2.824,3.018,2.846,2.632,2.721,3.515,3.224,2.712,2.379,2.659,2.235,3.18,2.96,2.66,2.589,2.427,2.218,2.708,2.481,2.563,2.441,2.87,3.11,3.582,2.877,2.837,2.898,2.68,2.491,2.51,2.155,3.362,2.128,1.999,2.372,2.61,2.807,2.687,2.966,2.262,2.332,2.079,2.17,2.1,2.043,2.253,2.099,2.054,2.267,2.314,2.243,2.232,2.445,2.317,1.735,2.063,2.783,2.353,1.843,2.244,2.591,2.419,3.176,2.51486,6962,340.3,12521.7,54042.6,6821.3,2854.3,5021,1894.9,1038.2,1479,18271.2,4128.3,1557,1145.6,543.4,3737.7,41.6,623.6,5799.1,408,12667,54547.5,7039.4,3021.2,5080.1,1834.6,4441.3,1543.7,522.1,4025.7,48.1,556.1,55484,610962.862717,915856.134772,901660.134772,1390660.727667
sub-117_T1w,2.543,2.382,2.324,2.732,2.484,2.611,2.731,2.542,2.792,2.912,1.892,2.606,2.639,2.496,2.557,2.585,3.087,3.46,2.496,2.168,2.759,2.209,2.942,2.692,2.427,2.533,2.182,2.1,2.627,2.488,2.478,2.678,2.311,2.95,3.233,2.488,2.68,2.792,2.417,2.402,2.425,2.125,2.915,1.927,2.014,2.144,2.904,2.996,2.586,2.593,1.974,2.182,2.245,2.288,2.275,2.04,2.072,2.021,2.204,2.324,2.571,2.574,2.335,2.703,2.409,1.982,2.081,2.392,2.312,2.486,2.232,2.427,2.402,2.399,2.43256,2.384,2.301,2.103,2.722,2.49,2.563,2.649,2.475,2.784,3.019,1.871,2.59,2.602,2.385,2.384,2.584,3.771,3.114,2.519,2.201,2.791,2.232,3.233,2.586,2.613,2.682,2.198,2.052,2.6,2.295,2.265,2.504,2.519,3.035,2.991,2.509,2.796,2.968,2.114,2.172,2.512,2.063,3.429,2.055,1.991,2.292,2.634,2.762,2.567,2.735,2.107,2.148,2.083,2.268,2.318,2.02,1.934,2.201,2.319,2.632,2.686,1.988,2.224,2.552,2.225,2.309,1.958,2.432,2.15,2.434,2.225,2.622,2.492,2.777,2.43047,4448.6,280.9,13771,55259.1,6619.9,3440.7,3689.2,1857.3,1051.5,1613.6,18133.6,3788.2,1526.9,849.6,543.2,3751.7,22.2,468.3,4858.5,361.4,12457.5,55783.9,6097.7,3340.9,4543.3,1530.8,3926.2,1662.1,562.7,3709.2,27.8,394.7,51505,625914.33361,915640.527856,905362.527856,1379521.879508
sub-118_T1w,2.447,2.557,2.501,2.494,2.502,2.74,2.655,2.564,2.91,2.787,1.936,2.783,2.656,2.48,2.496,2.813,3.023,3.437,2.604,2.299,2.889,2.077,3.131,2.661,2.682,2.621,2.405,2.235,2.826,2.546,2.622,2.45,2.66,3.02,3.488,2.724,2.988,3.104,2.163,2.414,2.484,2.04,3.103,2.057,2.199,2.327,2.978,2.841,2.705,2.765,2.165,2.287,2.169,2.401,2.238,2.281,2.195,2.271,2.38,2.543,2.617,2.304,2.413,2.547,2.345,1.744,2.194,2.457,2.593,2.471,2.327,2.575,2.517,2.495,2.53561,2.243,2.786,2.376,2.653,2.439,2.514,2.59,2.598,2.743,3.043,1.973,2.678,2.674,2.544,2.562,2.739,2.891,3.45,2.486,2.282,2.929,2.205,2.897,2.624,2.733,2.75,2.408,2.208,2.681,2.418,2.577,2.505,2.736,3.067,3.312,2.86,3.086,2.995,2.332,2.636,2.562,2.123,3.177,2.155,2.061,2.176,3.059,2.948,2.736,2.597,2.386,2.373,2.262,2.467,2.1,2.241,2.372,2.219,2.425,2.513,2.612,2.292,2.294,2.67,2.288,1.729,2.219,2.508,2.359,2.223,2.279,2.679,2.58,2.514,2.52434,5938,364.3,15816.8,58347.9,7416.4,3795.7,4314.2,2067.4,1056.8,1695.1,24932.2,4524.9,1610.9,683.4,538.3,4471.6,17.7,475.1,6427.8,529.9,16904,59843.2,7311.2,3824.2,4274.6,1953.1,4606,1641.5,523.4,4577.4,49.1,545.2,58704,678435.588289,1046457.980042,1032750.980042,1509446.112053
sub-119_T1w,2.389,2.44,2.427,2.832,2.79,3.041,2.981,2.837,3.009,3.031,2.431,2.726,2.94,2.894,2.736,2.942,3.295,3.639,2.671,2.558,2.973,2.345,3.204,2.736,2.565,2.999,2.425,2.44,2.883,2.812,2.707,2.568,2.851,3.515,3.627,2.993,3.07,3.208,2.814,2.343,2.399,1.96,3.458,2.146,2.133,2.473,2.991,3.088,2.718,2.713,2.37,2.438,2.243,2.38,2.245,2.229,2.256,2.314,2.592,2.414,2.742,2.039,2.404,2.818,2.371,2.165,2.306,2.498,2.372,2.599,2.354,2.524,2.594,2.833,2.64869,2.547,2.75,2.355,2.945,2.742,2.656,2.747,2.651,3.081,2.792,2.237,2.823,3.161,2.915,2.684,2.829,2.964,3.385,2.663,2.277,2.912,2.362,3.342,2.949,2.751,2.922,2.499,2.386,3.001,2.662,2.434,3.101,2.732,3.361,3.326,2.696,3.07,3.145,2.378,2.321,2.6,2.043,3.365,2.329,2.044,2.37,2.892,2.985,2.764,2.77,2.353,2.329,2.418,2.305,2.31,2.233,2.354,2.188,2.458,2.686,2.664,2.265,2.403,2.566,2.231,1.995,2.143,2.48,2.432,2.4,2.442,2.603,2.493,3.256,2.61037,2985.3,325.5,14770.3,55626,6596,2819.6,4170.1,1661,586.3,1207,17803.8,3801.8,1456.1,476.6,521.8,3382.8,24.1,355.7,3031,369,14469.3,55645.3,6518.3,2995.4,4498.1,1427.1,4080.9,1537,536.1,3486.4,13.7,434,50904,655106.1164,936744.593738,929704.593738,1325809.514041
sub-120_T1w,2.316,2.176,2.132,2.653,2.409,2.54,2.662,2.575,2.781,2.962,1.745,2.697,2.662,2.288,2.538,2.644,3.033,3.132,2.419,2.065,2.632,2.109,2.79,2.377,2.514,2.573,2.217,2.082,2.776,2.29,2.439,2.445,2.453,2.761,3.247,2.524,2.566,2.679,2.07,2.336,2.558,1.912,2.634,2.08,2.068,2.065,2.577,2.626,2.625,2.138,1.964,2.337,2.151,2.33,1.985,2.174,2.052,2.048,2.243,2.225,2.415,1.9,2.318,2.535,2.271,1.86,2.167,2.372,2.278,2.528,2.307,2.251,2.464,2.711,2.38499,2.308,2.223,2.214,2.358,2.258,2.507,2.702,2.649,2.886,2.919,1.855,2.521,2.644,2.399,2.442,2.625,2.907,2.625,2.455,2.086,2.657,2.178,3.064,2.513,2.427,2.625,2.228,1.987,2.507,2.516,2.519,2.451,2.538,2.653,2.916,2.439,2.676,2.923,2.129,2.421,2.361,1.832,3.033,2.052,1.894,2.18,2.838,2.614,2.569,2.378,2.134,2.248,2.304,2.325,2.312,2.117,1.938,2.16,2.225,2.34,2.426,2.009,2.094,2.194,2.274,1.734,2.083,2.21,2.319,2.296,2.344,2.379,2.502,2.1,2.38149,8797.6,583.5,15383.4,55153.6,8356.6,3570.2,5170.7,2168.7,1469.1,2128.3,23850.9,4371.2,1839.3,961.8,711.5,4781.3,6.8,585.2,8283.1,521,14869.8,55775,8324.3,3682,5235.2,2092.5,4829.7,1939.6,637.1,4798.8,21.7,589.3,64144,721679.265674,1192237.64734,1173401.64734,1716375.29938
sub-121_T1w,2.561,2.785,2.491,3.134,2.829,2.886,3.033,2.645,3.354,3.129,2.123,3.16,3.37,2.961,2.746,3.015,3.318,3.783,2.955,2.492,3.093,2.345,3.374,2.948,2.794,2.862,2.606,2.544,3.07,2.767,2.709,2.595,3.239,3.558,4.088,3.232,3.25,3.495,2.982,2.425,2.367,2.353,3.351,2.153,2.221,2.28,2.995,3.32,3.017,3.045,2.146,2.409,2.352,2.508,2.527,2.359,2.773,2.308,2.709,2.634,2.681,2.433,2.362,3.058,2.269,2.491,2.334,2.516,2.397,2.515,2.395,2.866,2.802,2.879,2.76366,2.581,3.141,2.531,3.07,2.653,2.725,2.824,2.67,2.979,3.237,2.085,3.06,3.097,2.744,2.737,2.94,3.525,3.888,2.837,2.367,3.121,2.321,3.622,3.163,2.821,3.005,2.506,2.475,2.988,2.585,2.637,2.727,2.709,3.499,3.365,2.815,3.125,3.292,2.617,2.583,2.786,2.368,3.359,2.209,2.22,2.367,3.045,3.02,2.949,2.784,2.437,2.29,2.186,2.359,2.526,2.279,2.298,2.347,2.395,2.682,2.667,2.135,2.251,2.581,2.445,2.604,2.187,2.505,2.47,2.868,2.571,2.652,2.84,2.991,2.71121,3887.3,448.8,15128.8,55992.9,7523.2,3493.2,5978.6,1914.8,1003.6,1346.9,21224.3,3781.6,1478.9,1215.9,588.4,4210.5,16,305.3,3984.5,400.5,14523,56499.5,7392.8,3538.3,6004.1,1855,3924.4,1613.3,593.2,4180.3,13.7,410.1,59055,679877.382923,1007858.919604,998853.919604,1448685.827208
sub-122_T1w,2.326,2.431,2.526,2.884,2.548,2.746,2.888,2.632,2.784,2.334,1.986,2.845,2.85,2.62,2.749,2.949,3.22,3.634,2.638,2.425,2.923,2.2,3.055,2.621,2.824,2.761,2.482,2.136,3.098,2.557,2.496,2.285,2.741,3.014,3.528,2.646,2.953,3.242,2.229,2.509,2.597,2.145,3.399,2.141,2.241,2.325,2.747,2.815,2.643,2.771,2.262,2.339,2.314,2.487,2.427,2.215,2.22,2.327,2.478,2.543,2.567,2.181,2.433,2.561,2.311,1.631,2.219,2.528,2.284,2.422,2.395,2.532,2.492,2.688,2.56792,2.284,2.606,2.523,2.634,2.5,2.573,2.56,2.579,3.047,2.953,2.066,2.929,3,2.746,2.705,2.836,2.773,3.409,2.607,2.393,2.643,2.128,3.164,2.803,2.764,2.952,2.445,2.403,3.008,2.419,2.527,1.818,2.697,3.143,3.217,2.495,2.808,3.198,2.191,2.34,2.32,2.04,3.47,2.144,2.226,2.308,2.816,2.551,2.672,2.684,2.288,2.276,2.302,2.445,2.432,2.238,2.154,2.223,2.412,2.359,2.609,2.332,2.346,2.42,2.346,1.502,2.277,2.467,2.479,2.414,2.323,2.636,2.57,2.981,2.53787,7171.7,338.4,15322.7,58962.1,7950.3,4536.5,5596.4,2219.1,912,2228.4,22788.7,3754,1621.1,808.9,690.1,4262.1,15.2,458.7,6584.5,332.9,14984,59447.8,7871.6,4827.4,5706.3,2179.3,3907.4,1731.6,683,4335.6,22.6,551.4,63348,695880.840132,1055757.859344,1040943.859344,1578900.300589
sub-123_T1w,2.505,2.508,2.304,2.775,2.549,2.829,2.706,2.536,3.085,2.696,2.003,2.857,2.748,2.78,2.671,2.835,2.772,3.428,2.569,2.409,2.819,2.149,3.398,2.782,2.716,2.859,2.466,2.219,2.915,2.602,2.724,1.778,2.847,3.396,3.738,2.732,2.972,3.057,2.555,2.331,2.526,2.093,3.314,2.195,2.097,2.226,2.924,2.87,2.704,2.579,2.194,2.253,2.18,2.434,2.404,2.211,2.003,2.161,2.279,2.287,2.407,1.896,2.379,2.801,2.451,1.954,2.223,2.531,2.398,2.898,2.582,2.563,2.546,2.813,2.57806,2.357,2.523,2.418,2.964,2.537,2.643,2.568,2.534,2.954,2.855,2.112,3.047,3.057,2.697,2.76,2.863,3.215,3.215,2.749,2.514,2.677,2.18,3.47,2.904,2.983,3.035,2.563,2.369,2.885,2.503,2.582,1.625,2.962,3.459,3.437,2.826,3.018,3.077,2.319,2.999,2.5,2.232,3.282,2.292,2.052,2.345,3.032,2.755,2.707,2.681,2.431,2.468,2.306,2.355,2.613,2.305,2.239,2.385,2.624,2.723,2.411,2.094,2.544,2.647,2.368,1.682,2.446,2.646,2.326,2.374,2.536,2.75,2.638,2.637,2.6182,3604.4,320,13548.4,53878.6,7199,3290.8,4051.6,1994.8,726.8,2131.9,18560.5,4546.7,1783.4,781.8,616.7,4079,9.7,381.5,3950.3,467.3,13810.7,53894.4,7138.8,3541.2,4768.5,1686.3,4730.9,2135.3,606.3,3989.8,4.6,363.7,57658,646604.815852,987359.729969,978836.729969,1489965.017828
sub-124_T1w,2.305,2.384,2.282,2.698,2.514,2.612,2.626,2.617,2.95,2.881,1.791,2.866,2.947,2.526,2.565,2.796,3.218,3.35,2.533,2.43,2.914,2.133,3.139,2.724,2.667,2.673,2.354,2.155,3.018,2.548,2.55,2.964,2.422,2.864,3.431,2.501,2.859,3.033,2.464,2.541,2.277,2.079,3.247,2.046,2.119,2.267,3.08,2.782,2.723,2.68,2.168,2.164,2.147,2.54,2.188,2.249,2.076,2.256,2.171,2.56,2.555,1.961,2.456,2.545,2.361,1.929,2.16,2.333,2.493,2.202,2.346,2.458,2.555,2.267,2.52448,2.237,2.551,2.409,2.699,2.417,2.476,2.634,2.515,2.788,2.699,1.903,3.002,2.994,2.468,2.586,2.81,3.239,2.911,2.632,2.411,2.872,2.232,2.867,2.743,2.629,2.731,2.421,2.164,2.972,2.501,2.578,2.738,2.672,2.945,3.377,2.643,2.839,2.918,2.509,2.703,2.571,2.086,3.315,2.001,2.058,2.243,3.003,2.849,2.816,2.78,2.188,2.334,2.036,2.349,2.331,2.256,2.318,2.249,2.407,2.437,2.506,2.071,2.084,2.574,2.445,1.887,2.238,2.457,2.586,2.289,2.469,2.331,2.525,2.78,2.5237,7569.5,318.7,15987.9,60401.3,8054.7,3816.9,5461.2,2135.5,1041.4,2026.5,22451.1,4509.2,1954.1,935.6,622.5,4537.3,41.5,587.7,7590.2,423.7,14749.9,62036,7758.3,3954.1,5446.7,2025.6,4450.8,2071.3,549.1,4498.9,22,546.3,63166,725482.94559,1121679.130794,1104975.130794,1684546.235162
sub-125_T1w,2.375,2.638,2.456,2.749,2.597,2.721,2.603,2.437,2.846,2.639,1.913,2.838,2.935,2.668,2.518,2.663,2.783,3.423,2.462,2.419,2.952,2.181,3.275,2.669,2.624,2.691,2.369,2.203,2.823,2.522,2.705,1.799,2.608,3.195,3.397,2.545,2.877,3.082,2.096,2.469,2.457,1.979,3.313,2.05,1.982,2.169,2.914,2.773,2.608,2.636,2.48,2.266,2.155,2.245,2.161,2.149,2.163,2.061,2.274,2.44,2.77,2.132,2.561,2.38,2.307,2.03,2.061,2.404,2.46,2.366,2.199,2.547,2.5,2.116,2.49753,2.346,2.547,2.399,2.789,2.423,2.534,2.635,2.468,2.87,2.911,1.967,2.782,3.24,2.7,2.627,2.719,3.273,3.624,2.631,2.423,2.855,2.164,3.328,2.739,2.708,2.71,2.335,2.356,2.831,2.543,2.522,2.14,2.562,2.927,2.831,2.415,2.964,3.153,2.565,2.466,2.508,2.207,3.36,2.129,2.044,2.303,3.04,2.702,2.715,2.616,2.376,2.224,2.098,2.291,2.383,2.172,2.228,2.15,2.477,2.677,2.534,2.289,2.272,2.464,2.276,1.815,2.153,2.416,2.246,2.228,2.267,2.593,2.468,2.543,2.51206,10180.7,502.2,16788.8,61204.3,7339.8,3440.6,5228.8,2290,1039.6,1877,21568.4,4317.1,1573.5,1069.4,686.2,4605.2,23.1,693.4,9258.2,521,17126.6,60660,7871.2,3499.9,5347.5,2086.6,4464.1,1800.8,640,4599,16.3,699.1,61202,683109.942952,1068096.436821,1046600.436821,1624390.136827
sub-126_T1w,2.145,2.308,2.264,2.566,2.249,2.651,2.697,2.562,2.693,2.651,1.93,2.695,2.697,2.563,2.573,2.726,3.112,3.444,2.545,2.2,2.929,2.136,2.968,2.63,2.592,2.751,2.338,2.314,2.908,2.481,2.484,3.341,2.295,3.052,3.133,2.603,2.848,3.134,2.122,2.114,2.546,1.894,3.147,2.05,2.01,2.237,2.88,2.861,2.619,2.67,1.98,2.221,2.037,2.366,2.79,2.134,2.035,2.095,2.412,2.682,2.5,2.153,2.378,2.487,2.236,1.653,2.259,2.424,2.252,2.161,2.231,2.555,2.49,2.253,2.49112,2.355,2.634,2.2,2.445,2.334,2.562,2.57,2.531,2.647,2.619,1.847,2.668,2.639,2.651,2.533,2.719,3.207,3.229,2.677,2.275,2.881,2.042,3.323,2.513,2.706,2.88,2.251,2.07,2.868,2.399,2.365,1.92,2.557,2.866,2.857,2.752,2.88,2.994,2.232,2.444,2.51,2.01,3.471,2.11,1.877,2.196,2.892,2.937,2.688,2.671,2.459,2.19,2.067,2.256,2.312,2.1,2.423,2.298,2.521,2.615,2.66,2.129,2.102,2.45,2.262,1.57,2.003,2.52,2.308,2.539,2.383,2.505,2.546,2.439,2.47347,5849.1,256.8,12262,47557.8,6982.6,3968.1,4928.6,1875.6,855.9,2103.1,17659.2,3612.3,1538.4,726.7,669.5,3662.8,46.9,346.8,3806.6,225.3,12633.5,51372.1,7199.5,4108.2,5001.2,1641.6,3842.1,1678.3,658.8,3604.6,15.2,309.7,56249,651677.718851,989396.122368,979102.122368,1413479.218166
sub-127_T1w,2.258,2.605,2.419,2.677,2.679,2.824,2.719,2.61,3.145,3.015,1.982,2.685,2.694,2.628,2.534,2.791,3.38,3.817,2.683,2.321,2.954,2.071,3.031,2.724,2.657,2.764,2.436,2.156,2.722,2.63,2.604,3.142,2.834,3.031,3.636,2.665,2.945,3.229,2.133,2.413,2.498,2.247,3.372,1.956,1.921,2.23,2.766,2.947,2.638,2.672,2.168,2.306,2.252,2.417,2.06,2.179,2.064,2.112,2.404,2.629,2.425,2.045,2.609,2.867,2.27,2.001,2.135,2.437,2.411,2.496,2.338,2.631,2.454,2.656,2.54627,2.536,2.462,2.415,2.765,2.402,2.626,2.648,2.587,2.925,2.682,2.136,2.711,2.554,2.527,2.551,2.777,3.432,3.511,2.772,2.551,2.956,2.203,2.941,2.9,2.736,2.692,2.495,2.238,2.726,2.576,2.879,2.019,2.734,3.243,3.371,2.429,3.034,2.899,2.253,2.375,2.539,2.026,3.291,2.078,2.024,2.285,2.713,2.869,2.677,3.06,2.485,2.199,2.162,2.272,2.689,2.173,2.186,2.087,2.441,2.554,2.454,2.008,2.48,2.58,2.4,1.801,2.153,2.356,2.263,2.426,2.434,2.482,2.626,2.889,2.53961,6213.2,286.1,14027.9,61516.7,8404,3814.7,5370.1,2058.6,1113.7,1541.1,20155.1,3575.7,1559,1098.4,613.7,4038.6,20.6,375.8,5407.6,280.2,13473,64388.6,8265.9,3951.3,5270.4,2125.9,4072.6,1787.7,590.1,4248.9,17.8,536.4,61383,732179.229757,1043433.470396,1030807.470396,1587883.270556
sub-128_T1w,2.495,2.498,2.166,2.648,2.511,2.803,2.534,2.461,2.754,2.808,1.889,2.773,2.828,2.748,2.557,2.847,2.863,3.433,2.538,2.288,2.984,2.028,3.042,2.655,2.676,2.51,2.245,2.192,2.725,2.363,2.603,2.54,2.663,3.074,3.272,2.401,2.898,3.077,2.206,2.173,2.543,2.01,3.159,2.035,1.943,2.184,2.808,2.776,2.57,2.802,2.092,2.351,2.224,2.338,2.195,2.063,1.88,2.233,2.176,2.59,2.531,1.924,2.373,2.798,2.146,1.791,2.187,2.487,2.356,2.577,2.285,2.695,2.509,2.704,2.48872,2.469,2.584,2.145,3.089,2.603,2.596,2.698,2.486,2.78,2.779,1.839,2.79,2.942,2.582,2.505,2.654,3.188,3.173,2.613,2.22,3.046,2.167,3.322,2.828,2.722,2.678,2.281,2.173,2.712,2.437,2.652,1.568,2.697,3.14,3.204,2.892,3.078,3.126,2.467,2.587,2.715,1.97,3.209,1.992,1.832,2.302,2.687,2.683,2.773,2.631,2.382,2.399,2.237,2.31,2.631,2.143,2.032,2.19,2.379,2.598,2.632,2.245,2.381,2.561,2.339,1.882,2.102,2.418,2.379,2.455,2.172,2.664,2.563,2.96,2.51084,4986.3,541.3,13159.8,56062.7,7498.7,3717.9,4205.2,2026.9,862.3,1464.2,18835.1,3822.7,1602.9,1104,549.8,3848.4,12,422.8,7734.5,286.2,12277.6,58319.8,6942.9,3807.7,4841.3,1752.9,3981.5,1586.1,535.9,3921.5,35.5,684.8,56114,660841.597956,965743.586351,951512.586351,1417913.928254
sub-129_T1w,2.423,2.595,2.361,3.102,2.684,2.942,3.055,2.745,3.208,2.427,2.153,2.889,3.135,2.634,2.646,2.971,2.929,3.64,2.997,2.687,3.17,2.049,3.122,2.895,3.012,3.08,2.589,2.22,2.758,2.692,2.719,2.267,2.355,3.1,3.487,2.753,3.109,3.247,2.88,2.203,2.541,1.996,3.293,2.187,2.063,2.578,3.129,2.975,2.838,2.991,2.342,2.297,2.26,2.603,2.222,2.401,2.423,2.425,2.549,2.471,2.697,2.281,2.584,2.745,2.563,1.985,2.31,2.714,2.494,2.656,2.514,2.84,2.742,2.38,2.6686,2.684,2.869,2.329,2.754,2.567,2.742,2.882,2.654,3.013,2.736,2.231,3.023,2.926,2.853,2.597,2.88,3.044,3.261,2.841,2.597,3.208,2.198,3.367,2.998,2.95,2.999,2.337,2.125,2.37,2.732,2.881,2.322,2.335,3.261,2.796,2.802,3.051,3.469,2.367,2.789,2.713,2.367,3.182,2.237,1.892,2.433,3.002,2.969,2.791,2.845,2.7,2.433,2.374,2.558,2.705,2.35,2.447,2.597,2.825,2.769,2.804,2.248,2.398,2.648,2.48,1.731,2.305,2.332,2.652,2.365,2.546,2.848,2.758,2.785,2.65403,6583.4,298,15077.7,64110.6,7994.8,3249,4546.2,2098.5,1078.1,2225.8,20316.9,3839.3,1496.9,1085.7,480.2,4090.2,14,459.5,4453.7,240.4,13772.5,63138.8,8019.4,3307.9,3805.4,2361.1,4096.6,1561.9,543.7,4128.5,6.7,417.2,56719,700618.072582,1020871.848838,1008855.848838,1455690.642016
sub-13_T1w,2.33,2.794,2.472,2.491,2.701,2.641,2.58,2.554,3.04,2.872,1.881,2.903,2.913,2.854,2.688,2.874,2.935,3.285,2.615,2.44,3.097,1.996,3.343,2.654,2.993,2.708,2.735,2.31,2.999,2.691,2.644,2.388,2.777,3.293,3.227,2.67,3.205,3.397,2.21,2.389,2.356,2.137,3.295,1.948,2.044,2.35,2.437,2.715,2.548,2.694,2.342,2.234,2.072,2.448,3.143,2.338,2.301,2.194,2.411,2.782,2.742,2.403,2.249,2.56,2.458,1.798,2.251,2.532,2.755,2.335,2.477,2.719,2.6,2.478,2.59091,2.32,2.682,2.438,2.86,2.469,2.456,2.584,2.655,3.062,2.922,2.015,2.731,2.9,2.68,2.652,2.829,3.15,3.488,2.758,2.656,3.074,2.085,3.394,2.619,2.763,2.771,2.538,2.338,2.811,2.684,2.402,2.825,2.662,2.953,3.024,2.392,3.297,3.202,2.225,2.249,2.485,2.242,3.226,2.223,2.031,2.347,2.379,2.618,2.645,2.764,2.617,2.216,1.934,2.175,2.082,2.314,2.478,2.305,2.747,2.565,2.693,1.923,2.29,2.484,2.397,2.077,2.078,2.304,2.446,2.493,2.489,2.592,2.629,2.771,2.56525,3533.3,412,12880.7,55762.9,7769.3,3717.4,5800.2,2218.6,796.6,1576.3,18867,4425.5,1650.7,667.8,557.1,4301.7,36.4,346.8,3400.8,294.5,12267,53887.1,7538.7,3856.8,5737.2,1927.6,4268.1,1690.3,593.8,4066.1,26.1,253.5,61226,644018.756582,947148.103416,939353.103416,1417512.115888
sub-130_T1w,2.261,2.327,2.417,2.416,2.45,2.613,2.602,2.403,2.461,2.753,2.043,2.754,2.744,2.407,2.547,2.76,2.766,3.318,2.584,2.287,2.727,1.987,3.179,2.54,2.676,2.572,2.388,2.127,2.864,2.475,2.438,1.939,2.578,2.862,3.328,2.551,2.799,2.88,1.976,2.178,2.322,2.082,2.902,1.931,1.949,2.158,2.652,2.811,2.357,2.556,1.955,2.16,2.088,2.369,2.466,2.179,2.06,2.192,2.203,2.28,2.388,2.079,2.596,2.373,2.29,1.781,2.193,2.406,2.359,2.228,2.315,2.426,2.377,2.056,2.43301,2.242,2.603,2.285,2.571,2.432,2.426,2.545,2.48,2.632,2.581,1.894,2.798,2.713,2.568,2.573,2.785,3.203,3.437,2.65,2.353,2.956,2.012,2.853,2.606,2.652,2.627,2.325,2.112,2.874,2.489,2.546,1.756,2.441,3.013,3.047,2.632,2.682,2.901,2.061,2.375,2.42,2.21,3.319,1.866,1.947,2.118,2.86,2.703,2.752,2.684,2.207,2.268,2.169,2.36,2.532,2.096,2.154,2.141,2.183,2.286,2.512,2.073,2.453,2.604,2.186,2.101,2.051,2.581,2.404,2.547,2.371,2.405,2.547,2.449,2.46447,13035.4,616.1,15864.7,60796.7,7850.1,4049.9,5982.8,2396.8,2200.6,2737.6,23091.4,4243.4,1859,1644.4,523.6,4751.7,43.3,997.1,12034.5,453,15358.1,60722.5,8232.8,4193.7,5926.4,2246.4,4474.3,2144.4,488,4627,27.5,767.2,65305,719028.423285,1167032.033038,1139403.033038,1732718.177745
sub-131_T1w,2.639,2.305,2.228,2.677,2.563,2.851,2.853,2.631,2.918,2.82,1.848,2.602,2.76,2.496,2.413,2.808,3.484,3.311,2.419,2.398,2.901,2.132,3.418,2.674,2.537,2.688,2.243,2.025,2.723,2.485,2.754,2.239,2.517,3.004,3.867,2.59,2.767,3.073,2.1,2.626,2.637,2.028,3.297,1.877,1.926,2.233,2.707,2.895,2.674,2.6,2.074,2.367,2.264,2.403,2.185,2.027,1.932,2.144,2.11,2.292,2.493,2.07,2.382,2.536,2.241,2.201,2.041,2.497,2.387,2.558,2.348,2.464,2.355,2.338,2.49109,2.348,2.819,2.371,2.645,2.45,2.664,2.842,2.701,3.016,3.113,1.844,2.689,2.975,2.833,2.582,2.748,3.319,2.968,2.528,2.304,2.826,2.014,3.311,2.801,2.581,2.601,2.114,2.16,2.524,2.432,2.615,3.088,2.559,3.057,3.436,2.5,3.146,2.931,2.553,2.772,2.524,2.138,3.281,2.095,1.887,2.072,2.738,2.954,2.809,2.56,2.192,2.346,2.408,2.259,2.282,2.077,2.14,2.182,2.334,2.602,2.368,2.19,2.381,2.53,2.339,1.881,1.978,2.425,2.165,2.35,2.425,2.398,2.452,2.266,2.48539,4548.1,534.1,14369.5,63460,7509.9,3234.7,5370.3,1915.1,1025.4,2434.3,22267.3,3785.4,1591.3,884.4,596.5,4279.9,60.3,451.3,3106,476,13069.7,64630.2,7468.6,3013.4,5323.1,1744.9,4078.7,1775.9,582.6,4321.3,18.2,361.7,57863,699990.600454,1010646.995151,1001730.995151,1507866.854803
sub-132_T1w,2.464,2.315,2.535,2.759,2.57,2.813,2.623,2.678,3.067,3.104,2.013,2.762,2.799,2.757,2.609,2.839,3.311,3.694,2.664,2.261,2.917,2.283,3.652,2.662,2.661,2.957,2.545,2.348,3.033,2.684,2.531,2.976,2.67,3.31,3.589,2.912,3.006,3.429,2.276,2.217,2.542,2.1,3.556,2.209,2.283,2.396,2.783,2.837,2.684,2.732,2.044,2.392,2.335,2.358,2.204,2.174,2.161,2.199,2.409,2.291,2.543,2.163,2.211,2.569,2.308,2.268,2.491,2.631,2.595,2.249,2.279,2.426,2.562,2.44,2.62286,2.303,2.555,2.482,2.696,2.507,2.655,2.654,2.553,2.995,2.922,2.098,2.821,2.651,2.707,2.599,2.818,3.116,3.355,2.775,2.482,2.786,2.491,3.546,3.058,2.743,3.053,2.499,2.37,2.968,2.624,2.525,2.648,2.492,3.415,3.351,2.916,3.061,3.305,2.335,2.811,2.648,2.078,3.762,2.233,2.18,2.345,2.818,2.665,2.6,2.706,2.403,2.261,2.188,2.302,2.275,2.277,2.491,2.207,2.655,2.426,2.591,2.038,2.185,2.526,2.487,1.567,2.395,2.381,2.589,2.198,2.458,2.662,2.717,2.693,2.62047,5820.4,470.9,14824.8,56369.3,7922.5,4071.2,5276.1,2191.8,1205,1649.6,21531,4070.5,1713.8,740.6,610.7,4542.9,36.3,386.5,5829.8,605.1,13479.9,59118.2,7622.8,4208,5257.5,1917,4131.4,1782.5,630.4,4589.3,16.8,410.8,62087,684133.562942,994348.670932,981260.670932,1486808.389252
sub-133_T1w,2.429,2.455,2.483,2.908,2.515,2.815,2.605,2.63,2.984,3.015,1.87,2.973,3.067,2.855,2.68,2.783,3.124,3.557,2.621,2.192,2.854,2.136,3.126,2.7,2.653,2.698,2.323,2.257,2.849,2.611,2.568,2.127,2.624,3.251,3.763,2.708,2.983,3.042,2.396,2.458,2.474,1.957,3.351,2.07,2.04,2.326,3.06,2.917,2.706,3.078,2.268,2.458,2.346,2.487,2.247,2.186,2.067,2.444,2.292,2.442,2.548,2.447,2.478,2.784,2.618,2.019,2.175,2.494,2.375,2.413,2.38,2.457,2.563,2.73,2.56587,2.386,2.663,2.308,2.733,2.282,2.371,2.594,2.528,2.82,2.744,1.993,2.781,2.707,2.793,2.582,2.679,3.189,3.391,2.642,2.472,3.045,2.197,3.158,2.824,2.641,2.754,2.258,2.195,2.872,2.478,2.348,2.079,2.462,3.268,3.353,3.116,2.964,3.234,2.089,2.754,2.573,2.127,3.587,2.159,2.111,2.341,2.893,2.904,2.73,2.987,2.65,2.305,2.245,2.351,2.224,2.159,2.359,2.354,2.454,2.578,2.569,2.267,2.084,2.618,2.306,1.779,2.135,2.563,2.312,2.21,2.259,2.687,2.589,2.524,2.53246,9144,270.8,16492,64806.5,8066.8,3987.5,5941.1,2143.5,1063.9,2106.3,23029.5,4416.6,1689.5,1059.1,673,4566.6,56.2,694.5,6636.4,246.5,14632.6,65770.4,8035.4,3838.8,5926.9,2052.8,4522.1,1810.2,675.8,4514.6,25.5,704.6,63940,752622.179527,1130941.449156,1113560.449156,1655249.161679
sub-134_T1w,2.346,2.558,2.301,2.706,2.482,2.634,2.655,2.545,2.725,2.726,1.992,2.917,2.828,2.561,2.569,2.693,2.918,3.361,2.586,2.298,2.852,2.077,3.331,2.592,2.718,2.786,2.316,2.181,2.72,2.451,2.581,2.358,2.761,3.219,3.639,2.771,2.984,3.164,2.368,2.589,2.356,2.169,3.401,2.093,1.97,2.366,2.988,2.992,2.527,2.539,2.001,2.184,2.143,2.285,2.119,2.104,2.057,2.111,2.455,2.547,2.579,2.277,2.45,2.449,2.356,2.141,2.206,2.349,2.161,2.226,2.225,2.491,2.628,2.453,2.51594,2.354,3.004,2.126,2.88,2.466,2.59,2.682,2.492,2.668,2.794,1.941,2.826,2.86,2.584,2.426,2.673,3.185,3.429,2.682,2.231,2.871,2.185,3.558,2.882,2.641,2.807,2.358,2.115,2.647,2.473,2.438,2.863,2.557,3.201,3.381,2.682,2.894,3.119,2.285,2.424,2.503,2.099,3.303,2.12,1.894,2.183,2.727,2.913,2.838,2.742,2.297,2.205,2.264,2.151,2.265,2.1,2.159,2.211,2.533,2.498,2.592,2.075,2.516,2.491,2.302,2.296,2.039,2.292,2.181,2.432,2.178,2.516,2.506,2.792,2.51234,7761.2,325.8,13694.9,54271.5,6919.5,3668.1,4089.9,2070.6,813,1562.4,19548.9,3890.7,1705.3,997.5,592.2,3969.6,33.8,439.5,5859.7,202.1,13119.8,53251.2,6857,3680.1,4775.2,1652.8,3983.7,1775.6,565.6,3875.9,57.7,435.2,55359,669122.806985,994754.374907,980300.374907,1425625.084638
sub-135_T1w,2.568,2.492,2.388,2.658,2.721,2.773,2.58,2.576,2.878,2.098,1.593,2.664,2.79,2.742,2.623,2.78,2.991,3.451,2.722,2.352,2.721,1.852,2.725,2.933,2.51,2.525,2.37,2.35,2.734,2.585,2.592,2.821,2.257,3.063,3.227,2.487,3.009,3.063,2.079,2.271,2.361,1.87,3.311,1.941,1.986,2.282,2.818,2.877,2.669,2.771,2.055,2.252,2.286,2.377,2.082,2.098,2.107,2.059,2.305,2.7,2.224,2.261,2.359,2.753,2.129,1.849,2.126,2.433,2.345,2.325,2.49,2.645,2.576,2.339,2.5237,2.189,2.852,2.413,2.78,2.474,2.51,2.512,2.652,2.794,2.729,1.862,2.884,2.774,2.531,2.491,2.739,3.094,3.093,2.717,2.302,2.877,1.621,2.888,2.619,2.485,2.646,2.324,2.262,2.682,2.585,2.421,2.984,2.46,2.917,3.278,2.516,2.817,3.137,2.164,2.98,2.614,2.007,3.106,1.563,1.858,2.342,2.702,2.642,2.735,2.647,2.24,2.222,2.237,2.189,2.26,2.087,2.122,2.289,2.565,2.624,2.28,1.899,2.353,2.604,2.31,1.729,2.116,2.519,2.321,2.999,2.502,2.658,2.524,2.429,2.48315,3954.7,521.1,14236.2,54366.9,6811.3,3558.6,5252.8,1921.6,724.9,1621.7,20054,3654.8,1828.2,842.9,613.5,3992.8,13.6,302.1,3768.2,196.2,13211.8,56133.1,6935,3744.8,5522.8,1860.8,3984.8,1860.5,667.9,4044.4,18.5,213.7,57807,708884.863568,1088712.499397,1080354.499397,1538819.858118
sub-136_T1w,2.541,2.567,2.512,2.745,2.745,2.843,2.855,2.571,2.799,2.731,1.93,2.798,2.996,2.865,2.646,2.885,3.027,3.388,2.712,2.672,2.755,2.073,3.35,2.741,2.54,2.683,2.429,2.307,2.868,2.728,2.88,2.723,2.474,3.209,3.477,2.779,2.843,3.225,2.226,2.291,2.45,2.119,3.541,2.103,2.069,2.187,2.891,2.914,2.69,2.817,2.244,2.342,2.297,2.503,2.612,2.21,2.183,2.268,2.569,2.568,2.54,2.461,2.439,2.747,2.35,1.919,2.182,2.547,2.41,2.695,2.428,2.615,2.567,2.627,2.58561,2.495,2.406,2.564,2.863,2.681,2.607,2.78,2.594,2.851,2.698,2.047,2.83,3.073,2.682,2.662,2.771,2.927,3.174,2.785,2.5,3.03,2.09,3.584,2.567,2.7,2.739,2.44,2.329,2.767,2.617,2.328,2.906,2.476,3.315,3.598,2.626,3.151,3.015,2.523,2.419,2.536,2.144,3.334,2.284,2.004,2.293,3.084,3.255,2.599,2.604,2.312,2.378,2.25,2.459,2.387,2.149,2.345,2.28,2.424,2.742,2.588,2.321,2.2,2.678,2.487,2.18,2.15,2.449,2.563,2.599,2.353,2.534,2.62,2.572,2.58218,2663.1,262.9,15142.9,51892.8,7364,2942.9,4594.3,1744.8,641.5,1102.4,20210.2,3914.4,1719.7,608.4,471.5,4024.3,22.8,282.3,2425,272.6,14621.6,53291.2,6592.9,3122,4721.1,1779.1,4009.6,1721.6,562.1,4364.9,14.1,273.6,54893,659120.966565,972766.859572,967127.859572,1403185.563434
sub-137_T1w,2.675,2.628,2.624,2.908,2.701,2.791,2.71,2.683,2.869,2.906,1.795,3.106,3.358,2.883,2.965,2.976,3.21,3.863,2.92,2.235,3.041,1.929,3.302,3.065,2.83,2.953,2.525,2.611,3.136,2.741,2.75,2.769,2.959,3.5,4.067,3.036,3.295,3.09,2.727,2.456,2.497,2.135,3.553,2.078,2.09,2.229,3.03,2.954,2.686,3.055,2.415,2.447,2.282,2.546,2.185,2.315,2.413,2.523,2.659,2.606,2.438,2.332,2.503,2.894,2.176,1.893,2.341,2.653,2.617,2.491,2.387,2.641,2.674,3.034,2.70353,2.49,2.636,2.693,2.852,2.845,2.704,2.823,2.678,3.049,2.941,1.904,2.819,3.215,2.832,2.997,2.945,3.288,3.369,2.952,2.315,2.897,2.117,3.605,3.13,2.772,3.011,2.549,2.359,3.066,2.771,2.779,2.011,2.672,3.585,3.8,2.943,2.962,3.234,2.353,2.392,2.676,2.075,4.03,2.154,2.046,2.377,3.134,3.073,2.828,3.023,2.428,2.49,2.307,2.551,2.695,2.435,2.43,2.316,2.501,2.508,2.491,2.651,2.497,2.648,2.346,2.092,2.449,2.578,2.63,2.039,2.47,2.589,2.791,2.913,2.70135,4144.2,195.9,15672.7,62824.3,8458.4,3406.2,4486.1,1973.6,887.5,1441.8,19783.6,4217.4,1592.9,935.5,568.7,3941.3,12.6,314.5,4643.6,184.2,15582.4,62545.6,7575,3620.7,4785.9,1838,4287.1,1891.6,552,3999.2,42.8,343,58556,700968.958377,1008911.041116,999693.041116,1517800.842741
sub-138_T1w,2.487,2.424,2.421,2.649,2.555,2.673,2.682,2.517,2.82,2.79,2.172,2.759,2.844,2.673,2.55,2.789,3.122,3.481,2.583,2.24,2.94,2.308,2.996,2.679,2.695,2.577,2.374,2.338,2.879,2.469,2.754,2.667,2.48,2.89,3.141,2.591,2.797,2.94,2.31,2.426,2.357,2.124,3.016,2.147,2.044,2.294,2.85,2.92,2.48,2.88,2.1,2.348,2.236,2.457,2.286,2.243,2.108,2.241,2.367,2.476,2.45,2.217,2.475,2.772,2.301,2.016,2.238,2.483,2.497,2.368,2.21,2.428,2.474,2.308,2.52177,2.306,2.887,2.305,2.749,2.527,2.606,2.511,2.451,2.827,2.697,2.039,2.97,2.885,2.676,2.652,2.709,3.26,3.18,2.716,2.257,2.895,2.274,3.118,2.816,2.683,2.768,2.349,2.18,2.737,2.485,2.673,2.643,2.735,3.023,3.208,2.576,2.929,3.118,2.251,2.428,2.478,2.219,3.317,2.011,2.003,2.295,2.404,2.801,2.764,2.537,2.293,2.238,2.223,2.406,2.262,2.168,2.169,2.23,2.179,2.685,2.464,2.304,2.228,2.557,2.509,2.096,2.23,2.433,2.486,2.215,2.165,2.741,2.543,2.433,2.53372,5692.9,328.6,13258.7,47762.5,6869.1,4193.1,4816.6,1921.2,960.2,1497,17687.5,3948.2,1689,1025,609.1,3750.8,22.5,332.8,7370.6,246.5,12485.2,50471.3,6481.1,4316.2,4957.2,2038.4,4346,1685.9,680.1,3583.4,41.4,588.3,57266,631139.023202,988613.095391,974573.095391,1403759.902505
sub-139_T1w,2.588,2.811,2.472,2.97,2.739,2.909,2.786,2.626,3.21,2.857,1.97,3.12,2.883,2.964,2.891,3.07,2.828,3.376,2.801,2.562,3.077,2.116,3.201,2.786,2.815,2.815,2.46,2.481,3.157,2.573,2.714,2.953,2.721,3.457,3.425,2.779,2.941,3.295,2.396,2.484,2.619,2.154,3.151,1.948,2.131,2.122,3.087,2.882,2.726,2.534,2.198,2.523,2.455,2.627,2.273,2.193,2.099,2.256,2.301,2.463,2.623,2.326,2.457,2.752,2.196,2.293,2.216,2.644,2.48,2.567,2.368,2.526,2.592,2.718,2.6447,2.55,2.784,2.423,3.176,2.611,2.981,2.872,2.817,3.044,2.942,2.148,2.99,3.117,3.023,2.794,3.126,2.915,3.432,2.787,2.564,3.203,2.229,3.388,2.974,2.757,2.821,2.635,2.317,3.261,2.512,2.582,2.538,3.031,3.658,3.429,2.663,3.146,3.334,2.662,2.724,2.693,2.142,3.582,2.241,2.134,2.145,3.002,2.811,2.91,3.108,2.24,2.543,2.543,2.632,2.453,2.196,2.328,2.252,2.53,2.91,2.702,2.483,2.267,2.85,2.408,1.718,2.122,2.682,2.6,2.553,2.306,2.67,2.716,3.134,2.69667,3528.5,297.5,14369.1,57897.9,7346,3584.4,5527.9,2042.3,794.8,1379.6,19353.2,4432.5,1725.2,893.7,581.9,4151.7,46.5,369.9,3358.3,367.9,13614.6,57195.6,7414.9,3477.3,5453.1,1760.9,4664.5,1847.9,689.9,4051.4,17.4,414.4,60046,721690.172416,1080751.887091,1073043.887091,1583990.408806
sub-14_T1w,2.386,2.668,2.257,2.827,2.556,2.878,2.643,2.69,3.1,2.825,1.835,2.909,2.728,2.731,2.675,2.839,3.485,3.292,2.691,2.606,3.026,2.003,2.889,2.581,2.787,2.942,2.403,2.058,2.862,2.66,2.381,2.547,2.752,3.541,3.417,2.96,3.279,3.256,2.484,2.558,2.579,1.674,3.388,2.08,2.022,2.327,2.9,2.943,2.569,3.25,2.222,2.231,2.296,2.256,2.282,2.293,2.325,2.262,2.637,2.728,2.663,2.14,2.286,2.961,2.573,1.724,2.075,2.416,2.465,2.611,2.385,2.704,2.84,3.073,2.60466,2.11,2.922,2.102,2.724,2.514,2.554,2.373,2.542,3.091,2.97,1.962,2.921,2.729,2.715,2.652,2.625,3.425,3.435,2.777,2.47,2.891,2.153,3.098,2.72,2.944,2.791,2.408,2.135,2.805,2.493,2.369,1.703,2.722,3.226,3.553,2.512,3.128,3.426,2.35,2.605,2.509,2.057,3.346,2.159,1.851,2.191,2.739,2.767,2.596,3.146,2.496,2.056,1.962,2.058,2.263,2.142,2.291,2.303,2.317,2.688,2.523,2.163,2.294,2.575,2.43,1.956,2.101,2.31,2.18,2.461,2.432,2.8,2.785,2.647,2.53018,5534.8,239.8,20446.2,68814,8059.6,3513.4,5539.5,2217.1,817.8,1658.8,23765.5,3963.8,1689.2,915.7,534.5,4314.7,20.2,289.7,3958,264.9,18356.5,70240.6,7450.5,3723.3,5421.1,2012,3995.1,1688.7,543.4,4309.8,12.9,424.9,60403,686071.269988,1019612.985061,1009635.985061,1474196.002583
sub-140_T1w,2.442,2.614,2.596,2.781,2.551,2.764,2.868,2.612,3.055,2.633,1.916,2.878,2.846,2.75,2.719,2.771,2.976,3.25,2.779,2.33,2.886,2.101,3.485,2.839,2.849,2.831,2.34,2.468,2.97,2.518,2.584,2.375,2.771,3.305,3.423,2.515,2.964,2.942,2.25,2.276,2.324,2.215,3.42,2.054,2.108,2.305,2.787,2.75,2.521,2.639,2.22,2.283,2.151,2.573,2.405,2.194,2.022,2.171,2.493,2.382,2.544,2.263,2.633,2.793,2.322,1.687,2.188,2.395,2.397,2.166,2.181,2.41,2.529,2.48,2.57003,2.183,2.463,2.383,2.805,2.495,2.567,2.587,2.568,2.949,2.725,1.978,2.679,2.593,2.677,2.697,2.791,3.131,3.019,2.683,2.407,2.832,2.362,3.016,2.8,2.712,2.777,2.303,2.422,2.769,2.561,2.527,1.77,2.575,3.321,3.4,2.739,2.942,3.105,2.192,2.176,2.409,2.196,3.222,2.099,1.928,2.265,2.596,2.59,2.512,2.639,2.223,2.116,2.156,2.253,2.202,2.07,2.089,2.175,2.512,2.446,2.479,2.267,2.41,2.52,2.249,1.665,2.125,2.418,2.34,2.311,2.209,2.655,2.603,2.729,2.52065,6259.3,274.5,17525.3,57601.3,7412.7,3768.5,5018.9,2349.2,1061.3,1530.1,21750.1,4091.3,1613.8,1140.4,663.8,4200.7,33.2,446.4,4611.9,354.7,16556.1,56136.1,8707.3,3722,5127,1882.7,4114.5,1539.6,612.2,4238.1,85,450.8,60168,656332.186802,974363.043301,962377.043301,1531295.289448
sub-141_T1w,2.357,2.623,2.369,2.875,2.618,2.669,2.656,2.504,2.999,2.875,1.887,2.838,2.673,2.822,2.492,2.83,3.243,3.99,2.607,2.221,2.801,2.144,3.492,2.714,2.591,2.84,2.33,2.284,2.947,2.622,2.871,1.636,2.679,3.313,3.423,2.635,3.257,3.188,2.058,2.367,2.327,2.1,3.513,2.027,2.047,2.267,2.72,2.715,2.693,2.702,2.146,2.316,2.126,2.385,2.351,2.092,2.113,2.16,2.316,2.449,2.644,1.982,2.452,2.729,2.177,1.935,2.186,2.539,2.365,2.308,2.408,2.696,2.493,2.665,2.53384,2.479,2.581,2.467,2.929,2.411,2.582,2.707,2.446,2.724,3.003,2.148,2.957,2.908,2.92,2.589,2.78,3.769,3.556,2.749,2.202,2.953,2.381,3.641,2.963,2.784,2.988,2.363,2.327,2.848,2.613,2.672,1.74,2.437,3.18,3.278,2.69,3.233,3.196,2.651,2.515,2.558,2.051,3.51,2.163,1.969,2.171,2.586,2.919,2.876,2.76,2.145,2.303,2.084,2.314,2.715,1.995,2.053,2.216,2.094,2.526,2.657,2.115,2.251,2.649,2.217,1.831,2.063,2.292,2.447,2.278,2.231,2.635,2.557,2.941,2.56094,7492.7,563.7,13618.1,52276.7,7896.1,4294.1,5447.9,2095.2,1235.9,1456.9,22712.9,4497.4,1876,923.7,707.3,4904.8,97.5,528.8,6440.6,361,14111.2,53196.5,7907,4414,5353.8,1999.7,4544.1,1871.1,701.5,4779.7,34.4,540.5,64822,688027.149639,1055800.390798,1040465.390798,1590199.279866
sub-142_T1w,2.296,2.527,2.346,2.802,2.618,2.859,2.701,2.598,2.736,2.744,2.058,2.802,2.936,2.458,2.651,2.717,2.896,3.501,2.52,2.085,2.638,2.168,3.434,2.697,2.645,2.747,2.16,2.025,2.847,2.427,2.548,2.863,2.546,3.228,3.338,2.325,2.934,2.993,2.106,2.274,2.404,2.059,3.274,2.096,2.064,2.262,2.768,2.898,2.591,2.621,2.007,2.326,2.092,2.409,2.61,2.045,2.083,2.126,2.258,2.558,2.47,2.336,2.155,2.696,2.331,1.846,2.119,2.56,2.273,2.357,2.199,2.582,2.45,2.148,2.50227,2.159,2.777,2.311,2.701,2.465,2.621,2.56,2.56,2.765,2.894,1.918,2.874,2.893,2.602,2.698,2.737,2.775,3.311,2.584,2.255,2.719,2.165,3.437,2.644,2.683,2.732,2.197,2.172,2.667,2.384,2.362,1.979,2.629,3.279,3.509,2.61,2.876,3.011,2.402,2.417,2.571,2.116,3.311,2.181,2.06,2.36,2.797,2.884,2.601,2.587,2.231,2.281,2.07,2.203,2.4,2.115,2.082,2.101,2.322,2.509,2.59,2.406,2.226,2.412,2.258,2.101,2.154,2.38,2.308,2.656,2.31,2.486,2.626,2.814,2.50084,4567,206.3,15554.8,51532.5,7743.7,4322.6,5752.6,1951.9,920.5,1769.1,20853,4281.7,1927.9,815.4,637.4,4257.5,30.6,364.2,4503.1,365.2,14816.4,53039.1,7473.4,4328.1,5870.6,1843.8,4259.9,1910.3,661,4276.9,24.1,400.2,62830,645039.268826,998597.868492,988632.868492,1453360.468156
sub-143_T1w,2.322,2.508,2.39,2.668,2.434,2.78,2.806,2.661,2.972,2.954,2.113,2.767,2.719,2.675,2.671,2.768,3.054,3.722,2.666,2.438,2.834,2.264,3.094,2.708,2.609,2.641,2.296,2.261,2.809,2.547,2.771,2.619,2.522,3.025,3.545,2.616,2.809,3.243,2.74,2.396,2.493,2.042,3.325,2.141,2.013,2.319,3.03,2.928,2.738,2.909,2.089,2.296,2.193,2.313,2.303,2.166,2.205,2.309,2.504,2.605,2.517,2.277,2.483,2.517,2.286,1.911,2.188,2.467,2.385,2.306,2.261,2.569,2.588,2.39,2.55436,2.22,2.948,2.484,2.425,2.489,2.756,2.595,2.534,3.209,3.136,2.007,2.85,2.953,2.574,2.579,2.787,3.189,3.607,2.503,2.42,2.915,2.266,3.306,2.95,2.578,2.552,2.293,2.196,2.711,2.648,2.871,2.168,2.757,3.146,2.994,2.448,2.841,3.096,2.312,2.248,2.435,2.133,3.223,2.22,1.909,2.316,3.058,2.552,2.728,2.652,2.279,2.212,2.112,2.296,2.388,2.122,2.023,2.354,2.427,2.659,2.673,2.231,2.378,2.511,2.428,2.02,2.212,2.485,2.367,2.236,2.328,2.522,2.451,2.591,2.52893,3399.7,455.7,13769.4,53341.5,6713.9,3149.4,5005.9,1733.2,711,1239.6,19789.5,3548.6,1514.8,767.1,512.9,3922.9,25.9,204.1,2686.8,347.2,12868.5,52942.9,6652.3,3305.1,4919.6,1620.6,3778.6,1574.5,558.9,3939.9,11.5,350.2,53774,628286.925136,883634.60259,876566.60259,1329301.011733
sub-144_T1w,2.376,2.339,2.252,2.804,2.548,2.593,2.744,2.562,2.901,2.853,1.838,2.791,2.984,2.572,2.527,2.674,2.944,3.34,2.476,2.151,2.921,2.032,3.369,2.753,2.41,2.641,2.155,2.241,2.747,2.388,2.757,2.769,2.634,3.109,3.362,2.61,3.029,3.057,2.17,2.365,2.422,2.006,3.567,2.084,1.987,2.245,2.801,2.802,2.588,2.858,2.31,2.26,2.217,2.424,2.156,2.078,2.157,2.145,2.432,2.513,2.541,2.061,2.517,2.601,2.237,2.304,2.266,2.415,2.461,2.116,2.285,2.568,2.478,2.614,2.4867,2.169,2.424,2.33,2.713,2.584,2.567,2.751,2.607,2.867,2.644,2.014,2.949,2.856,2.545,2.662,2.694,3.243,3.717,2.648,2.281,2.824,2.262,3.43,2.887,2.612,2.727,2.174,2.138,2.747,2.42,2.344,2.189,2.72,3.122,3.039,2.655,2.923,3.109,2.288,2.701,2.552,2.067,3.341,2.17,1.937,2.424,2.896,2.962,2.68,2.772,2.304,2.41,2.219,2.384,2.283,2.263,2.358,2.239,2.272,2.664,2.558,2.149,2.36,2.531,2.34,1.751,2.275,2.574,2.488,2.202,2.389,2.687,2.601,2.747,2.52911,9088.8,436.1,13777.3,53891.9,6903.6,3377.3,5171.6,2012.7,1009.8,1326.2,19109.9,3730.8,1446,814.8,632.1,3872.6,53.8,481.7,6424.8,350,12754.4,53714,7167.9,3692.5,5195.7,1880.4,3809.4,1264.4,510.2,3950.9,39.6,514.8,55968,654634.673569,1023942.231425,1007073.231425,1470135.830215
sub-145_T1w,2.293,2.439,2.245,2.882,2.532,2.728,2.67,2.609,3.006,3.14,1.795,2.7,2.64,2.541,2.526,2.719,3.113,3.435,2.563,2.283,2.852,1.953,3.193,2.568,2.486,2.6,2.226,2.291,2.72,2.443,2.409,2.088,2.734,3.108,3.342,2.663,2.742,2.861,2.198,2.354,2.43,1.957,3.312,1.988,2.03,2.069,2.725,2.852,2.583,2.534,2.132,2.286,2.179,2.491,2.06,2.074,2.122,2.24,2.315,2.279,2.384,2.015,2.345,2.573,2.165,2.038,2.153,2.465,2.44,2.375,2.197,2.304,2.379,2.539,2.45241,2.157,2.734,2.335,2.672,2.387,2.606,2.646,2.464,2.777,3.127,1.748,2.67,2.513,2.625,2.471,2.665,3.254,3.628,2.488,2.155,2.767,2.048,3.239,2.636,2.505,2.684,2.229,2.27,2.611,2.463,2.603,1.698,2.715,3.02,3.004,2.613,2.541,3.027,2.133,2.501,2.568,1.956,3.147,1.953,1.928,2.16,2.989,2.658,2.607,2.528,2.069,2.196,2.168,2.313,1.912,2.045,2.042,2.018,2.21,2.356,2.674,2.017,2.231,2.7,2.181,1.872,2.057,2.319,2.257,2.115,2.358,2.424,2.505,2.851,2.42122,4540.7,447.4,11139.4,44813,6039.3,2853.7,4540.2,1788.9,941.8,1884.7,17814.3,3747.7,1337.6,781.3,458.7,3465.4,47.8,393.1,3472.3,874.8,10646,43974.4,6888.9,2826.7,4421,1623,3821.5,1468.5,551.8,3479.6,26.2,436.1,50341,576453.220834,876314.929733,866613.929733,1284391.004998
sub-146_T1w,2.411,2.521,2.404,2.665,2.516,2.822,2.872,2.629,2.998,3.04,2.007,3.043,2.881,2.672,2.605,2.832,3.196,3.867,2.858,2.6,2.937,2.075,3.161,2.837,2.831,2.832,2.477,2.345,2.833,2.627,2.792,2.566,2.922,3.273,3.368,2.779,2.917,3.334,2.404,2.118,2.581,2.252,3.424,2.011,1.927,2.263,2.831,3.199,2.771,2.929,2.467,2.273,2.171,2.367,2.425,2.216,2.498,2.468,2.435,2.652,2.627,1.968,2.601,2.868,2.488,1.873,2.197,2.553,2.381,2.336,2.367,2.598,2.598,2.627,2.60605,2.204,2.608,2.386,2.671,2.546,2.838,2.748,2.662,2.989,3.028,2.018,3.052,2.966,2.923,2.587,2.739,3.484,3.99,2.808,2.49,3.125,1.976,3.518,2.98,2.909,2.801,2.394,2.2,2.85,2.617,2.698,2.949,2.719,3.262,3.242,2.608,3.198,3.259,2.276,2.568,2.434,2.246,3.464,2.124,1.877,2.117,3.062,2.945,2.834,2.931,2.533,2.243,2.045,2.41,2.152,2.288,2.425,2.415,2.392,2.731,2.529,2.268,2.247,2.519,2.472,1.742,2.223,2.354,2.454,2.474,2.366,2.696,2.569,3.033,2.58662,5559.8,137.8,16476,56975.2,8021.4,4038.3,5180.9,1805.1,929,2010.3,21141.8,4510.1,1669.9,862.1,552,4633.9,5.3,208.1,6319.9,307.2,15873,57080.4,7339.7,4130.6,5677.4,1885.9,4431.7,1745.8,650.8,4375.8,83.7,375.1,61717,713000.38471,1123677.496764,1111479.496764,1657808.051614
sub-15_T1w,2.404,2.467,2.303,3.172,2.763,2.866,2.775,2.818,3.265,2.585,1.697,2.969,3.173,3.063,2.792,3.077,2.956,3.436,2.657,2.58,2.95,1.972,3.424,2.637,2.919,2.984,2.51,2.327,2.999,2.714,2.41,3.099,2.585,3.505,3.453,2.899,3.117,3.313,2.533,2.244,2.573,1.785,3.401,2.031,2.136,2.294,2.825,3.029,2.678,2.817,2.016,2.347,2.327,2.531,2.718,2.295,2.162,2.3,2.527,2.467,2.751,2.31,2.384,2.62,2.519,1.721,2.358,2.576,2.427,2.275,2.516,2.729,2.742,2.69,2.64325,2.44,2.564,2.257,2.998,2.509,2.475,2.499,2.61,3.078,2.437,1.98,3.144,3.056,2.909,2.75,2.927,3.399,3.048,2.717,2.435,3.049,2.015,3.492,2.778,2.812,3.081,2.434,2.219,2.914,2.6,2.288,2.51,2.407,3.539,3.498,2.868,3.09,3.277,2.384,2.91,2.673,2.001,3.188,2.038,1.961,2.34,2.859,2.815,2.71,2.782,2.336,2.323,2.26,2.271,2.761,2.262,2.127,2.334,2.452,2.772,2.688,2.034,2.149,2.771,2.424,1.626,2.186,2.424,2.19,2.608,2.371,2.645,2.686,2.441,2.5743,8819.1,307.5,15980,62443.7,7327,3436.1,4201.6,1640.4,990.6,1945.7,21431.3,3637.1,1407.4,1225.9,515.8,3756.6,20.8,513.4,7650.8,494.8,15056.1,64002.9,6916.4,3434.8,4252,1602.1,3856.8,1610.1,594.9,3789.9,16.4,460.3,53374,678062.65486,979750.07243,962011.07243,1441656.27393
sub-16_T1w,2.324,2.331,2.543,2.871,2.489,2.626,2.498,2.445,3.049,2.935,1.934,2.929,3.187,2.845,2.67,2.779,3.23,3.646,2.719,2.143,3.051,2.021,2.971,2.879,2.862,2.775,2.347,2.306,2.955,2.682,2.512,2.846,2.927,3.445,3.587,2.939,3.052,3.302,2.154,2.254,2.653,1.873,3.207,1.918,2.168,2.288,2.78,2.801,2.546,2.513,1.935,2.157,2.02,2.316,2.415,2.178,2.046,2.038,2.417,2.603,2.63,2.208,2.158,2.617,2.269,1.694,2.229,2.439,2.236,2.293,2.524,2.467,2.601,2.558,2.5483,2.544,2.631,2.387,3.02,2.51,2.552,2.532,2.456,2.951,2.801,1.993,3.053,3.228,2.878,2.641,2.804,3.54,3.767,2.636,2.491,2.995,2.026,3.184,2.825,2.877,2.853,2.511,2.344,3.01,2.645,2.344,2.114,2.672,3.209,3.264,2.683,2.931,3.212,2.06,2.353,2.616,1.983,3.142,2.021,2.05,2.286,3.232,2.664,2.771,2.531,1.979,2.134,2.024,2.091,2.227,2.12,2.19,2.307,2.473,2.722,2.465,2.132,2.111,2.479,2.27,1.909,2.199,2.422,2.215,2.372,2.506,2.517,2.568,2.492,2.55016,9399.9,491.5,19254.3,72706.3,7867.9,4472.7,5394.9,2400.2,1184.5,3613.4,24596.7,4052.3,1933.2,1077.7,621.9,4924.7,58.6,719.7,9926.9,390.1,16723.9,73090,7600.9,4590.5,5537.1,2141,4439.4,2044.9,586.8,4854.6,34.2,653.5,64641,754148.243606,1155005.911036,1133992.911036,1708974.659648
sub-17_T1w,2.17,2.619,2.319,2.996,2.621,2.678,2.631,2.807,2.972,2.974,2.053,2.986,2.938,2.882,2.616,2.706,3.225,3.65,2.619,2.333,2.886,2.371,3.318,2.623,2.812,2.816,2.31,2.389,3.074,2.737,2.669,2.841,2.74,3.257,3.849,2.753,2.911,3.045,2.254,2.854,2.713,2.003,3.088,2.311,2.118,2.328,2.669,2.952,2.654,2.422,2.286,2.217,2.123,2.335,3.059,2.318,2.2,2.256,2.527,2.7,2.609,2.159,2.266,2.592,2.48,1.738,2.352,2.541,2.341,2.194,2.429,2.743,2.614,2.532,2.60331,2.109,2.95,2.45,2.944,2.472,2.621,2.535,2.665,2.945,3.328,1.936,2.834,2.839,2.654,2.595,2.677,3.443,3.226,2.7,2.482,3.024,2.121,3.113,2.933,2.751,2.914,2.406,2.328,2.81,2.664,2.751,2.36,2.587,3.179,3.362,2.804,2.776,3.182,2.083,3.561,2.656,2.269,2.994,2.193,1.968,2.356,2.839,3.008,2.792,2.665,2.282,2.249,2.123,2.26,2.57,2.295,2.289,2.345,2.768,2.659,2.508,2.284,2.57,2.635,2.45,1.816,2.236,2.385,2.314,2.143,2.514,2.408,2.636,2.389,2.56719,6264.3,610.4,18609.7,63614.8,8893.2,3890.1,6032.7,2250.6,1115.7,1329.1,24952.8,4530.5,2038.7,1027.8,492.8,4859.3,30.9,511.9,5764.5,260.9,15817,66458.6,8201.7,3966.6,6234,2087.2,4932.4,2378.1,561.4,4530,25.7,726.7,67585,793528.256044,1174617.418907,1161103.418907,1764828.35273
sub-18_T1w,2.37,2.57,2.087,3.04,2.539,2.845,2.621,2.462,2.879,2.848,1.934,2.896,3.006,2.602,2.442,2.838,2.967,3.725,2.634,2.106,2.887,2.134,2.725,2.843,2.559,2.689,2.203,1.914,2.598,2.426,2.615,2.364,2.707,2.968,3.471,2.499,2.815,3.162,2.055,2.342,2.38,1.923,2.927,2.053,1.954,2.301,3.022,2.866,2.739,2.452,2.025,2.278,2.264,2.415,2.145,2.195,2.147,2.088,2.442,2.411,2.373,2.122,2.214,3.083,2.268,1.569,2.003,2.486,2.16,2.858,2.368,2.454,2.532,2.667,2.48395,2.425,2.792,2.089,2.888,2.385,2.823,2.408,2.473,3.061,2.863,1.844,2.898,2.765,2.704,2.387,2.729,3.642,3.503,2.621,2.15,3.031,1.967,2.707,2.879,2.528,2.72,2.244,2.116,2.833,2.37,2.613,2.607,2.419,2.988,2.317,2.748,2.871,2.833,2.326,2.145,2.531,2.109,2.804,1.959,1.952,2.221,2.801,2.621,2.692,2.55,2.437,2.051,2.127,2.22,2.012,2.181,2.17,2.292,2.617,2.592,2.454,2.119,2.443,2.413,2.316,1.639,2.024,2.418,2.162,2.347,2.284,2.613,2.612,2.812,2.46489,9251.6,280.3,16674.8,68554.2,7439.2,3788.9,5209.4,1941,1310.3,1970.8,21587.6,4334.9,1703.1,1245.1,503.2,4411.5,37.5,814.1,8375,525,15615.4,67487.8,7047.4,3609.2,5136,1721.1,4508,1740.3,416.4,3925.9,22,915.3,59435,698307.812314,1043591.132766,1024138.132766,1620445.784677
sub-19_T1w,2.419,2.404,2.282,2.654,2.683,2.561,2.555,2.531,2.816,2.737,1.689,2.824,2.813,2.558,2.434,2.67,2.95,3.123,2.64,2.044,2.875,2.026,3.019,2.811,2.598,2.712,2.355,2.219,2.52,2.511,2.452,2.233,2.567,3.201,3.137,2.534,2.785,2.99,2.289,2.653,2.431,1.885,3.063,1.928,2.033,2.055,2.723,2.95,2.484,2.602,2.13,2.179,1.988,2.307,2.708,2.138,2.177,2.116,2.31,2.602,2.567,2.29,2.211,2.446,2.119,2.501,2.268,2.419,2.219,2.04,2.269,2.641,2.533,2.111,2.46139,2.086,2.598,2.252,2.357,2.412,2.459,2.49,2.576,2.806,2.37,1.929,2.718,2.769,2.61,2.348,2.567,3.229,2.91,2.75,2.416,2.861,2.167,3.35,2.618,2.526,2.645,2.287,2.077,2.503,2.328,2.204,2.737,2.385,3.113,3.186,2.615,2.689,2.987,2.33,2.395,2.487,2.114,2.76,2.198,2.021,2.383,2.833,2.69,2.614,2.566,2.257,2.162,2.033,2.232,2.261,2.169,2.18,2.221,2.567,2.76,2.363,1.956,2.125,2.49,2.305,1.924,2.111,2.59,2.37,2.928,2.296,2.385,2.488,2.757,2.44007,10379.3,452.7,15800.8,55267.7,6860.5,3513.7,4673.9,2245,989.4,1347.9,18485.6,3713.9,1441.4,1020.1,463,4306.8,167.2,539.1,6292.1,614.2,13611.6,55636.2,6405.6,3541.3,4602.9,2257.3,4051.9,1693.1,529.1,3810.3,26.1,727.4,55740,635767.186925,970525.506395,951751.506395,1358448.600449
sub-20_T1w,2.457,2.367,2.431,3.046,2.495,2.688,2.612,2.714,2.812,2.652,1.956,2.877,2.38,2.676,2.715,2.889,2.762,3.178,2.29,2.001,2.707,2.184,3.071,2.576,2.416,2.902,2.489,2.385,2.758,2.693,2.102,2.572,2.194,2.99,3.071,2.854,2.603,2.818,2.005,2.789,2.793,1.7,3,2.212,2.287,2.179,2.845,2.591,2.939,2.767,2.17,2.606,2.339,2.605,2.471,2.461,2.035,2.196,2.473,2.372,2.426,1.783,2.549,2.888,2.267,1.618,2.441,2.752,2.604,2.14,2.57,2.407,2.598,2.788,2.53383,2.412,2.749,2.163,2.868,2.255,2.37,2.601,2.631,2.725,3.103,2.119,2.764,2.88,2.989,2.516,2.677,2.953,3.324,2.559,2.248,2.796,2.327,3.143,2.444,2.712,2.582,2.286,2.334,2.685,2.456,2.442,2.012,2.428,2.89,2.799,2.659,2.733,2.887,2.344,2.737,2.735,2.004,2.688,2.27,2.052,2.22,3.18,2.715,2.663,2.837,2.256,2.366,2.197,2.299,2.556,2.287,2.255,2.344,2.591,2.354,2.434,2.252,2.235,2.712,2.359,1.442,2.177,2.449,2.453,1.922,2.474,2.728,2.654,2.242,2.48571,4738.7,275.5,18432.8,64742.4,9022.9,3684.7,6110.1,2417.7,1005.9,1520,23280.6,4158.3,1721.2,897.9,705,5140.1,42.5,435.5,5584.2,261.4,17508.5,67316,8551.3,4058.9,6271.4,2104.5,4058.8,1934.7,768.9,4781.4,31.7,529.8,67256,763226.121149,1163038.262282,1151911.262282,1713504.990706
sub-21_T1w,2.271,2.419,2.165,2.785,2.427,2.794,2.624,2.63,3.005,3.187,1.884,2.793,2.903,2.771,2.719,2.86,3.548,3.771,2.668,2.164,3.059,2.093,2.887,2.601,2.546,2.517,2.215,2.098,2.784,2.566,2.613,2.624,2.237,3.161,3.411,2.387,2.952,2.992,2.373,2.684,2.43,1.877,3.057,2.068,1.994,2.372,2.91,2.882,2.677,2.861,2.045,2.449,2.374,2.594,2.661,2.191,2.205,2.237,2.408,2.586,2.322,2.098,2.566,2.993,2.188,2.19,2.258,2.528,2.394,2.469,2.416,2.54,2.461,2.106,2.53061,2.418,2.546,2.405,3.119,2.661,2.693,2.428,2.563,2.958,3.081,1.92,2.967,2.801,2.646,2.632,2.844,3.552,3.78,2.792,2.023,2.993,2.22,3.146,2.915,2.755,2.661,2.489,2.233,2.972,2.656,2.844,2.038,2.911,3.176,3.152,2.509,2.991,3.304,2.469,2.644,2.621,2.053,3.249,1.943,2.09,2.331,2.729,2.873,2.851,2.905,2.48,2.306,2.261,2.512,2.63,2.153,2.423,2.322,2.484,2.787,2.431,1.929,2.4,2.875,2.17,1.789,2.236,2.554,2.428,2.602,2.488,2.752,2.73,2.604,2.59328,23160.4,462.1,13249,55446.6,8279,4242.7,5871.8,2051.5,1057.4,2222.4,18819.9,4228.4,1761.6,901.3,468.1,4081.7,113,939.6,20655.7,714.3,12847.3,55689,7248.6,4282.7,5903,2182.2,4309.8,1814.2,604.2,3982.7,20.3,1011.5,62824,702820.090376,1096690.834137,1049946.834137,1629745.766888
sub-22_T1w,2.283,2.814,2.562,3.021,2.867,2.886,2.682,2.686,3.028,3.003,2.099,2.92,3.058,2.545,2.696,2.906,3.172,3.663,2.675,2.505,2.986,2.003,3.071,2.711,2.814,2.816,2.507,2.58,2.995,2.59,2.714,2.466,2.937,3.372,3.297,2.708,3.016,3.221,2.334,2.435,2.902,1.992,3.427,2.265,2.147,2.264,2.722,3,2.763,2.867,2.118,2.25,2.327,2.532,2.793,2.407,2.4,2.439,2.261,2.706,2.668,2.322,2.318,2.69,2.423,1.737,2.265,2.485,2.549,2.331,2.357,2.627,2.55,2.881,2.62171,2.343,2.574,2.604,2.879,2.689,2.645,2.646,2.578,2.911,2.933,2.167,3.029,3.113,2.682,2.799,2.909,3.376,3.086,2.841,2.596,3.181,2.408,3.329,2.842,2.923,3.065,2.416,2.481,3.114,2.727,2.323,2.956,2.487,3.184,3.457,2.84,2.925,3.208,2.656,2.539,2.663,2.038,3.501,2.394,2.149,2.287,2.897,2.745,2.671,2.904,2.315,2.203,2.229,2.361,2.66,2.402,2.175,2.353,2.34,2.76,2.617,2.355,2.138,2.558,2.482,1.549,2.259,2.509,2.653,2.48,2.402,2.669,2.676,2.576,2.63438,4253.1,255.9,17442.1,62101.7,7881.9,3663,5822.9,2179,1228.6,1431.1,21684.2,4040.2,1514.7,1048,464.8,4456.1,29.4,347.1,3191.3,138.7,15347.5,61017.5,7832.4,3519.6,5409.1,2095,4035.7,1661.7,556,4107.8,25.6,390,60503,697716.998449,1002604.375234,994491.375234,1457617.735029
sub-24_T1w,2.253,2.564,2.483,2.773,2.594,2.587,2.545,2.586,2.916,2.866,2.151,2.673,2.816,2.665,2.494,2.67,2.964,3.658,2.641,2.339,2.973,2.205,3.271,2.59,2.848,2.708,2.565,2.273,2.967,2.705,2.524,2.31,2.208,3.158,3.313,2.612,2.944,3.023,2.066,2.252,2.508,1.869,3.243,2.061,2.077,2.375,2.625,3.041,2.491,2.425,2.473,2.4,2.069,2.36,2.523,2.268,2.075,2.256,2.335,2.872,2.643,2.015,2.057,2.435,2.528,2.09,2.232,2.33,2.54,2.216,2.373,2.524,2.466,2.173,2.53013,2.402,2.66,2.478,2.74,2.443,2.55,2.572,2.612,2.977,3.022,2.056,2.812,2.718,2.95,2.634,2.69,3.563,3.622,2.778,2.613,2.992,2.281,3.668,2.851,2.74,2.812,2.492,2.408,2.839,2.685,2.692,2.845,2.287,3.051,3.067,2.612,2.889,3.147,2.111,2.632,2.516,2.219,3.18,2.184,2.097,2.218,2.987,2.829,2.59,2.774,2.43,2.254,2.116,2.331,2.442,2.41,2.269,2.384,2.474,2.51,2.677,2.038,2.164,2.486,2.516,1.976,2.245,2.393,2.432,2.222,2.428,2.632,2.632,2.3,2.57728,7950.4,458.5,17725.5,65841.8,7751.6,4247.5,5298.6,1985,1501.4,1737,21765,4541.4,1728.9,1171.5,563.4,4680.2,20.8,482.6,5511.3,400.9,15317.7,65142.7,7727,4186.2,5372.2,1940.5,4677.8,1857.7,577.3,4375.5,10.9,393.3,62781,752934.754032,1152364.944128,1137751.944128,1684400.732851
sub-25_T1w,2.283,2.434,2.528,2.767,2.395,2.527,2.712,2.665,2.704,2.679,1.861,2.791,2.913,2.773,2.626,2.799,3.169,3.234,2.602,2.199,3.176,1.953,2.964,2.659,2.811,2.765,2.503,2.31,2.934,2.571,2.785,2.035,2.251,3.179,3.154,2.582,3.135,3.142,2.214,2.489,2.608,1.899,2.951,2.1,2.103,2.342,2.641,2.704,2.603,2.503,1.993,2.283,2.197,2.53,2.422,2.228,2.118,2.189,2.398,2.432,2.557,2.153,2.407,2.528,2.343,2.204,2.196,2.518,2.463,2.276,2.38,2.567,2.597,2.332,2.53859,2.469,2.559,2.517,2.788,2.476,2.495,2.706,2.745,3.07,2.629,1.943,2.999,3.005,2.739,2.658,2.733,3.18,3.028,2.656,2.268,3.032,2.27,3.309,2.691,2.859,2.859,2.521,2.392,2.93,2.551,2.524,2.315,2.48,3.136,2.792,2.766,2.977,3.286,2.334,2.589,2.521,2.076,3.256,2.126,2.085,2.398,2.534,2.485,2.547,2.643,2.268,2.346,2.127,2.427,2.638,2.259,2.138,2.191,2.344,2.874,2.577,2.156,2.268,2.582,2.342,1.653,2.334,2.608,2.55,2.129,2.478,2.589,2.678,2.772,2.56899,13844.2,570.2,16352.4,59628.8,8477.2,4088.1,5479.7,2353.2,1361.7,2462.6,22519.9,4165.4,1591.7,1123.7,557.7,4595,65.3,446.2,8632.2,439.4,16313.5,61218.1,8461.2,4080.9,5355.4,2122.6,4538.5,1752.8,562.9,4493.4,29.5,527.3,63981,726683.163301,1124063.467426,1099985.467426,1656240.278213
sub-26_T1w,2.288,2.448,2.517,2.771,2.683,2.538,2.456,2.451,2.835,2.7,1.881,2.982,3.001,2.798,2.596,2.747,2.824,3.407,2.681,2.222,2.805,2.019,3.269,2.656,2.809,2.828,2.348,2.395,2.98,2.553,2.361,3.358,2.774,3.167,3.599,2.614,3.021,3.14,2.73,2.41,2.554,2.069,3.399,1.981,2.139,2.155,2.913,2.769,2.631,3.06,2.088,2.293,2.188,2.507,1.949,2.175,2.263,2.143,2.349,2.595,2.636,1.946,2.306,2.649,2.345,2.065,2.234,2.361,2.28,2.434,2.213,2.645,2.5,2.217,2.53434,2.488,2.606,2.406,2.73,2.488,2.514,2.708,2.6,3.011,2.694,1.899,2.903,2.616,2.552,2.538,2.755,3.224,3.455,2.705,2.265,2.998,2.165,3.659,2.774,2.787,2.847,2.465,2.366,2.924,2.43,2.349,3.192,2.673,3.169,3.121,2.641,3.011,3.111,2.548,2.622,2.554,2.087,3.468,2.032,2.044,2.417,2.75,2.801,2.553,2.919,2.218,2.208,2.083,2.288,2.23,2.175,2.251,2.288,2.4,2.637,2.73,2.011,2.076,2.397,2.273,2,2.107,2.483,2.495,2.168,2.458,2.744,2.557,2.351,2.53772,8544.7,318.1,15127.2,57763,7036.8,4293.6,4768.7,2150,793,2168.3,20375.5,4302.9,1808.6,990.5,446.3,4096.1,86.9,387.4,8264,492.5,14405.6,58000,6516.2,4311.4,4882.8,1873.3,4209.5,1965.7,507.4,4080.5,34.6,443.3,58689,662081.492422,1000093.323449,982234.323449,1505275.412362
sub-28_T1w,2.233,2.252,2.43,2.479,2.45,2.575,2.609,2.65,2.932,2.979,1.935,2.731,3.009,2.612,2.541,2.737,3.367,3.581,2.463,2.347,2.844,2.058,3.107,2.74,2.722,2.741,2.513,2.15,2.736,2.483,2.579,2.452,2.533,2.954,3.184,2.666,2.971,3.168,2.568,2.253,2.465,1.959,3.189,1.927,2.078,2.269,2.896,2.92,2.592,2.444,2.097,2.278,2.352,2.464,2.268,2.223,2.023,2.116,2.217,2.26,2.268,2.245,2.363,2.532,2.19,1.799,2.163,2.512,2.314,2.29,2.255,2.459,2.488,2.454,2.48929,2.305,2.358,2.361,2.476,2.427,2.452,2.614,2.537,3.105,2.99,1.988,2.655,2.63,2.54,2.447,2.724,3.106,3.407,2.539,2.429,2.774,2.184,3.139,2.766,2.839,2.767,2.465,2.082,2.84,2.536,2.358,2.801,2.547,3.271,3.241,2.555,2.924,3.079,2.081,2.43,2.447,1.96,3.385,2.006,2.026,2.312,2.77,2.718,2.614,2.597,2.175,2.33,2.171,2.316,2.23,2.252,2.14,2.192,2.404,2.378,2.441,2.144,1.857,2.528,2.281,1.854,2.138,2.455,2.381,2.086,2.453,2.513,2.656,2.653,2.49087,11886.3,449,15375.4,61308.8,7737.2,3675.9,5464.8,2107.7,1976,2117,22926.5,4009.3,1766.7,866.2,584.4,4900,54.4,388.3,9913.1,514.4,13694.4,60385.8,7739.8,3843.1,5363.8,1830.4,4136.5,1842.4,502.6,4854.9,27.6,507.1,61646,738676.143526,1120705.195787,1097359.195787,1431468.358013
sub-29_T1w,2.306,2.625,2.626,2.874,2.407,2.67,2.707,2.75,3.113,2.854,1.839,3.016,3.035,2.62,2.573,2.84,2.864,3.622,2.644,2.206,2.808,1.912,3.44,2.74,2.884,2.779,2.52,2.363,3.112,2.731,2.719,2.557,2.658,3.199,3.489,2.761,2.832,3.01,2.239,2.607,2.454,1.873,3.103,2.004,2.189,2.405,3.022,2.647,2.794,2.498,2.008,2.213,2.289,2.413,2.772,2.238,1.843,2.273,2.344,2.455,2.624,2.125,2.354,2.564,2.443,1.668,2.203,2.56,2.533,2.249,2.35,2.503,2.539,2.454,2.55153,2.313,2.374,2.549,2.996,2.653,2.624,2.738,2.645,2.972,2.895,1.836,3.003,2.953,2.75,2.641,2.861,2.974,3.122,2.563,2.183,2.921,1.989,3.535,2.672,2.813,3.008,2.496,2.395,3.086,2.697,2.358,2.451,2.513,3.216,3.488,2.79,2.889,2.96,2.674,2.421,2.636,1.844,3.228,1.883,2.16,2.258,2.872,2.869,2.821,2.542,2.026,2.207,2.198,2.45,2.63,2.264,2.036,2.119,2.317,2.295,2.534,2.277,2.215,2.706,2.286,1.502,2.296,2.507,2.553,2.352,2.396,2.455,2.671,2.395,2.55086,3910.1,455.8,16726.3,64195.8,8057.7,3450.2,5251.6,2231.9,890.5,1770.6,20092.3,4133,1784,944.3,489.4,4579.6,67.9,390.6,3425.2,268.4,15278.2,64426.1,7712.5,3504.7,5279.5,1986.5,4353.7,1808,473.8,4339.3,15.5,389.7,61013,682802.622116,1006467.891531,998164.891531,1478850.020524
sub-30_T1w,2.547,2.462,2.61,2.94,2.602,2.885,2.802,2.685,3.199,2.745,2.051,2.992,3.335,3.048,2.761,3.039,3.229,3.768,2.609,2.572,2.919,2.053,3.272,2.855,2.67,2.897,2.47,2.326,3.063,2.595,2.477,2.214,2.826,3.333,3.658,3.051,2.965,3.171,2.498,2.291,2.67,2.4,3.425,2.069,2.08,2.413,3.382,2.85,2.767,2.537,2.219,2.48,2.331,2.559,2.487,2.241,2.428,2.189,2.846,2.411,2.626,2.276,2.375,2.652,2.416,1.984,2.373,2.524,2.57,2.401,2.538,2.515,2.597,3.173,2.64347,2.375,2.596,2.411,2.809,2.62,2.723,2.642,2.707,3.121,3.088,1.939,3.106,3.14,2.907,2.762,3.077,3.356,2.956,2.847,2.52,3.133,2.045,3.575,2.794,2.802,2.9,2.558,2.292,3.209,2.776,2.652,2.746,2.767,3.369,3.486,2.788,3.056,3.188,2.355,2.734,2.547,2.335,3.334,2.181,2.022,2.422,2.89,2.995,2.731,2.974,2.31,2.429,2.187,2.412,2.327,2.103,2.181,2.342,2.465,2.75,2.56,2.08,2.331,2.518,2.413,1.838,2.15,2.432,2.515,2.483,2.492,2.548,2.618,2.563,2.63515,6598.9,497.3,14850.5,54697.4,7185.5,3334.4,4593.9,2037.3,750.5,1919.9,18847.8,4306.1,1658.1,805.7,497,4115.3,48.8,608.2,5752,394.5,13084.8,54439.8,7095.9,3354.3,4870.7,1837.4,4525.8,1791.1,582.8,3980.3,122.5,462.9,57447,675309.495712,1002237.76409,988490.76409,1494742.672651
sub-31_T1w,2.503,3.091,2.688,3.074,2.599,2.518,2.442,2.63,3.135,2.567,2.149,2.944,2.995,2.776,2.594,2.843,3.654,3.933,2.999,2.567,3.158,2.293,3.066,2.691,2.826,3.024,2.55,2.607,3.043,3.005,2.482,2.102,3.103,3.56,3.888,2.874,3.04,3.556,2.473,2.522,2.92,1.932,3.539,2.026,2.264,2.544,2.751,3.212,2.834,2.831,2.554,2.397,2.244,2.381,2.676,2.457,2.437,2.487,2.749,2.715,2.806,2.07,2.569,2.595,2.573,1.727,2.424,2.559,2.547,2.354,2.609,2.693,2.767,2.458,2.7053,2.443,2.799,2.633,3.232,2.654,2.4,2.729,2.654,3.181,3.021,1.924,2.805,2.961,2.73,2.578,2.832,3.682,3.409,2.923,2.408,3.226,2.218,3.265,2.839,2.879,3.095,2.797,2.361,3.017,2.732,2.637,2.643,3.052,3.511,3.74,3.181,3.026,3.459,2.508,2.236,2.819,2.411,3.528,1.966,2.108,2.405,2.595,2.923,2.657,3.141,2.361,2.231,2.027,2.141,2.609,2.471,2.38,2.465,2.672,2.738,2.595,1.999,2.204,2.578,2.668,1.738,2.338,2.577,2.458,2.013,2.598,2.883,2.757,3.596,2.67697,7186.6,352,17043,63466,9568.3,4253.5,6354.6,2345.1,928.9,1656.8,23004.4,4899.7,2387.5,976.7,682.6,5038.6,54.4,463.4,7441.5,346.1,16646.7,61060.8,9020.8,4226.8,6101,2079.3,4968.9,2486.3,699.3,4837.1,38.2,615.5,71427,802717.903607,1262937.828421,1247112.828421,1609615.595388
sub-32_T1w,2.146,2.561,2.276,2.797,2.566,2.441,2.447,2.609,3.046,2.955,1.78,2.878,2.9,2.52,2.465,2.552,2.971,3.567,2.581,2.492,2.987,2.111,3.413,2.619,2.724,2.74,2.42,2.088,2.721,2.523,2.423,2.782,2.592,3.165,3.537,2.763,2.772,3.067,2.335,2.188,2.406,2.021,3.232,2.211,1.963,2.248,2.839,2.815,2.661,3.024,2.321,2.217,2.021,2.196,2.152,2.232,2.279,2.33,2.501,2.661,2.565,1.906,2.22,2.44,2.436,2.05,2.372,2.326,2.223,2.144,2.292,2.539,2.548,2.407,2.50477,2.382,2.75,2.255,2.438,2.474,2.378,2.568,2.495,3.086,3.435,2.028,2.727,2.53,2.633,2.497,2.651,2.694,3.327,2.72,2.235,3.028,2.263,3.567,2.674,2.834,2.828,2.515,2.129,2.757,2.662,2.497,2.602,2.862,3.192,3.473,3.03,2.752,3.07,2.287,2.348,2.587,2.145,3.332,2.119,2.031,2.231,2.601,2.916,2.608,2.949,2.4,2.304,1.979,2.215,2.356,2.232,2.336,2.352,2.521,2.688,2.557,2.118,2.193,2.327,2.274,2.053,2.226,2.44,2.205,2.335,2.379,2.61,2.658,2.696,2.53414,3993.9,229.7,21158.9,73417.3,8328.5,3885.2,5611.7,2032.9,1131.7,2461.6,26035.5,4469,2000.7,889.1,548.3,5039.7,44.1,299.1,5850.2,240.3,18939.8,74674.1,8134,3922,5771.1,2039.1,4679.6,1970,535,4861.6,21.3,399.4,64940,811479.7844,1219459.777942,1209028.777942,1754792.806705
sub-33_T1w,2.355,2.809,2.585,2.653,2.534,2.5,2.571,2.665,3.04,3.17,1.983,2.785,2.875,2.713,2.509,2.875,2.876,3.538,2.735,2.734,3.017,2.309,3.318,2.746,2.832,2.835,2.678,2.255,2.981,2.786,2.728,2.686,2.622,3.259,3.548,2.802,2.958,3.181,2.169,2.161,2.458,2.168,3.288,2.128,1.976,2.483,2.672,2.761,2.636,2.512,2.222,2.184,2.231,2.37,2.831,2.399,2.136,2.288,2.569,2.487,2.685,2.064,2.306,2.353,2.498,2.039,2.242,2.566,2.454,2.294,2.57,2.526,2.625,2.422,2.60309,2.206,3.08,2.537,2.678,2.475,2.535,2.676,2.555,2.982,3.163,2.007,2.779,3.112,2.828,2.718,2.742,2.788,3.159,2.799,2.587,2.889,2.289,3.307,2.787,2.921,2.907,2.635,2.476,2.967,2.706,2.749,2.713,2.59,3.15,3.177,2.916,3.119,2.989,2.323,2.151,2.687,2.114,3.33,2.084,2.126,2.37,3.106,2.777,2.666,2.714,2.158,2.284,2.124,2.4,2.706,2.327,2.142,2.327,2.571,2.541,2.631,2.06,2.041,2.548,2.532,1.939,2.267,2.522,2.299,2.054,2.528,2.314,2.605,2.537,2.59319,8424.1,421,15477.4,56266.3,7495,3627.2,5814.2,2006.8,1402.8,2009.1,19776.3,4462.9,1564,1013.8,596.1,4587.6,28.8,983.6,7216.5,488.1,14620.6,55814.4,7353.7,3713.4,5678.4,1820.9,4441.3,1768.8,578.2,4315.7,28.2,788.7,61237,694871.107666,1034240.147139,1016410.147139,1559668.63433
sub-34_T1w,2.252,2.48,2.196,2.61,2.517,2.521,2.47,2.493,2.783,2.647,1.789,2.596,2.52,2.577,2.404,2.611,2.962,3.353,2.432,2.194,2.861,1.867,3.214,2.523,2.884,2.733,2.364,1.992,2.733,2.361,2.289,2.044,2.356,2.972,3.134,2.721,3.042,3.074,2.153,2.119,2.315,1.606,3.295,1.803,1.974,2.159,2.748,2.749,2.423,2.778,1.908,2.208,2.134,2.267,2.404,2.157,2.087,1.962,2.289,2.336,2.64,2.123,2.312,2.493,2.163,1.651,2.183,2.278,2.387,2.219,2.261,2.649,2.584,2.474,2.4181,2.245,2.364,2.24,2.496,2.225,2.411,2.456,2.363,2.817,2.754,1.866,2.864,2.541,2.391,2.455,2.644,2.978,3.137,2.594,2.127,2.682,2.118,3.144,2.508,2.701,2.659,2.279,1.856,2.766,2.384,2.408,2.849,2.644,2.963,3.377,2.645,2.749,2.928,2.017,2.474,2.655,1.817,3.539,1.954,1.957,2.142,2.763,2.889,2.534,2.881,2.325,2.113,1.955,2.276,2.548,2.174,2.42,2.182,2.412,2.549,2.694,1.916,1.939,2.277,2.226,1.701,2.015,2.423,2.212,2.29,2.297,2.532,2.647,2.767,2.42629,10042.2,317.9,17078.3,56296.2,8408.8,3747.2,5210.3,2514.2,1132.3,2351.3,22513.3,4111.7,1819.8,1228.8,532.7,4631.1,22.3,637.5,10418,398.1,16178.5,58470.7,8029,3754,5167.1,2543.5,4295.3,1733.1,495.7,4487.8,25.2,869.3,62957,620078.275105,967852.568589,945544.568589,1458798.292998
sub-38_T1w,2.295,2.591,2.407,2.518,2.44,2.552,2.669,2.572,3.052,2.718,2.048,2.64,2.6,2.652,2.566,2.741,2.749,3.522,2.814,2.237,2.858,2.076,3.203,2.675,2.621,2.767,2.367,2.267,2.71,2.595,2.556,1.921,2.485,3.005,3.005,2.535,2.957,3.044,1.973,2.27,2.463,2.237,3.181,2.116,2.104,2.393,2.766,2.69,2.507,2.582,2.437,2.251,2.149,2.419,2.17,2.172,2.284,2.278,2.36,2.589,2.551,2.052,2.211,2.682,2.378,1.694,2.292,2.431,2.532,2.05,2.372,2.564,2.52,2.412,2.51603,2.345,2.633,2.571,2.56,2.611,2.579,2.789,2.573,3.016,2.948,1.864,2.667,2.658,2.701,2.676,2.832,3.324,3.355,2.67,2.279,2.861,2.413,3.479,2.793,2.74,2.708,2.506,2.341,2.786,2.642,2.646,2.459,2.543,2.858,3.164,2.525,2.762,2.956,2.304,2.252,2.487,2.247,3.203,2.148,2.063,2.448,2.73,2.651,2.784,2.593,2.532,2.362,2.278,2.42,2.338,2.123,2.253,2.186,2.364,2.43,2.52,2.231,2.431,2.738,2.45,1.637,2.216,2.513,2.702,2.615,2.456,2.523,2.5,2.241,2.55413,5312.1,343.5,13738.8,51578.1,7218.7,4030.4,4854,1734,968.2,1435.6,18361,3690.4,1746.2,851.1,502.2,3802.3,34.6,516.7,3977.4,375.8,12258,50715.1,7340,4071.6,5071.5,1716,4214.6,1829.2,623.1,3853.9,23.6,503,57687,669048.067863,1008172.891604,997674.891604,1461745.192338
sub-39_T1w,2.401,2.617,2.611,2.89,2.537,2.831,2.677,2.547,2.853,2.261,2.15,2.635,2.591,2.502,2.534,2.728,3.324,3.386,2.707,2.475,2.938,2.093,3.397,2.71,2.682,2.701,2.501,2.575,3.167,2.581,2.649,2.398,2.846,3.326,3.914,2.703,2.898,3.229,2.185,1.854,2.575,2.273,3.347,1.959,2.189,2.181,2.626,2.868,2.61,2.462,2.173,2.176,2.074,2.219,2.367,2.285,2.351,2.387,2.388,2.395,2.418,2.051,2.351,2.544,2.429,1.714,2.274,2.442,2.317,2.557,2.339,2.471,2.536,2.898,2.56245,2.433,2.868,2.498,2.892,2.459,2.549,2.447,2.522,2.983,2.369,1.99,2.758,2.946,2.487,2.747,2.725,3.428,2.888,2.667,2.459,3.031,2.1,3.567,2.712,2.773,2.83,2.444,2.527,3.15,2.777,2.529,1.965,2.722,3.3,3.813,2.806,2.886,3.119,2.368,2.668,2.631,2.247,3.452,1.981,2.101,2.268,3.386,2.866,2.777,2.52,2.248,2.31,2.275,2.437,2.406,2.28,2.19,2.316,2.356,2.602,2.567,2.33,2.168,2.502,2.416,1.665,2.21,2.459,2.431,2.172,2.345,2.511,2.627,3.204,2.57846,6723.6,347.9,14482,54399.2,6441.2,3506.5,4789.8,1968.8,713.6,1654.5,19882.1,4259,1546.8,808.6,483.2,3861.4,64.1,576.1,5452,481,13756.8,55422.9,6687.8,3554.3,4634.7,1736.6,4253.6,1533.9,472.8,3954.5,17.1,501.4,54980,622589.033617,930446.80964,916689.80964,1371083.151273
sub-40_T1w,2.101,2.353,2.052,2.684,2.506,2.628,2.434,2.37,2.75,2.845,1.925,2.638,2.812,2.438,2.491,2.574,2.875,3.379,2.561,2.205,2.94,2.162,3.196,2.469,2.601,2.64,2.359,2.189,3.007,2.389,2.548,2.476,2.523,3.036,3.506,2.457,2.787,3.074,2.067,2.111,2.471,1.975,3.422,2.114,2.073,2.025,2.525,2.829,2.581,2.786,2.008,2.25,2.264,2.409,2.361,2.136,2.26,2.256,2.389,2.569,2.518,2.053,2.235,2.537,2.269,1.761,2.194,2.407,2.405,2.134,2.129,2.305,2.431,2.138,2.46199,2.197,2.615,2.438,2.393,2.427,2.471,2.479,2.546,2.865,2.943,2.013,2.683,2.462,2.359,2.497,2.542,3.054,3.523,2.539,2.322,2.986,2.213,2.948,2.535,2.442,2.721,2.313,2.174,2.789,2.386,2.337,2.44,2.151,2.977,3.065,2.522,2.898,2.915,2.122,2.443,2.434,2.068,3.038,2.155,1.995,2.328,2.485,2.63,2.51,3.146,2.118,2.095,2.025,2.229,2.136,2.085,2.07,2.2,2.284,2.676,2.344,1.856,2.184,2.437,2.245,1.98,2.08,2.312,2.259,2.02,2.265,2.636,2.413,2.168,2.42813,13131.7,582.3,15632.6,61273.2,8208.9,3638.6,5837.9,2151.5,1990.5,1989.9,22169.8,4386.4,2057.7,1558.6,612.9,4712.3,41.8,603.2,18503.6,483.2,14719.5,61782.1,8304.9,3440.1,6026.4,1996.5,3979.2,1952.9,537.4,4365.4,80.6,611,63477,728207.127571,1143548.561603,1110000.561603,1774551.454002
sub-41_T1w,2.378,2.798,2.586,2.933,2.593,2.663,2.74,2.6,2.889,2.813,2.198,2.953,3.027,2.88,2.727,2.884,3.225,3.385,2.736,2.468,3.002,2.347,3.487,2.688,2.861,2.903,2.473,2.405,3.023,2.674,2.351,2.394,2.584,3.114,3.484,2.738,3.147,3.276,2.772,2.503,2.646,2.202,3.419,2.061,2.144,2.223,2.85,2.758,2.707,2.558,2.254,2.401,2.329,2.543,2.519,2.358,2.357,2.386,2.4,2.54,2.648,2.089,2.277,2.711,2.482,1.751,2.29,2.557,2.555,2.208,2.333,2.498,2.565,2.42,2.6297,2.208,2.936,2.497,2.756,2.581,2.608,2.624,2.614,2.937,2.807,2.157,2.936,3.163,2.697,2.747,2.844,3.281,2.976,2.88,2.494,2.971,2.306,3.188,2.924,2.938,2.836,2.517,2.463,3.055,2.66,2.476,2.596,2.771,3.108,3.339,2.833,3.058,3.183,2.788,2.621,2.656,2.234,3.134,2.085,2.189,2.269,2.743,2.829,2.771,2.59,2.303,2.318,2.185,2.457,2.431,2.326,2.426,2.404,2.559,2.669,2.621,2.12,2.136,2.532,2.399,1.881,2.295,2.541,2.547,2.003,2.352,2.597,2.609,2.568,2.61478,4536,269.7,16082.6,67699,8594.2,3231.7,5946.7,2012.5,960,2073.9,21340.4,3858.4,1691.1,1044.7,692.3,4744.1,25.7,519,5562.2,384.1,14301.7,67139.3,8319,3396.1,5678.5,1872.2,3821.2,1926.4,647.2,4505.3,27.9,573.3,62319,737701.102581,1127462.255294,1116167.255294,1683368.180686
sub-42_T1w,2.237,2.607,2.283,2.654,2.613,2.79,2.766,2.66,3.084,2.996,1.928,2.731,2.735,2.711,2.426,2.69,3.207,3.417,2.663,2.309,2.795,1.873,2.99,2.537,2.607,2.52,2.303,2.082,2.515,2.576,2.57,2.415,2.424,3.137,3.041,2.815,2.752,3.019,2.041,2.919,2.649,1.981,3.231,2.056,1.945,2.498,2.825,2.786,2.72,2.766,2.302,2.15,2.086,2.271,2.382,2.247,2.224,2.413,2.39,2.569,2.536,2.276,2.425,2.711,2.526,2.733,2.072,2.386,2.275,2.24,2.461,2.685,2.621,2.283,2.50242,2.49,2.618,2.283,2.715,2.55,2.484,2.764,2.477,2.922,2.519,1.853,2.659,2.688,2.659,2.447,2.544,3.151,3.483,2.698,2.531,2.937,2.231,3.356,2.789,2.823,2.643,2.336,2.058,2.711,2.474,2.421,2.289,2.413,2.887,3.227,2.665,2.966,3.018,2.201,2.653,2.773,2.039,2.985,1.985,1.911,2.292,3.175,2.891,2.854,2.781,2.425,2.02,2.154,2.052,2.538,2.259,2.136,2.252,2.54,2.736,2.698,2.397,2.371,2.579,2.418,1.539,2.129,2.296,2.372,2.707,2.543,2.621,2.568,2.411,2.50724,6976,97.1,14343.6,53926.3,6737.7,2932.5,5575.2,2053.8,749.9,1266.6,19256.8,3530.7,1585.2,850.8,459.2,3729.8,36.2,430.3,3304.2,294.8,14069.6,53422.8,6921.2,2777.4,5577.6,1722.7,3851.1,1638.5,573.4,3672.5,41.4,298.3,54911,658931.857119,981612.78541,970809.78541,1369839.845124
sub-43_T1w,2.188,2.598,2.442,2.806,2.667,2.885,2.714,2.903,2.943,3.075,1.975,3.045,2.827,2.621,2.613,2.794,3.338,3.513,2.391,2.1,2.766,2.108,3.379,2.6,2.777,2.888,2.383,2.145,2.902,2.569,2.819,2.023,2.668,3.216,3.744,2.643,2.995,3.104,2.265,2.358,2.584,1.735,3.428,1.954,1.958,2.389,2.655,2.976,2.648,2.586,2.058,2.267,2.188,2.507,2.412,2.289,1.984,2.375,2.154,2.627,2.537,2.137,2.516,2.869,2.322,2.188,2.093,2.528,2.272,2.469,2.519,2.461,2.631,2.386,2.55992,2.267,2.447,2.247,2.773,2.263,2.501,2.615,2.636,2.977,2.721,1.835,2.839,2.736,2.675,2.509,2.735,3.116,3.246,2.484,2.222,2.986,2.156,3.375,2.594,2.798,2.796,2.452,2.315,2.65,2.518,2.41,2.328,2.755,3.252,3.309,2.7,3.307,3.253,2.126,2.276,2.795,1.963,3.512,1.873,1.919,2.44,2.874,2.845,2.753,2.78,2.267,2.166,2.024,2.253,2.364,2.195,2.188,2.461,2.487,2.513,2.426,2.326,2.265,2.424,2.434,1.77,2.166,2.454,2.395,2.003,2.487,2.834,2.74,3.205,2.51297,7181.6,681.7,14131.3,58707.5,9113.7,4089.5,6310.5,2673.5,901.6,1687.2,23674,4695.1,1907.9,1172.1,608.6,5318.4,40.3,572.3,6364.3,861,14309.2,59678.9,8585.7,4146.4,6062,2307.8,4610.2,2084.9,683.9,4915.1,13.1,576.5,69558,733248.853505,1169164.014744,1153380.014744,1728399.636639
sub-44_T1w,2.387,2.902,2.365,2.881,2.632,2.653,2.521,2.526,2.983,2.793,1.935,2.878,3.049,2.707,2.523,2.701,3.12,3.494,2.744,2.49,2.829,2.207,2.915,2.679,2.702,2.832,2.618,2.314,2.733,2.634,2.368,2.356,2.885,3.347,3.553,2.718,3.032,3.221,2.161,2.427,2.679,2.14,3.394,2.237,2.165,2.251,2.928,2.831,2.677,2.821,2.583,2.266,2.215,2.29,2.461,2.267,2.295,2.349,2.567,2.721,2.62,2.206,2.235,2.467,2.6,1.984,2.333,2.454,2.234,2.39,2.417,2.577,2.644,2.644,2.57828,2.3,3.034,2.449,2.893,2.531,2.468,2.584,2.573,2.862,3.085,1.961,2.86,2.845,2.718,2.513,2.739,2.997,2.81,2.658,2.534,2.998,2.18,3.304,2.847,2.757,2.906,2.502,2.45,2.865,2.525,2.77,1.696,3.126,3.437,3.435,2.92,3.11,3.082,2.654,2.385,2.769,2.164,3.286,2.123,2.075,2.266,2.968,2.884,2.565,2.81,2.54,2.344,2.118,2.089,2.416,2.254,2.228,2.301,2.732,2.684,2.728,2.003,2.204,2.392,2.398,1.825,2.273,2.431,2.361,2.218,2.495,2.708,2.616,2.983,2.57129,5086.3,158.3,18172.8,60711.2,7877.3,3394.8,5109.5,2100.5,742.9,1664.8,23595,3945.4,2100.5,765.8,547.8,4966.5,36.1,342.3,4279.4,305.8,18013.4,61181.7,7602.7,3413,5132.5,2032.9,4354.7,2085.6,623.8,5018.8,22.2,332.9,61527,693609.42831,1067511.101694,1057606.101694,1503127.418344
sub-45_T1w,2.459,2.564,2.48,2.645,2.633,2.809,2.916,2.679,3.014,2.793,2.029,2.801,2.808,2.708,2.577,2.793,3.25,3.553,2.647,2.426,2.853,2.12,3.395,2.749,2.69,2.722,2.388,2.291,2.94,2.603,2.764,2.757,2.65,3.277,3.459,2.421,2.922,3.109,1.974,2.613,2.525,1.964,3.458,2.07,2.055,2.33,2.8,2.865,2.59,2.66,2.308,2.29,2.22,2.361,3.103,2.234,2.117,2.242,2.384,2.408,2.589,1.881,2.484,2.772,2.31,1.997,2.163,2.632,2.419,2.468,2.418,2.596,2.532,2.569,2.56557,2.336,2.47,2.433,2.808,2.587,2.776,2.752,2.715,3.022,2.921,2.134,2.87,3.075,2.643,2.697,2.829,3.451,3.601,2.772,2.407,2.871,2.27,3.534,2.94,2.795,2.758,2.514,2.429,2.95,2.507,2.586,2.464,2.52,3.4,3.063,2.829,3.101,3.207,2.543,2.082,2.64,2.064,3.437,2.258,2.024,2.217,2.794,2.922,2.715,2.828,2.207,2.303,2.291,2.365,2.333,2.217,2.357,2.417,2.433,2.722,2.64,2.092,2.728,2.768,2.382,1.891,2.258,2.47,2.354,2.855,2.402,2.585,2.723,2.589,2.61575,4409.3,404.9,16309.8,56990.7,7571,3992,5448.5,1986.6,729.1,1286,22744.1,4125.8,1551.9,624.5,638.5,4411.2,45.1,421.9,3725.1,352.2,15811.3,59137.8,7747.1,3974.5,5745,1869.3,4240.6,1659.8,612.1,4250.8,29.6,389.5,61342,681319.323921,1045697.97686,1036539.97686,1457444.969018
sub-46_T1w,2.4,2.642,2.215,2.765,2.454,2.562,2.689,2.439,3.038,2.633,1.9,2.98,3.234,2.812,2.566,2.661,2.829,3.222,2.604,2.173,2.82,2.149,2.962,2.58,2.771,2.746,2.475,2.355,2.934,2.542,2.416,2.34,2.514,3.131,3.588,2.713,2.757,2.99,2.415,2.568,2.492,2.04,3.157,2.057,2.108,2.202,2.74,2.788,2.614,2.73,1.976,2.309,2.086,2.376,2.242,2.214,2.159,2.299,2.445,2.416,2.513,2.085,2.521,2.463,2.294,1.574,2.32,2.383,2.36,2.105,2.302,2.443,2.581,2.886,2.51015,2.225,2.36,2.355,2.843,2.51,2.52,2.48,2.48,2.837,2.5,2.116,2.796,3.179,2.719,2.525,2.615,2.929,3.302,2.652,2.392,2.928,2.287,3.14,2.694,2.814,2.855,2.564,2.265,2.811,2.443,2.5,2.985,2.542,2.98,2.682,2.726,2.886,3.042,2.52,2.519,2.516,2.11,3.254,2.163,2.017,2.132,2.885,2.58,2.67,2.634,2.058,2.278,1.995,2.29,2.37,2.253,2.324,2.253,2.46,2.514,2.587,2.108,1.967,2.398,2.469,1.697,2.249,2.281,2.457,2.156,2.355,2.525,2.655,2.88,2.5149,10116.6,425.2,14974.1,60139.3,8316.7,3338.7,5533.9,2125.9,1153.9,2761,21292.6,3951.3,1666.8,1253.2,550.9,4312.5,11.5,521.2,8504.5,311.8,14599.8,61709.6,8125.5,3478.5,5533.3,1984.7,4188,1832.8,564.7,4196.2,18.2,716.6,60955,690552.677761,1049906.945396,1029604.945396,1598873.676002
sub-47_T1w,1.93,2.648,2.309,2.661,2.231,2.542,2.525,2.495,2.977,2.85,1.987,2.779,2.881,2.621,2.446,2.606,3.114,3.756,2.692,2.237,3.016,2.234,2.919,2.557,2.612,2.756,2.31,2.172,2.75,2.521,2.405,2.7,2.781,2.969,3.158,2.474,2.86,2.906,2.105,2.177,2.464,2.073,2.3,2.019,1.991,2.001,2.72,2.777,2.513,2.691,2.44,2.172,1.969,2.159,2.002,2.183,2.04,2.364,2.395,2.536,2.549,1.894,2.202,2.55,2.417,1.766,2.152,2.418,2.197,2.212,2.437,2.563,2.508,2.801,2.46693,1.852,2.779,2.301,2.86,2.362,2.42,2.422,2.427,2.916,2.776,2.014,2.746,2.847,2.517,2.419,2.579,3.175,3.382,2.601,2.299,3.091,2.271,3.276,2.652,2.478,2.69,2.252,2.169,2.734,2.447,2.509,2.432,2.684,3.021,3.089,2.567,2.748,3.034,2.358,2.281,2.462,2.037,3.05,2.075,2.012,2.136,2.506,2.703,2.5,2.962,2.617,2.199,2.018,2.056,2.21,2.044,2.211,2.247,2.45,2.56,2.706,1.921,2.064,2.406,2.361,1.752,2.12,2.408,2.056,2.023,2.243,2.498,2.466,2.548,2.45418,4065.7,556.1,12966.1,51219.3,7975.1,4112.9,5519.8,2024.7,659.6,1593.3,18774.4,4396.1,1626,750.8,637.7,4208.9,33.2,400.4,2964.4,269,12300.3,52443.6,7138.3,4011,5586.8,1961.5,4449.7,1947,693.9,4058.8,24.7,566.5,61789,661075.947485,978775.467218,970537.467218,1169194.541143
sub-48_T1w,2.282,2.584,2.394,2.673,2.377,2.572,2.623,2.596,2.84,2.747,1.975,2.83,2.835,2.46,2.47,2.647,2.971,3.477,2.806,2.435,2.978,2.04,3.212,2.651,2.796,2.77,2.368,2.271,2.79,2.608,2.745,3.06,2.625,3.044,3.407,2.498,2.836,3.257,2.121,2.471,2.539,2.144,3.164,2.009,2.156,2.194,2.855,2.923,2.673,2.764,2.288,2.204,2.079,2.271,2.282,2.244,2.138,2.248,2.27,2.575,2.512,2.191,2.395,2.436,2.249,1.89,2.314,2.513,2.455,2.106,2.367,2.476,2.528,2.541,2.52754,2.411,2.72,2.305,2.579,2.399,2.46,2.668,2.547,2.817,3.112,1.958,2.817,2.998,2.503,2.481,2.646,3.241,2.979,2.774,2.283,3.124,2.181,3.305,2.629,2.853,2.96,2.421,2.33,2.763,2.563,2.402,3.083,2.532,3.06,3.449,2.782,3.028,3.156,2.457,2.753,2.506,2.145,3.437,2.084,2.068,2.373,2.885,2.857,2.823,2.747,2.295,2.144,2.115,2.325,2.684,2.324,2.256,2.261,2.44,2.484,2.586,2.14,2.058,2.434,2.284,1.797,2.251,2.39,2.202,2.025,2.308,2.43,2.561,2.437,2.53716,4260,423.6,15781.9,59812.5,8322.9,4015.9,5350.9,2044.1,1187,1785,20589.7,4719.8,2004.7,1314.2,648.8,4719.7,52.4,368.2,5883.9,209.2,14384,61132.7,7620.3,4050,5320.7,2130.8,4917.7,2319.5,668.5,4426.4,13.7,537.3,64821,753920.343274,1183868.640855,1172784.640855,1788122.422098
sub-49_T1w,2.257,2.531,2.45,2.775,2.743,2.714,2.627,2.597,2.909,3.006,1.909,2.701,2.868,2.67,2.464,2.916,2.81,3.116,2.632,2.365,2.991,2.014,3.308,2.586,2.764,2.749,2.406,2.188,2.872,2.619,2.835,2.529,2.827,3.285,3.544,2.701,3.209,2.936,1.918,2.025,2.66,1.934,3.254,1.971,2.025,2.251,2.823,2.943,2.595,2.463,2.031,2.119,2.161,2.326,2.492,2.182,2.168,2.134,2.222,2.648,2.589,2.128,2.22,2.334,2.362,1.999,2.212,2.399,2.437,2.553,2.346,2.425,2.473,2.695,2.53057,2.411,2.681,2.416,2.706,2.444,2.49,2.77,2.601,3.078,3.049,1.894,2.86,2.649,2.624,2.661,2.807,3.136,3.36,2.665,2.432,3.219,2.027,3.448,2.682,2.696,2.936,2.455,2.024,2.916,2.53,2.49,2.64,2.815,2.993,2.876,2.653,3.085,3.267,2.399,1.877,2.44,2.14,3.248,2.175,1.956,2.295,2.812,2.736,2.621,2.631,2.401,2.229,1.987,2.307,2.411,2.111,2.133,1.899,2.509,2.759,2.596,2.141,2.363,2.229,2.418,1.819,2.237,2.26,2.457,1.825,2.51,2.703,2.478,3.069,2.5291,3915,390.8,13687.2,55680.7,7116.4,3258.5,5739.2,2182.8,914.5,2096.8,18564.6,4268.3,1547,788.1,634.8,4794.5,19,354.9,3137.3,522.3,13633.2,54194.5,6666.9,3320,5905.7,1996.1,4379.5,1707.4,599.3,4024.8,9.6,383.3,60002,635963.499411,924234.016379,916154.016379,1469573.300077
sub-50_T1w,2.346,2.828,2.451,3.093,2.545,2.719,2.567,2.636,3.243,2.705,1.943,2.709,2.799,2.588,2.579,2.717,3.856,3.745,2.842,2.315,3.029,2.193,3.104,2.731,2.746,2.759,2.387,2.304,2.891,2.594,2.452,2.398,2.859,3.258,3.402,2.703,2.993,3.05,1.937,2.442,2.609,2.053,3.42,2.153,2.216,2.317,2.705,2.931,2.796,2.737,2.358,2.314,2.161,2.262,2.95,2.373,2.286,2.466,2.508,2.61,2.744,2.376,2.381,2.634,2.46,2.251,2.317,2.454,2.485,2.241,2.546,2.738,2.586,2.888,2.59861,2.205,2.78,2.401,2.901,2.436,2.493,2.54,2.65,3.133,2.935,1.974,2.733,2.61,2.552,2.467,2.674,3.657,3.468,2.726,2.413,2.778,2.22,3.079,2.682,2.812,2.808,2.433,2.336,2.776,2.65,2.534,2.25,2.651,3.122,3.319,2.663,3.092,2.995,2.102,2.615,2.572,2.101,3.096,2.189,2.114,2.223,2.749,2.908,2.853,2.62,2.481,2.079,2.096,2.259,2.534,2.141,2.312,2.312,2.687,2.723,2.644,1.797,2.016,2.528,2.401,1.712,2.266,2.425,2.388,2.037,2.266,2.691,2.677,3.102,2.53913,4563.9,536.2,17768.3,53591.4,9288.5,4816.4,6057.7,2508.7,767.5,1742.2,23218.5,4462.3,2106.9,891.4,829.5,4765,45.4,404.5,4372,503.1,15435.5,52992,8067.6,4535.3,5987.1,2234.5,4425.3,2110.6,847.8,4742.9,51.8,512.1,69116,737142.063613,1201617.831334,1191489.831334,1680775.993947
sub-51_T1w,2.623,2.498,2.315,3.046,2.787,2.96,3.019,2.754,3.11,2.666,1.954,3.169,3.352,2.908,2.829,2.919,3.506,3.742,2.623,2.274,2.981,2.106,3.328,2.815,2.866,2.896,2.62,2.233,3.074,2.769,2.528,2.656,2.843,3.549,3.844,2.781,3.124,3.222,2.828,2.497,2.501,2.071,3.569,2.082,2.158,2.473,3.169,3.012,2.823,2.913,2.049,2.392,2.311,2.429,2.878,2.435,2.261,2.158,2.554,2.827,2.503,2.17,2.496,2.828,2.481,2.04,2.295,2.572,2.58,2.656,2.474,2.717,2.87,2.432,2.704,2.567,2.831,2.372,3.131,2.615,2.732,2.745,2.76,3.079,2.806,2.062,2.898,3.04,2.592,2.699,2.875,3.47,3.455,2.723,2.415,3.084,2.404,3.593,2.895,2.983,3.037,2.66,2.409,2.993,2.948,2.417,2.424,2.695,3.366,3.412,2.595,3.134,3.234,2.323,2.705,2.74,2.026,3.429,2.129,2.097,2.328,2.892,2.793,2.736,2.704,2.233,2.215,2.199,2.463,2.339,2.388,2.127,2.395,2.438,2.601,2.749,2.265,2.269,2.815,2.416,2.213,2.352,2.535,2.502,2.043,2.55,2.549,2.768,2.414,2.67065,6671.3,269,16598.2,68345.3,8617.4,4069,6418.7,2305.5,704.7,2205,23367.8,4591.8,1663.6,1037.7,597.5,4590.2,46,535.3,5754,446.3,15246.2,69298.2,8870.7,3993.6,6399.2,2246.4,4602.2,1937.7,687.6,4456.5,12.8,495.4,67496,723952.973313,1024070.332372,1010523.332372,1563253.533097
sub-52_T1w,2.273,2.723,2.647,2.635,2.646,2.745,2.802,2.817,3.129,3.103,1.891,2.966,2.851,2.658,2.802,2.901,3.579,3.413,2.745,2.168,2.774,2.179,3.611,2.732,2.94,2.759,2.398,2.467,2.97,2.719,2.96,2.667,2.5,3.134,3.676,2.814,3.097,3.17,2.354,2.593,2.783,1.804,3.239,1.937,2.04,2.457,3.068,2.896,2.711,2.624,2.41,2.217,2.199,2.381,2.406,2.284,2.043,2.468,2.411,2.599,2.647,2.116,2.655,2.691,2.453,1.991,2.417,2.509,2.418,2.433,2.465,2.627,2.655,2.246,2.61375,2.407,3.028,2.403,2.864,2.45,2.481,2.603,2.856,3.128,3.145,1.893,2.932,3.086,2.771,2.795,2.714,3.351,3.523,2.712,2.243,2.939,2.204,3.606,2.926,2.848,2.906,2.51,2.255,3.073,2.709,2.975,2.134,2.496,3.193,3.077,2.498,3.055,3.139,2.365,2.595,2.469,2.121,3.682,1.991,2.13,2.417,3.105,2.817,2.921,2.618,2.31,2.285,1.991,2.303,2.314,2.327,2.258,2.5,2.552,2.699,2.549,2.069,2.29,2.685,2.428,2.146,2.252,2.575,2.434,2.702,2.48,2.646,2.608,2.458,2.59586,8392.5,318.4,15279,55070.7,8575,3557.6,5851.3,1931.9,1255.7,1347.4,20602.1,4632.3,1884.5,1003.6,520.5,4278.1,28.2,364.3,9252.2,410.1,14157.4,55911.7,7903.1,3641.4,6035,1844.7,4507.1,1988.6,726.2,4055.3,29.4,628.4,63362,741798.769576,1139247.97911,1120326.97911,1702019.843877
sub-53_T1w,2.376,2.759,2.422,2.864,2.662,2.779,2.573,2.552,2.892,2.478,2.072,2.994,3.272,2.722,2.673,2.748,3.003,3.651,2.796,2.357,2.992,2.01,3.237,2.776,2.816,2.899,2.421,2.421,2.932,2.604,2.619,1.99,2.78,3.345,3.752,2.824,2.79,3.268,2.377,2.488,2.546,2.224,3.399,1.965,2.096,2.278,2.872,2.959,2.652,2.546,2.159,2.312,2.308,2.392,2.32,2.269,2.234,2.343,2.459,2.388,2.515,2.42,2.074,2.65,2.471,1.636,2.258,2.44,2.492,2.059,2.444,2.568,2.69,2.751,2.59605,2.299,2.772,2.338,2.834,2.587,2.54,2.559,2.47,2.969,2.574,2.083,2.769,2.93,2.711,2.602,2.838,3.727,3.405,2.632,2.52,2.883,2.032,3.275,2.757,2.747,2.856,2.508,2.425,2.852,2.568,2.794,2.813,2.693,3.354,3.767,2.908,2.86,3.095,2.26,2.471,2.496,2.211,3.47,1.977,2.033,2.297,2.944,2.563,2.642,2.766,2.602,2.153,2.154,2.249,2.224,2.254,2.183,2.476,2.364,2.448,2.487,2.314,2.179,2.631,2.423,2.043,2.084,2.338,2.163,2.217,2.317,2.537,2.548,2.629,2.55279,4665.8,428.1,15939.4,59595,7942.3,4053.6,5110.8,2274.5,837.1,1778.4,22161.4,4061.6,1629,1152.6,422.6,4135.2,48.9,515.5,4865.6,319.7,15633.2,61275.3,7800,4066.3,5149.8,1989.9,4198.6,1803.4,537.9,4124,17.4,580.3,60735,682324.510764,1039414.16629,1028643.16629,1601283.227198
sub-54_T1w,2.444,2.633,2.233,2.845,2.564,2.813,2.607,2.649,3.013,2.781,1.968,2.871,3.011,2.965,2.631,2.801,3.093,3.432,2.801,2.478,2.902,2.103,3.195,2.866,2.78,2.868,2.46,2.296,2.925,2.652,2.542,2.571,2.482,3.392,3.7,2.711,3.018,3.214,2.36,2.683,2.539,2.206,3.326,2.007,2.024,2.347,2.837,2.848,2.697,2.846,2.32,2.269,2.371,2.32,2.437,2.216,2.112,2.305,2.632,2.568,2.513,2.166,2.354,2.683,2.409,1.93,2.261,2.47,2.396,2.385,2.396,2.778,2.657,2.416,2.60655,2.509,3.002,2.306,2.938,2.429,2.519,2.828,2.615,2.999,3.077,1.775,3.044,3.022,2.785,2.506,2.712,3.551,3.207,2.724,2.501,2.935,1.91,2.971,2.786,2.697,2.98,2.304,2.143,2.821,2.636,2.586,2.253,2.678,3.279,3.417,2.896,2.77,3.16,2.574,2.649,2.62,2.169,3.386,2.028,1.977,2.241,3.005,2.872,2.828,2.668,2.239,2.366,2.261,2.439,2.394,2.199,2.277,2.349,2.378,2.615,2.562,2.162,2.26,2.901,2.282,2.205,2.206,2.473,2.41,2.261,2.384,2.673,2.715,3.121,2.58402,5111.4,156.3,16749.2,62673.6,7404.5,3660.4,5328.7,1860,872.4,1706.6,20475.4,4604.3,1696.8,784.7,594,4056.2,36.8,300.6,4145.8,360.4,16985.1,61833.1,6709.2,3856.3,5484.3,1856.1,4423.6,1687.6,620.9,3838.3,19.1,362.8,58837,703444.956993,1030197.185747,1020379.185747,1460090.46832
sub-55_T1w,2.518,2.655,2.51,2.846,2.574,2.501,2.509,2.602,3.033,2.86,1.773,3.002,3.003,2.802,2.64,2.788,3.504,3.581,2.646,2.35,2.986,2.048,3.22,2.759,2.867,2.83,2.479,2.22,2.809,2.486,2.614,2.812,2.611,3.381,3.732,2.919,2.968,3.311,2.331,2.426,2.747,1.859,3.263,2.25,2.157,2.284,2.938,3.104,2.76,2.797,2.395,2.311,2.182,2.393,2.773,2.321,2.098,2.221,2.738,2.725,2.517,2.134,2.317,2.562,2.525,2.196,2.194,2.368,2.422,2.237,2.404,2.568,2.609,2.396,2.59961,2.489,2.889,2.415,3.006,2.559,2.553,2.569,2.619,2.913,3.075,1.957,2.888,3.063,2.773,2.642,2.744,3.169,2.981,2.687,2.47,2.998,2.315,3.396,2.767,2.806,2.848,2.463,2.241,2.829,2.65,2.535,3.417,2.982,3.266,3.755,2.822,2.958,3.232,2.339,2.536,2.674,2.008,3.037,2.245,2.097,2.264,3.286,3.323,2.801,2.963,2.263,2.345,2.23,2.285,2.513,2.225,2.132,2.234,2.329,2.843,2.65,2.209,2.385,2.541,2.443,2.231,2.041,2.436,2.311,2.563,2.439,2.608,2.715,2.426,2.60272,18387.6,848.7,17094.5,68926.9,8730.7,3964.7,5458.3,2151.6,1475.3,2168.4,23534,4685.4,2066.2,1128.5,503.4,4992.1,5.5,567.1,14292.1,645.3,16109.6,69399.6,7974.4,4141.6,5897.5,2058.7,4800.9,2396.9,640.2,4883.5,24.7,825.3,66531,867931.328464,1329537.881287,1294256.881287,1935067.38693
sub-56_T1w,2.429,2.621,2.603,2.916,2.706,2.67,2.605,2.689,3.06,2.81,2.16,3.05,3.008,2.844,2.695,2.881,3.152,3.814,2.744,2.304,3.038,2.232,3.362,2.679,2.853,2.917,2.481,2.292,2.993,2.733,2.583,2.76,3.149,3.486,3.93,2.71,3.051,3.27,2.394,2.256,2.686,2.222,3.527,2.148,2.379,2.433,3.124,3.003,2.835,2.578,2.162,2.397,2.312,2.483,2.679,2.317,2.228,2.295,2.49,2.541,2.633,1.981,2.197,2.523,2.309,1.64,2.313,2.484,2.372,2.317,2.448,2.642,2.695,2.749,2.65213,2.305,2.734,2.64,2.723,2.544,2.596,2.887,2.619,3.182,2.838,2.077,2.953,2.934,2.737,2.658,2.792,3.281,3.424,2.713,2.442,3.136,2.29,3.056,2.868,2.843,2.862,2.427,2.21,3.022,2.633,2.727,3.041,2.977,3.22,3.599,2.849,3.044,3.23,2.337,2.318,2.606,2.232,3.529,2.304,2.193,2.288,3.017,3.061,2.743,2.74,2.17,2.337,2.241,2.33,2.23,2.259,2.159,2.234,2.455,2.57,2.647,2.337,2.448,2.505,2.372,1.501,2.299,2.478,2.442,2.008,2.29,2.479,2.642,2.497,2.6142,6454,574.4,16244.7,63168,8668,4112.5,5473.9,2214.9,1146.1,1350.1,23232.6,4853.5,2162.3,1130.7,506.1,4673.5,55.4,508.6,7695,391.6,16045.3,64614.1,8479.3,4113.6,5553.2,2160.1,5207.3,2301.2,599.2,4641.5,31.4,448.8,67344,866841.448823,1288367.169292,1272734.169292,1860830.120409
sub-57_T1w,2.41,2.646,2.556,2.792,2.795,2.736,2.761,2.507,2.991,3.008,2.064,2.826,2.969,2.607,2.477,2.786,3.283,3.616,2.772,2.455,2.967,2.233,3.468,2.722,2.929,2.634,2.438,2.366,2.904,2.632,2.651,2.603,2.666,3.229,3.464,2.591,3.066,3.134,2.24,2.2,2.498,2.008,3.204,2.225,2.1,2.275,2.674,2.885,2.565,2.489,2.099,2.227,2.039,2.275,2.254,2.344,2.319,2.376,2.318,2.713,2.713,2.083,2.543,2.758,2.293,1.646,2.235,2.559,2.417,2.574,2.375,2.59,2.55,2.408,2.5777,2.658,2.942,2.431,2.855,2.578,2.55,2.669,2.713,2.885,2.906,2.202,2.816,3.144,2.889,2.642,2.751,3.328,3.345,2.778,2.522,2.953,2.289,3.425,2.804,2.749,2.751,2.476,2.284,2.941,2.744,2.48,2.373,2.449,3.189,3.061,2.685,3.334,3.045,2.656,2.316,2.576,2.111,3.308,2.226,2.109,2.314,2.682,2.558,2.629,2.649,2.472,2.183,2.218,2.355,2.176,2.296,2.23,2.382,2.44,2.791,2.639,2.394,2.093,2.528,2.515,1.705,2.141,2.533,2.409,2.555,2.39,2.502,2.589,2.466,2.58423,5560.7,427.1,15097.3,58071.9,7423.5,3894.6,5611,2145.8,1061.7,1999.3,19607.2,4196.5,1446.5,1056.4,474.2,4176.3,13.9,636.1,5741,401.6,14473.8,60064.6,7079.9,3977.5,5550,1951.9,4170.2,1634.3,523.9,4012.5,12.6,602.9,59580,675809.687668,983892.458926,970943.458926,1451904.201482
sub-58_T1w,2.154,2.662,2.489,2.837,2.377,2.617,2.694,2.819,3.04,3.088,1.974,2.919,3.099,2.758,2.536,2.757,3.038,3.701,2.754,2.417,2.945,1.857,3.536,2.747,2.895,3.035,2.576,2.447,3.063,2.618,2.427,2.197,2.739,3.104,3.522,3.063,3.22,3.404,2.36,2.723,2.546,2.068,3.383,1.719,2.14,2.419,3.016,3.132,2.626,2.773,2.03,2.247,2.147,2.24,2.625,2.411,2.407,2.544,2.289,2.843,2.67,1.99,2.377,2.578,2.163,2.034,2.369,2.583,2.558,2.234,2.372,2.725,2.655,2.829,2.61098,2.324,2.718,2.449,2.685,2.612,2.487,2.751,2.639,2.78,2.951,1.847,2.903,2.889,2.769,2.577,2.753,2.838,3.739,2.856,2.502,2.968,2.001,3.545,2.778,2.766,2.866,2.503,2.444,3.025,2.562,2.532,1.598,2.523,3.148,3.305,2.727,3.241,3.265,2.046,2.474,2.635,2.022,3.376,1.894,2.145,2.382,3.02,2.756,2.686,2.696,2.348,2.292,2.138,2.204,2.346,2.366,2.344,2.476,2.517,2.942,2.702,1.909,2.09,2.452,2.281,1.75,2.411,2.529,2.572,2.506,2.415,2.609,2.646,2.641,2.57811,3447.2,524.7,17351.7,58413.6,7785.7,3942,5540.5,2089.6,935.7,1232.4,21337,4622.5,1533.6,850.2,796.6,4910.6,50.4,232.2,3680.8,331.4,16332.4,58919.4,7847.4,4097.8,5220.2,1903.7,4216.1,1774.7,783.2,4328.4,7.5,280.9,62867,727176.370624,1052546.86468,1044508.86468,1512343.004028
sub-59_T1w,2.591,2.615,2.439,2.738,2.741,2.717,2.628,2.65,2.888,2.395,1.988,2.81,3.101,2.751,2.582,2.737,3.559,3.666,2.699,2.298,3.057,2.132,2.797,2.604,2.776,2.856,2.539,2.291,2.818,2.648,2.801,1.958,2.499,3.279,3.49,2.519,3.011,3.186,2.247,2.673,2.531,2.008,3.282,2.098,1.962,2.393,3.023,2.967,2.724,3.118,2.47,2.274,2.378,2.402,2.687,2.354,2.258,2.336,2.388,2.585,2.599,2.194,2.343,2.481,2.51,1.698,2.218,2.489,2.429,2.363,2.537,2.503,2.581,2.402,2.58266,2.402,2.827,2.285,2.873,2.415,2.573,2.642,2.544,2.964,2.515,1.961,2.831,2.909,2.724,2.6,2.663,3.697,3.263,2.609,2.495,3.236,2.273,3.22,2.808,2.854,2.742,2.497,2.046,2.667,2.699,2.675,1.971,2.497,3.111,3.121,2.736,2.794,3.101,2.37,2.277,2.575,2.194,3.373,2.204,1.989,2.34,3.078,2.886,2.66,2.517,2.355,2.249,2.281,2.33,2.32,2.249,2.467,2.256,2.44,2.535,2.545,1.957,2.137,2.496,2.423,1.607,2.154,2.5,2.247,2.121,2.45,2.558,2.539,2.703,2.53848,7999.7,275.7,12658.5,56292,6903.9,3336.6,5409.9,1848,1120.8,2082.3,17191.5,4050.4,1236.4,1010.3,550.1,3678.6,14.3,557.7,5685.8,488.7,12401.2,58617.6,6573.8,3413.8,5490.9,1565.2,4287.9,1719.3,550.8,3665.6,24.9,571.3,55347,684800.273131,967269.709488,952243.709488,1420353.172869
sub-60_T1w,2.091,2.694,2.613,2.954,2.589,2.708,2.599,2.734,3.106,2.432,1.901,3.069,2.628,2.403,2.454,2.82,2.98,3.216,2.646,2.296,2.739,2.146,3.106,2.657,2.657,2.72,2.414,2.095,2.79,2.688,2.727,2.048,2.429,3.098,3.162,2.703,2.751,2.966,2.035,2.499,2.531,1.768,3.2,1.929,1.929,2.445,3.018,2.787,2.875,2.837,2.333,2.098,2.136,2.386,2.498,2.241,2.241,2.147,2.35,2.363,2.584,1.83,2.295,2.767,2.683,1.885,2.188,2.337,2.331,2.228,2.67,2.351,2.467,2.36,2.52591,2.593,2.848,2.334,3.234,2.494,2.449,2.469,2.604,2.866,2.947,1.988,2.946,2.783,2.838,2.442,2.677,2.358,3.038,2.67,2.365,2.682,2.359,2.992,2.748,2.55,2.95,2.416,2.253,2.758,2.625,2.557,2.72,2.488,3.247,3.542,2.405,2.681,2.888,2.404,2.823,2.538,1.956,3.273,2.058,1.875,2.474,3.12,2.56,2.993,2.648,2.561,2.112,2.029,2.281,2.151,2.221,2.136,2.187,2.489,2.642,2.618,1.963,2.261,2.659,2.42,1.903,2.291,2.267,2.436,2.923,2.46,2.369,2.469,2.506,2.51376,12108.2,329.7,16192.4,55417.8,8216.4,3305.6,5263.5,2251.4,760.5,1713.3,20275.8,4697.8,1832.2,757,505.8,4162.8,16.9,420.8,10125.2,426.3,13486.6,56676.8,7788.6,3564.8,5500.8,2004.3,4510.3,2016.1,542.3,4100.8,33,541.3,62272,707846.253433,1161536.613729,1138206.613729,1711431.988736
sub-61_T1w,2.263,2.765,2.507,2.801,2.81,2.712,2.817,2.727,2.862,3.017,1.82,2.883,2.977,2.843,2.732,2.938,3.342,3.343,2.699,2.278,3.049,2.125,3.369,2.778,2.92,3.002,2.488,2.339,3.012,2.648,2.553,2.543,2.626,3.352,3.575,2.813,2.854,3.153,2.083,2.358,2.596,1.82,3.32,1.901,2.135,2.516,2.977,3.164,2.831,2.812,2.102,2.275,2.135,2.27,2.508,2.262,2.117,2.211,2.596,2.779,2.679,2.08,2.281,2.677,2.233,1.843,2.343,2.621,2.516,2.409,2.537,2.666,2.62,3.226,2.61275,2.454,2.945,2.608,2.893,2.545,2.415,2.669,2.742,3.068,3.093,2.078,2.973,3.003,2.742,2.624,3.016,3.282,3.658,2.85,2.416,3.155,2.268,3.407,2.905,2.791,2.917,2.405,2.307,2.973,2.673,2.403,2.361,2.868,3.268,3.257,2.84,2.956,3.108,2.605,2.378,2.901,2.108,3.448,1.968,2.015,2.354,3.107,3.124,2.73,2.688,2.457,2.235,2.132,2.352,2.314,2.375,2.391,2.312,2.331,2.768,2.652,2.049,2.728,2.524,2.432,2.042,2.299,2.671,2.452,2.189,2.586,2.561,2.606,3.22,2.62893,10973.8,529.4,11575.1,49243.9,6347.8,3123.4,4376.8,1905.1,1232.7,2042.1,17162.6,4110.4,1687.5,832.3,398.4,3707.1,17.8,535.1,10333.1,580.3,11556.3,48924.5,5936.6,3213,4363.8,1700.3,4048.9,1613.8,449.6,3627.9,19.4,514.4,51990,647592.677979,992020.2641,969074.2641,1517672.993605
sub-62_T1w,2.495,2.515,2.506,2.744,2.812,2.834,2.84,2.862,3.243,2.795,1.889,2.827,2.884,2.754,2.624,2.773,3.441,3.701,2.807,2.238,3.007,2.018,3.097,2.865,2.802,2.872,2.497,2.105,2.91,2.689,2.75,2.208,2.943,3.37,3.675,2.776,3.056,3.605,2.008,2.348,2.861,1.917,3.523,2.012,2.005,2.371,2.766,2.916,2.786,2.877,2.302,2.488,2.311,2.49,2.453,2.383,2.279,2.205,2.66,2.513,2.669,2.182,2.239,2.71,2.451,1.874,2.28,2.443,2.421,2.3,2.655,2.93,2.683,2.366,2.62309,2.426,2.708,2.269,2.702,2.687,2.607,2.783,2.745,3.03,2.976,2.019,2.948,2.866,2.771,2.688,2.843,3.67,3.433,2.882,2.364,3.124,2.146,3.453,2.973,3.001,2.952,2.585,2.133,3,2.68,2.559,2.04,2.851,3.402,3.502,2.814,2.948,3.419,2.407,2.426,2.778,1.944,3.551,2.066,2.057,2.374,2.905,2.853,2.765,2.729,2.157,2.3,2.289,2.471,2.321,2.365,2.201,2.441,2.585,2.648,2.716,2.308,2.039,2.563,2.576,1.539,2.14,2.587,2.479,2.69,2.646,2.633,2.665,2.842,2.62271,3768.1,547.3,16790.4,65970,7064.7,3241.5,5540.9,2360.4,1185.5,1361.6,21687.1,4125.1,1728.7,820.3,598.9,4855.5,99.8,404.7,2797.9,526.2,15052.3,67111.4,7344.1,3086.2,5333.1,1941.4,4359.5,1912.3,666,4698.8,22.5,426.2,60268,700132.651628,1058994.766422,1051227.766422,1574305.536495
sub-63_T1w,2.228,2.212,2.472,2.64,2.521,2.743,2.88,2.737,3.001,3.153,1.94,2.899,2.98,2.578,2.657,2.831,2.937,3.403,2.658,2.404,2.919,2,3.219,2.585,2.755,2.736,2.443,2.241,2.969,2.632,2.453,2.215,2.595,3.014,3.614,2.838,3.063,3.167,2.188,2.496,2.602,1.902,3.44,1.953,2.091,2.436,2.832,2.844,2.769,2.852,1.955,2.233,2.26,2.511,2.68,2.257,2.393,2.294,2.473,2.634,2.916,2.146,2.34,2.324,2.334,2.138,2.216,2.515,2.565,2.416,2.399,2.709,2.604,2.646,2.59103,2.443,2.716,2.436,2.733,2.485,2.566,2.699,2.762,2.984,3.148,2.006,2.835,2.643,2.756,2.639,2.799,3.476,3.608,2.811,2.285,3.119,2.106,3.031,2.661,2.773,2.866,2.35,1.955,2.911,2.532,2.499,2.271,2.506,2.992,3.265,2.879,2.963,2.959,2.905,2.646,2.79,2.014,3.191,1.991,2.074,2.294,2.845,2.775,2.873,2.862,2.168,2.365,2.262,2.475,2.303,2.257,2.194,2.245,2.485,2.619,2.724,2.339,2.051,2.77,2.327,1.884,2.116,2.423,2.631,2.019,2.416,2.41,2.656,2.487,2.56912,5204.5,206.5,15102.3,63331,8665.3,3958.6,5357.1,2016.9,935.9,2747.2,22948.5,4550.5,1889.5,1123.7,636.6,4929.5,0,342.9,3746.3,221.4,13377.7,64188.9,8216.6,3914.3,5669.2,1768.3,4966.6,2045.9,676.7,5110.3,21.5,312.7,65575,727009.245859,1123711.325126,1114402.325126,1576669.998108
sub-64_T1w,2.221,2.665,2.356,2.771,2.644,2.741,2.592,2.577,2.983,2.596,2.222,2.594,2.84,2.467,2.589,2.7,3.03,3.303,2.673,2.253,3.042,2.226,3.422,2.674,2.845,2.714,2.396,2.36,2.874,2.596,2.55,2.657,2.901,3.2,3.402,2.754,2.9,3.295,1.95,2.06,2.595,1.915,3.293,2.106,2.155,2.292,2.988,3.064,2.518,2.375,2.216,2.127,2.194,2.287,2.603,2.202,2.192,2.204,2.406,2.452,2.585,2.127,2.378,2.332,2.517,1.917,2.25,2.355,2.402,2.126,2.368,2.535,2.655,2.55,2.5435,2.201,2.626,2.342,2.601,2.482,2.561,2.576,2.548,2.815,3.103,2.246,2.767,2.81,2.533,2.493,2.673,2.925,3.338,2.723,2.33,3.1,2.251,3.542,2.761,2.818,2.864,2.5,2.259,2.823,2.496,2.499,1.903,2.779,3.171,3.276,2.798,2.84,2.985,2.172,2.457,2.534,1.97,3.247,2.236,2,2.235,2.787,2.858,2.607,2.757,2.25,2.261,2.146,2.43,2.571,2.165,2.335,2.24,2.401,2.604,2.507,2.164,2.136,2.475,2.471,1.932,2.262,2.41,2.423,2.316,2.494,2.561,2.569,2.64,2.5289,8165.4,314.7,13964,51911.5,7488.5,3387.6,4695.5,2012.7,970.6,1511.3,19112.8,4623.7,1831.1,935.1,527.6,4377.6,40.2,644.6,6193,635,12743.6,52327.3,7310.8,3526.2,4623.5,1937.8,4355.3,1963.2,555,4026.7,32,559.9,58813,658760.78276,1003205.321344,986995.321344,1528551.559376
sub-65_T1w,2.288,2.837,2.536,3.201,2.618,2.854,2.544,2.663,3.105,3.224,2.115,3.019,3.094,2.891,2.63,2.938,3.177,3.595,2.723,2.508,3.084,2.239,3.613,2.89,2.867,2.994,2.572,2.443,2.99,2.878,2.568,2.716,3.003,3.513,3.816,2.915,3.101,3.536,2.219,2.598,2.532,2.183,3.698,2.141,2.255,2.629,2.753,2.782,2.857,2.886,2.475,2.285,2.05,2.394,2.339,2.398,2.167,2.324,2.379,2.76,2.841,2.433,2.325,2.815,2.601,1.642,2.41,2.676,2.514,2.487,2.672,2.74,2.719,2.488,2.69706,2.737,3.015,2.397,2.945,2.71,2.779,2.728,2.653,3.412,3.417,2.01,2.98,2.712,2.893,2.762,2.965,3.212,3.679,2.732,2.582,3.221,2.269,3.744,2.966,2.942,3.047,2.635,2.263,3.001,2.865,2.581,2.729,2.945,3.514,3.666,2.829,3.288,3.33,2.398,2.474,2.714,2.251,3.676,2.217,2.21,2.446,3.283,2.697,2.793,2.831,2.592,2.334,2.213,2.384,2.867,2.32,2.166,2.406,2.503,2.779,2.662,2.099,2.311,2.731,2.527,1.776,2.318,2.671,2.525,2.463,2.696,2.924,2.641,3.306,2.70332,3413.1,133,16037,58673.8,7773.4,4087.9,5906,2177.8,717.4,1849,19802,4470.4,1824.3,735.2,613.1,4736.8,17.7,407.1,4097.5,422.2,14184.2,59601.4,7495.8,4227.4,5945.8,2073.3,4462.9,2190.5,636.8,4467.4,45.1,524.4,64562,679308.378267,985740.851917,977265.851917,1469022.424841
sub-66_T1w,2.355,2.386,2.571,2.88,2.71,2.778,2.784,2.792,3.105,2.848,2.051,2.881,2.873,2.742,2.669,2.945,3.588,3.708,2.693,2.401,3.094,2.145,3.252,2.566,2.726,2.721,2.578,2.371,3.024,2.644,2.767,2.083,2.636,3.172,3.818,2.923,3.024,3.291,2.472,2.401,2.495,2.319,3.164,2.049,2.154,2.435,2.834,3.042,2.861,2.689,2.354,2.287,2.355,2.56,3.133,2.296,2.336,2.377,2.273,2.638,2.526,2.051,2.175,2.648,2.41,1.862,2.375,2.588,2.465,2.549,2.545,2.574,2.61,2.502,2.63781,2.198,3.02,2.395,2.709,2.617,2.599,2.732,2.663,3.165,2.945,1.9,2.879,2.706,2.671,2.554,2.809,2.992,3.616,2.727,2.384,3.164,2.277,3.352,2.646,2.908,2.912,2.606,2.449,2.848,2.616,2.564,3.253,2.76,3.237,3.755,2.795,3.079,2.999,2.259,2.36,2.72,2.459,3.216,2.169,2.03,2.547,2.842,3.215,3.064,2.825,2.483,2.269,1.97,2.464,2.756,2.312,2.47,2.21,2.622,2.622,2.577,2.052,2.207,2.421,2.288,1.696,2.377,2.447,2.393,1.902,2.637,2.652,2.672,2.62,2.61599,8200.7,274.2,15273.3,64532.4,8257.2,4404.6,7352.4,2234.7,869.4,1465.8,23294.5,4953.4,2091,1011,775.1,4832.9,58.5,569.6,6552.4,277.3,14457.6,65391.1,7789.9,4522.6,7599.6,2172.9,5263.9,2305,710.3,5003,14.4,556.5,71752,818892.946793,1239647.96044,1224059.96044,1770241.682124
sub-67_T1w,2.189,2.865,2.231,2.849,2.476,2.594,2.306,2.573,3.07,2.527,1.951,2.801,2.87,2.754,2.587,2.57,3.118,3.458,2.518,2.463,2.859,2.092,2.99,2.58,2.823,2.77,2.536,2.153,2.854,2.67,2.379,2.351,2.568,3.154,3.68,2.715,2.803,2.982,2.046,2.496,2.706,1.97,3.039,2.026,2.033,2.201,2.955,3.141,2.564,2.516,2.19,2.307,2.191,2.44,2.276,2.324,2.165,2.333,2.427,2.355,2.731,1.883,2.246,2.507,2.584,1.984,2.227,2.585,2.376,2.147,2.444,2.531,2.599,2.561,2.5280300000000002,2.227,2.964,2.319,2.69,2.413,2.441,2.482,2.509,2.978,2.603,1.956,2.802,2.68,2.558,2.558,2.699,3.029,2.732,2.626,2.371,2.903,2.033,3.324,2.565,2.725,2.756,2.419,2.204,2.736,2.677,2.447,2.801,2.516,3.071,3.435,2.746,2.725,3.016,2.542,2.677,2.577,2.156,3.151,2.064,1.991,2.264,3.023,2.928,2.584,2.68,2.272,2.219,2.011,2.164,2.291,2.389,2.367,2.24,2.462,2.536,2.778,2.336,2.163,2.872,2.581,2.152,2.12,2.398,2.103,2.512,2.512,2.442,2.598,2.647,2.5158,9163.7,383.8,14944.8,53171.6,7235.2,4435.3,5147.2,2286.7,1237.8,1347.7,22113,4530.9,1825.7,1047.9,475.1,4451.1,28.7,729.6,8198,275,13683.1,54797.4,7171,4344.4,5300.4,1906,4557.4,1732,570.9,4538.2,13.9,888.1,61978,704273.965046,1091096.829462,1071850.829462,1516116.992088
sub-68_T1w,2.376,2.896,2.474,2.82,2.473,2.626,2.531,2.571,2.969,3.138,1.897,2.904,2.803,2.704,2.431,2.8,3.523,3.913,2.807,2.242,3.001,2.156,3.639,2.641,3.074,2.76,2.48,2.251,2.743,2.724,2.576,3.394,2.642,3.124,3.579,2.656,2.945,3.274,2.068,2.159,2.524,2.114,3.457,2.042,2.002,2.375,3.07,2.848,2.755,2.753,2.356,2.375,2.037,2.224,2.684,2.346,2.321,2.39,2.739,2.522,2.633,2.247,2.67,2.61,2.484,1.775,2.353,2.501,2.281,2.749,2.408,2.775,2.676,2.798,2.58966,2.599,2.769,2.312,2.816,2.357,2.619,2.63,2.684,3.025,3.285,1.961,2.626,2.908,2.624,2.512,2.701,3.444,3.685,2.805,2.596,3.076,2.165,3.698,2.664,2.91,2.907,2.588,2.186,2.847,2.748,2.807,2.695,2.685,3.125,3.514,2.632,3.044,3.23,2.83,2.337,2.388,2.116,3.639,1.827,1.985,2.298,2.883,2.83,2.858,3.006,2.371,2.127,2.015,2.291,2.218,2.281,2.303,2.394,2.453,2.685,2.671,1.807,2.375,2.628,2.476,1.57,2.192,2.353,2.219,2.155,2.619,2.609,2.664,2.994,2.57504,7175.7,219.3,14666.2,57893.3,6678.2,3332.2,5440.9,1970.9,1029.2,1957.7,19267.1,4088.2,1839.4,595.7,541.7,3982.1,46.4,353.9,5735.7,325.8,13533.2,57818.8,6877.4,3334.5,5228.2,1731.9,4182.1,1876.6,593.5,4183.5,17.3,336.6,57520,660866.907955,1009479.320345,996056.320345,1443391.067847
sub-69_T1w,2.311,2.589,2.45,2.611,2.465,2.552,2.51,2.615,2.88,2.62,1.889,2.903,2.778,2.585,2.618,2.707,2.965,3.11,2.671,2.491,2.869,2.197,3.143,2.586,2.701,2.635,2.549,2.376,3.113,2.613,2.425,2.776,2.473,3.003,3.25,2.489,2.871,3.053,2.207,2.426,2.437,1.856,3.255,2.115,2.042,2.254,2.935,2.803,2.501,2.47,2.253,2.303,2.203,2.379,2.866,2.22,2.241,2.155,2.245,2.418,2.508,2.095,2.455,2.448,2.539,1.703,2.153,2.47,2.596,2.217,2.301,2.539,2.561,2.196,2.5161,2.322,2.649,2.608,2.636,2.388,2.384,2.643,2.629,2.853,2.903,1.886,2.679,2.718,2.541,2.446,2.702,2.776,3.008,2.533,2.538,2.918,2.07,3.021,2.711,2.65,2.767,2.622,2.307,2.96,2.573,2.351,2.957,2.615,2.958,2.969,2.812,2.857,3.036,2.297,2.216,2.569,2.205,3.178,2.025,2.047,2.235,2.995,3.067,2.574,2.518,2.292,2.067,2.052,2.322,2.053,2.259,2.13,2.285,2.327,2.416,2.327,2.046,2.294,2.259,2.273,1.753,2.309,2.677,2.466,2.339,2.354,2.406,2.546,2.383,2.49318,8161,351.4,14036,56658.6,8910.1,4103.3,5608.7,2110.3,1313.7,1845.6,22736.4,4278.2,1607.3,1089,650.7,4711.2,56.4,342.9,16160.2,901.5,13023.8,58664.9,8186.1,4253.8,5567.6,1826,4235.5,1975,618.1,4601.5,111.1,331,64565,743587.880802,1161395.4136,1135641.4136,1792038.218448
sub-70_T1w,2.292,2.787,2.62,2.69,2.416,2.644,2.831,2.774,2.992,2.753,2.062,2.987,3.012,2.862,2.654,2.944,3.036,3.505,2.754,2.529,3.218,2.065,2.952,2.764,2.758,2.797,2.573,2.259,3.26,2.7,2.661,2.504,2.767,3.522,3.352,2.873,3.128,3.421,2.279,2.393,2.708,2.227,3.617,2.119,2.196,2.401,3.063,2.925,2.66,2.747,2.575,2.35,2.34,2.488,2.564,2.306,2.44,2.348,2.585,2.853,2.605,2.288,2.334,2.693,2.629,2.362,2.308,2.674,2.53,2.362,2.42,2.772,2.694,2.455,2.66528,2.38,2.828,2.752,2.768,2.44,2.601,2.661,2.714,3.096,2.999,2.01,2.898,2.896,2.815,2.623,2.841,3.172,2.871,2.872,2.534,3.086,2.279,2.983,2.748,2.907,2.876,2.459,2.287,3.097,2.738,2.569,2.959,2.735,3.263,3.252,2.638,3.429,3.307,2.245,2.496,2.475,2.321,3.689,2.133,2.142,2.119,3.026,2.835,2.796,2.82,2.692,2.338,2.235,2.333,2.481,2.309,2.356,2.466,2.784,2.778,2.581,2.25,2.137,2.6,2.374,2.048,2.111,2.517,2.239,2.676,2.482,2.843,2.751,2.499,2.63447,10643.5,297.1,15187.3,65104.7,9045.9,3663.5,3836.1,2155.3,1421.5,3414.2,22033.9,4104.8,1998.5,1255.7,534.5,4491.9,45.6,293,11156.5,491.4,14324.2,67867.2,7998.1,3879.6,5160.4,1880.8,4075.4,2096.4,582.4,4358.1,30,430.6,61267,770201.628466,1137053.468108,1114168.468108,1655725.782903
sub-72_T1w,2.442,2.516,2.475,2.774,2.594,2.636,2.779,2.839,2.953,2.804,2.093,3.088,2.838,2.743,2.712,2.832,3.171,3.445,2.631,2.24,2.873,2.232,3.288,2.689,2.917,2.771,2.458,2.318,3.075,2.478,2.343,2.303,2.599,3.116,3.581,2.659,2.744,3.215,2.305,2.31,2.724,2.069,3.296,2.066,2.264,2.398,2.831,2.735,2.663,2.386,2.122,2.416,2.219,2.431,2.715,2.27,2.173,2.331,2.203,2.483,2.459,2.257,2.218,2.709,2.303,2.293,2.315,2.595,2.513,2.341,2.619,2.652,2.577,2.507,2.59196,2.243,2.547,2.62,2.677,2.417,2.612,2.659,2.616,2.918,2.73,2,2.835,2.749,2.619,2.627,2.828,3.369,3.377,2.511,2.286,2.846,2.182,3.286,2.587,2.723,2.765,2.48,2.374,2.994,2.58,2.557,2.402,2.643,3.094,3.422,2.816,3.067,3.133,2.13,2.36,2.552,2.101,3.175,2.139,2.082,2.221,2.647,2.625,2.672,2.674,2.237,2.235,2.07,2.298,2.238,2.237,2.111,2.24,2.135,2.579,2.588,2.087,2.06,2.558,2.319,1.694,2.253,2.366,2.356,2.268,2.286,2.442,2.577,2.55,2.52691,3437.4,387,13414.4,48505.6,6777,3284.1,3984.5,1936.9,716.5,1349.9,19610,3693.4,1547.5,707.1,598,4067.8,44.8,311.4,3127.9,289.2,12455.1,48593.3,7177,3258.8,4150.7,1780.4,3906.1,1656.6,612.7,4034.2,15.1,299.9,53889,641367.022204,973941.519515,966708.519515,1442324.027021
sub-73_T1w,2.538,2.79,2.312,2.755,2.485,2.759,2.632,2.551,2.967,2.892,2.066,2.994,2.81,2.68,2.657,2.844,3.472,3.825,2.851,2.201,3.022,2.118,3.26,2.687,2.799,2.7,2.404,2.066,3.003,2.508,2.698,2.394,2.432,3.346,3.603,2.447,2.911,3.475,2.261,2.221,2.407,1.971,3.431,2.012,1.983,2.076,2.758,2.926,2.758,2.905,2.246,2.263,2.199,2.425,2.177,2.251,2.179,2.289,2.368,2.625,2.579,2.134,2.465,2.655,2.254,1.64,2.22,2.545,2.357,2.776,2.283,2.664,2.592,2.355,2.5615,2.254,2.533,2.245,2.99,2.56,2.486,2.699,2.661,3.097,3.077,2.024,3.288,3.268,2.719,2.585,2.79,3.085,3.191,2.994,2.259,2.935,2.269,3.23,2.831,2.72,2.764,2.467,2.101,2.825,2.594,2.44,2.015,2.714,3.126,3.548,2.614,3.253,3.219,2.433,2.661,2.473,1.916,3.389,2.218,1.961,2.251,3.06,3.067,2.955,2.597,2.207,2.153,2.024,2.238,2.855,2.228,2.257,2.404,2.673,2.665,2.754,2.094,2.211,2.56,2.474,1.719,2.221,2.529,2.377,2.082,2.39,2.931,2.564,2.763,2.55915,7501.6,460.8,15939,56451.1,7869.8,3855.6,5018.5,2208.7,1105.9,2479.7,19854.5,4272.5,2023.3,1154.8,502.7,4156.2,27.8,657,6197,165.5,14982.9,57541.2,8467.2,3915.2,5119.8,1834.4,4489.2,1899.6,667.6,4018.3,15.3,574.5,61814,714058.98294,1085088.532884,1070125.532884,1631777.338028
sub-74_T1w,2.325,2.803,2.368,2.903,2.819,2.684,2.675,2.755,3.106,2.214,2.115,2.939,3.103,2.738,2.778,2.826,2.704,2.882,2.674,2.562,2.837,2.158,3.177,2.888,2.916,2.782,2.618,2.403,2.936,2.649,2.836,2.663,2.556,3.322,3.235,2.96,2.645,3.284,2.352,2.735,2.778,2.511,2.989,2.027,2.135,2.296,2.58,2.705,2.672,2.468,2.373,2.197,2.306,2.468,2.183,2.324,2.344,2.295,2.648,2.633,2.642,2.101,2.671,2.511,2.658,2.212,2.471,2.511,2.53,3.169,2.484,2.48,2.587,2.722,2.6235,2.521,2.614,2.552,2.791,2.996,2.6,2.618,2.705,2.986,2.452,2.124,2.547,3.076,2.996,2.626,2.902,2.614,2.709,2.709,2.487,2.973,2.315,2.873,2.81,2.854,3.203,2.578,2.472,2.921,2.593,2.601,2.614,2.739,3.008,2.846,3.115,2.628,3.127,2.852,2.446,2.577,2.145,3.042,2.304,2.076,2.466,2.82,2.919,2.725,2.725,2.449,2.138,2.265,2.21,2.71,2.292,2.409,2.196,2.386,2.6,2.671,2.172,2.001,2.569,2.492,2.005,2.377,2.495,2.624,3.057,2.535,2.409,2.59,2.649,2.59365,2581,218.9,16718.5,56333.7,6993,3064.8,3204.4,3115.5,549.3,1233.1,21195.4,4117.8,1804.4,839.9,384.9,4418.6,17.3,353.5,2210.7,148.2,14874,58469.8,7195.2,3212.7,3154.8,3083.5,4305.1,1768.7,414.9,3988.6,5.9,335.5,56326,643419.763984,957082.208519,951692.208519,1429588.358418
sub-75_T1w,2.227,2.881,2.406,2.794,2.642,2.92,2.732,2.604,2.695,2.71,2.23,2.824,2.845,2.734,2.52,2.821,3.173,3.349,2.787,2.421,3.221,2.109,2.806,2.854,2.705,2.792,2.377,2.49,2.83,2.668,2.466,1.687,2.918,3.358,3.623,2.816,3.286,3.094,2.529,2.406,2.551,2.159,3.134,2.19,2.049,2.222,2.61,2.839,2.542,2.78,2.243,2.117,2.123,2.344,2.461,2.171,2.345,2.335,2.489,2.844,2.467,2.166,2.269,2.733,2.446,1.873,2.25,2.399,2.405,2.553,2.498,2.637,2.532,2.993,2.5833,2.186,2.891,2.481,2.8,2.572,2.607,2.771,2.629,3.143,2.455,2.125,2.845,2.913,2.629,2.665,2.842,3.358,3.137,2.794,2.433,3.177,2.162,3.246,3.075,2.75,2.786,2.422,2.422,2.867,2.655,2.366,1.995,2.949,3.449,3.447,2.836,3.247,3.012,2.19,2.31,2.606,2.237,3.053,2.058,1.931,2.36,2.712,2.741,2.487,2.7,2.351,2.13,2.2,2.331,2.406,2.223,2.401,2.454,2.489,2.656,2.584,2.241,2.449,2.826,2.526,2.138,2.049,2.399,2.404,2.886,2.566,2.667,2.578,2.842,2.58799,6784.9,341.3,11886.7,51696.1,6330.8,2920.8,4387,1741.2,997.3,2011,15255.9,3778.3,1633.7,796.5,436.3,3741.5,24.3,381.1,8303.9,527.2,10660.5,50566.7,6293.4,3093.3,4493.4,1560.8,3883.4,1605.1,496.3,3535.1,31.6,415.4,51535,642054.232073,935523.637322,919225.637322,1349582.064341
sub-76_T1w,2.296,2.74,2.345,2.96,2.556,2.735,2.538,2.524,2.926,2.826,1.943,2.856,2.842,2.658,2.629,2.748,3.341,3.665,2.885,2.35,2.997,2.173,3.258,2.702,2.947,2.895,2.483,2.519,2.956,2.575,2.519,1.992,2.77,3.345,3.852,2.75,3.2,3.238,2.271,2.165,2.527,2.297,3.553,2.189,2.062,2.365,2.803,3.291,2.758,2.884,2.529,2.325,2.326,2.323,2.221,2.235,2.504,2.352,2.363,2.648,2.588,2.145,2.481,2.404,2.527,1.753,2.382,2.573,2.332,2.302,2.33,2.667,2.742,2.506,2.61752,2.462,2.82,2.284,2.834,2.605,2.571,2.544,2.595,2.907,3.022,2.113,3.159,2.943,2.583,2.63,2.767,3.38,3.088,2.891,2.516,3.079,2.283,3.283,2.746,2.712,2.896,2.462,2.379,2.846,2.695,2.552,2.848,2.568,3.149,3.364,2.646,3.178,3.023,2.338,2.938,2.596,2.356,3.201,2.299,1.973,2.245,2.684,2.94,2.795,2.918,2.472,2.363,2.055,2.266,2.356,2.236,2.387,2.146,2.576,2.799,2.645,2.235,2.154,2.654,2.5,1.743,2.163,2.565,2.315,2.153,2.377,2.886,2.607,2.846,2.59642,5144.8,630.7,17068.2,57935.8,8138.2,3889.8,5088.1,2158.1,1096.1,1235.8,20416,4442.8,2034.8,1152.2,551.5,4419.6,35.6,372.1,5575.4,479.9,15213.6,59040.2,7424.9,3861.6,5000.2,2075,4420.5,2184.8,623.8,4350.4,27.1,538.6,61974,764488.102801,1169518.917014,1157388.917014,1704383.247759
sub-77_T1w,2.549,2.931,2.27,2.933,2.773,2.879,2.563,2.758,3.198,2.952,1.891,3.224,2.951,2.701,2.534,2.851,3.22,3.835,2.743,2.27,3.169,2.169,3.523,2.856,2.797,2.938,2.499,2.316,2.987,2.965,2.829,2.799,2.641,3.296,3.852,2.752,3.009,3.376,2.348,2.489,2.533,2.24,3.65,2.018,2.065,2.296,2.706,3.01,2.734,2.736,2.42,2.284,2.116,2.387,2.646,2.388,2.335,2.345,2.519,2.669,2.79,2.148,2.451,2.818,2.565,1.919,2.255,2.273,2.537,2.391,2.747,2.663,2.67,2.892,2.65192,2.582,2.925,2.377,2.985,2.731,2.609,2.646,2.734,3.348,3.41,2.055,2.764,2.756,2.922,2.629,2.845,3.678,3.275,2.958,2.232,3.094,2.17,3.55,2.946,2.898,2.826,2.502,2.277,3.067,2.77,2.804,2.603,2.65,3.338,3.66,2.821,3.15,3.157,2.253,2.917,2.639,2.106,3.434,2.107,2.143,2.309,2.971,2.778,2.706,2.834,2.501,2.232,2.346,2.409,2.543,2.339,2.228,2.508,2.472,3.05,2.795,2.068,2.366,2.56,2.463,2.263,2.201,2.41,2.346,2.39,2.655,2.673,2.709,3.026,2.64896,4245.3,295.2,16832.6,62143.2,7964.2,4148.2,5285.5,2471.8,921.9,1564.3,24331.1,4790.4,1980.4,786.2,565.4,4939,29.2,279.2,5818.9,470,15887.6,63142.9,8227.6,4429.9,5329.9,2175.9,4730,2077.1,547.3,4765.2,13.3,358.6,66011,737239.980218,1106422.643829,1095758.643829,1632892.098294
sub-78_T1w,2.426,2.547,2.681,2.83,3.013,2.681,2.666,2.634,2.993,2.664,1.905,2.821,2.973,2.768,2.527,2.951,2.839,3.296,2.639,2.362,2.851,2.134,2.729,2.702,2.908,2.706,2.652,2.389,2.989,2.717,2.528,2.328,2.443,3.205,3.051,2.494,2.596,3.01,2.15,2.459,2.46,2.11,2.687,2.031,2.044,2.456,2.93,2.701,2.82,2.953,2.371,2.147,2.11,2.222,2.164,2.433,2.103,2.385,2.585,2.609,2.542,1.846,2.338,2.443,2.384,1.99,2.396,2.479,2.427,2.282,2.355,2.549,2.553,2.455,2.55232,2.303,2.746,2.485,2.955,2.539,2.545,2.531,2.595,2.967,2.872,1.703,2.806,3.441,3.031,2.661,2.84,3.087,3.233,2.753,2.327,3.029,2.043,3.309,2.665,2.867,2.809,2.648,2.349,3.003,2.705,2.492,2.258,2.393,3.003,2.667,2.809,2.733,2.928,2.415,2.789,2.439,2.126,2.973,2.02,2.044,2.384,3.088,2.571,2.65,2.712,2.555,2.25,2.022,2.202,2.369,2.291,2.347,2.427,2.53,2.542,2.629,2.226,2.367,2.252,2.356,1.907,2.378,2.39,2.575,2.485,2.587,2.463,2.521,2.481,2.5454,2912.9,281,14851.8,57684,6892.4,3318.4,4552.3,2140.9,749.1,1405.7,20629,3925.6,1617.4,681.7,326.2,4609.7,6.9,242.5,2680.5,190.9,14899,55366,6806.2,3316.3,4910.2,2078.4,3966.4,1514.7,395,3998.1,15.4,234.9,55616,644892.730898,960790.417779,954878.417779,1415490.035852
sub-79_T1w,2.366,2.696,2.287,2.839,2.583,2.811,2.702,2.633,2.991,2.194,2.066,2.941,3.179,2.697,2.619,2.741,3.506,3.177,2.831,2.267,2.971,2.249,3.204,2.617,2.89,2.744,2.456,2.341,2.91,2.732,2.495,2.819,2.768,3.365,3.528,2.837,2.814,3.222,2.279,2.225,2.63,2.101,3.208,2.058,1.968,2.329,2.765,2.699,2.609,2.916,2.377,2.236,2.127,2.288,2.281,2.355,2.452,2.427,2.514,2.727,2.544,2.146,2.429,2.716,2.611,1.569,2.217,2.543,2.494,2.48,2.522,2.407,2.67,2.644,2.58537,2.167,2.75,2.398,2.862,2.435,2.437,2.349,2.569,2.681,2.288,1.989,2.726,2.695,2.816,2.486,2.673,2.838,3.254,2.77,2.426,2.914,2.222,3.337,2.53,2.778,2.819,2.637,2.208,2.86,2.624,2.494,2.471,2.836,3.111,3.564,2.648,2.872,3.021,2.17,2.32,2.62,2.011,3.23,2.097,1.965,2.402,2.473,2.823,2.601,2.754,2.375,2.091,1.977,2.15,2.461,2.267,2.438,2.29,2.36,2.722,2.632,2.299,2.054,2.291,2.583,1.841,2.248,2.254,2.363,2.346,2.494,2.349,2.731,2.831,2.51616,3412.5,191.8,19735.4,63320.6,9271.1,4344.4,6424.3,2514.9,774.9,2719.2,26864.5,4822.2,2168,756.5,592.9,5393.7,43.1,366.5,3818,230.9,18498.5,63961.8,8881.9,4681.9,6359.4,2296.1,4908,2076.6,700.1,5254.1,29.2,370.5,72262,777881.631389,1263949.509268,1256507.509268,1769775.248013
sub-80_T1w,2.308,2.793,2.297,2.787,2.537,2.748,2.576,2.656,2.875,2.387,1.89,2.878,2.71,2.73,2.521,2.76,3.491,3.657,2.67,2.356,3.07,1.937,3.446,2.825,2.828,2.791,2.648,2.438,2.966,2.743,2.72,2.242,2.343,3.307,3.355,2.745,2.971,3.021,2.366,2.291,2.493,2.224,3.1,1.826,2.114,2.218,2.494,2.953,2.663,2.815,2.098,2.282,2.126,2.371,2.589,2.43,2.155,2.361,2.474,2.599,2.605,2.06,2.374,2.588,2.392,1.748,2.255,2.432,2.423,2.464,2.41,2.548,2.586,2.545,2.57959,2.487,2.687,2.404,2.754,2.461,2.72,2.753,2.583,2.914,2.328,1.992,3.036,2.56,2.554,2.655,2.783,3.395,3.18,2.725,2.485,2.99,2.175,3.483,2.661,2.751,2.965,2.734,2.375,2.806,2.712,2.402,3.065,2.421,3.382,3.456,3.024,2.878,3.037,2.335,2.419,2.574,2.286,3.225,2.06,2.079,2.444,2.684,2.787,2.642,2.805,2.393,2.171,2.131,2.381,2.388,2.292,2.417,2.309,2.442,2.812,2.711,2.004,2.062,2.545,2.469,1.772,2.271,2.54,2.459,2.214,2.526,2.351,2.586,2.429,2.59563,3869.9,379.5,14494.5,61389.8,7680.3,4570.6,5959.1,2114.7,794.3,1751.3,21769.3,5033.8,1827.9,804.8,651.4,4773.8,23.3,332.2,3950.9,228.5,13835.5,60338.9,7877.6,4405.5,5713.6,1941.3,4667.8,2013.2,804.1,4484.9,14.7,306.4,65963,727022.179274,1092187.75057,1083679.75057,1535514.667625
sub-81_T1w,2.174,2.829,2.409,2.71,2.535,2.435,2.463,2.411,2.826,2.877,2.02,2.955,2.8,2.526,2.549,2.685,2.909,3.385,2.758,2.187,3.007,2.21,3.244,2.478,2.803,2.809,2.553,2.438,3.019,2.756,2.422,2.145,2.925,3.262,3.467,2.735,2.736,3.165,2.344,2.63,2.377,2.081,3.082,2.085,2.001,2.329,2.37,2.828,2.629,2.621,2.363,2.321,2.031,2.306,2.375,2.314,2.245,2.391,2.397,2.495,2.506,2.078,2.21,2.372,2.372,1.545,2.169,2.416,2.476,2.123,2.284,2.607,2.547,2.425,2.51765,2.426,2.709,2.37,2.801,2.312,2.212,2.565,2.543,2.722,2.99,2.029,3.017,2.541,2.454,2.545,2.648,3.002,3.214,2.744,2.389,3.04,2.194,3.282,2.685,2.98,2.603,2.579,2.298,2.91,2.552,2.505,2.836,2.711,3.272,3.275,2.716,3.038,3.065,2.285,2.36,2.607,2.082,3.457,2.112,1.996,2.225,2.687,2.651,2.713,2.636,2.489,2.056,2.035,2.148,2.241,2.332,2.266,2.4,2.529,2.586,2.55,2.027,1.921,2.483,2.325,1.812,2.146,2.409,2.311,2.139,2.419,2.43,2.584,2.966,2.51435,15412.6,639.9,17108.6,55500.1,8635.4,3422.2,5487.5,2119.5,1439.4,1873.2,23243.6,4262.5,1715.7,1100.7,541.6,4784,26.7,768.1,15278.1,515,16169.9,54722.9,7883.7,3615.5,5636.5,2143.8,4286.6,1900.7,544,4459.7,21.1,922.5,62792,712381.0402,1147651.398287,1114509.398287,1710519.644141
sub-82_T1w,2.315,2.76,2.568,2.87,2.495,2.729,2.689,2.554,3.194,2.675,2.016,2.828,2.848,2.535,2.637,2.826,3.029,3.294,2.73,2.368,3.107,2.242,3.229,2.831,2.702,2.677,2.436,2.364,2.919,2.788,2.576,2.029,2.729,3.383,3.884,2.868,2.97,3.205,2.418,2.289,2.541,1.907,3.433,2.159,2.259,2.316,2.639,2.967,2.627,2.956,2.357,2.323,2.256,2.56,2.234,2.419,2.362,2.372,2.511,2.702,2.592,2.165,2.22,2.574,2.627,1.818,2.309,2.473,2.476,2.442,2.394,2.564,2.625,2.564,2.61934,2.506,2.958,2.471,2.697,2.569,2.491,2.493,2.505,3.044,2.915,2.159,2.958,2.778,2.827,2.535,2.737,3.359,3.184,2.719,2.571,3.207,2.289,3.431,2.797,2.778,2.921,2.503,2.221,2.826,2.695,2.33,2.828,2.734,3.369,3.169,2.863,3.052,3.064,2.378,2.168,2.661,2.231,3.303,2.243,2.181,2.366,2.762,2.743,2.651,2.827,2.472,2.067,1.992,2.342,2.321,2.285,2.388,2.311,2.703,2.656,2.561,1.747,2.292,2.292,2.539,2.086,2.294,2.574,2.45,2.351,2.367,2.781,2.641,2.422,2.60237,4680.3,219.6,17003,61497.2,7918.6,4220.8,6247.4,2329.3,866.7,2008.8,21072,4672,1969.8,765.7,501.8,4583.2,27.8,382.2,5520.5,319.6,16435.8,63011,7466,4398.1,6394,2251,4439.2,2362.4,550.6,4501.5,68.8,483.8,66095,710590.97145,1048361.774363,1037315.774363,1423758.779533
sub-83_T1w,2.311,2.89,2.278,2.765,2.741,2.568,2.517,2.531,2.818,3.029,2.134,2.851,2.963,2.612,2.693,2.826,3.163,3.073,2.932,2.648,3.028,2.196,3.492,2.969,2.742,2.989,2.623,2.403,3.127,2.733,2.575,2.179,2.664,3.23,3.664,2.844,3.147,3.177,2.662,2.24,2.739,2.177,3.58,2.336,2.154,2.398,2.879,2.905,2.493,2.745,2.336,2.195,2.135,2.298,2.095,2.257,2.486,2.316,2.569,2.713,2.767,2.204,2.488,2.518,2.497,1.746,2.223,2.417,2.5,2.444,2.385,2.528,2.645,2.639,2.63567,2.388,2.96,2.336,2.79,2.515,2.391,2.37,2.6,2.811,3.189,2.098,2.762,3.029,2.757,2.664,2.687,3.041,3.418,2.843,2.76,3.017,2.373,3.472,2.906,2.745,2.781,2.648,2.618,2.67,2.727,2.515,3.366,2.922,3.168,3.327,2.666,3.048,3.125,2.64,1.968,2.617,2.319,3.534,2.166,2.082,2.332,2.928,2.799,2.563,2.717,2.443,2.218,2.063,2.251,2.31,2.461,2.422,2.52,2.484,2.845,2.774,2.117,2.335,2.568,2.537,1.818,2.249,2.53,2.4,2.497,2.544,2.741,2.621,2.854,2.60979,3290.4,318.9,15567.2,54562.9,7643.5,3013.8,5195.8,2195.6,650.1,1848.6,21081.5,4175.9,1560,647,498.2,4291.5,21.2,360.8,3119.5,449.7,15163.8,54521.7,7770.7,3128,5158.9,2023.2,4401.2,1659.2,549.7,4334.1,8,537.9,59145,656285.150907,1027167.861639,1019669.861639,1463283.511341
sub-84_T1w,2.243,2.433,2.27,2.974,2.505,2.811,2.565,2.505,2.998,3.179,1.882,2.711,2.935,2.448,2.529,2.69,2.937,3.334,2.525,2.297,2.691,1.978,3.158,2.468,2.723,2.868,2.275,2.222,2.678,2.542,2.444,1.951,2.35,3.231,3.427,2.56,2.668,2.921,2.28,2.199,2.473,1.678,3.133,1.849,1.972,2.247,2.996,2.852,2.524,2.782,2.022,2.137,2.074,2.257,2.289,2.246,2.171,2.067,2.188,2.608,2.505,2.053,2.34,2.372,2.304,2.647,2.239,2.232,2.329,2.331,2.205,2.425,2.477,2.571,2.4475,2.29,2.513,2.138,2.66,2.466,2.528,2.579,2.46,2.682,2.995,1.953,2.695,2.753,2.49,2.415,2.501,3.275,3.011,2.684,2.238,2.948,2.084,2.778,2.608,2.602,2.676,2.211,2.233,2.774,2.376,2.418,2.469,2.592,2.95,2.846,2.562,2.834,2.91,2.102,2.14,2.513,1.963,3.04,1.905,1.919,2.299,2.911,2.601,2.356,2.886,2.465,2.029,2.135,2.264,2.425,2.127,2.141,2.225,2.144,2.468,2.354,1.793,1.835,2.292,2.273,2.577,1.995,2.16,2.346,2.412,2.278,2.433,2.452,2.648,2.40096,9293.8,306.2,11834.4,52163.8,5838.5,3388,4383.5,1880.8,885.9,1766.7,16115.6,3655.1,1485.8,945.6,421.2,3454.9,14.1,432.7,9427,260.6,11497.2,52523.8,5826.7,3430.3,4273.5,1557.1,3789.8,1513.4,469.6,3520.3,30.6,470.6,50333,601736.948774,877680.785862,857838.785862,1348021.840734
sub-85_T1w,2.396,2.811,2.476,3.048,2.679,2.786,2.67,2.681,2.999,2.952,2.165,2.808,3.035,2.725,2.718,2.825,2.992,3.595,2.777,2.413,3.021,2.258,3.213,2.694,2.879,2.909,2.506,2.464,2.96,2.716,2.551,2.8,2.655,3.402,3.723,2.626,3.141,3.423,2.278,2.26,2.681,2.284,3.423,2.241,2.187,2.412,2.923,2.826,2.669,3.319,2.094,2.328,2.095,2.448,2.772,2.327,2.33,2.212,2.655,2.73,2.762,2.361,2.283,2.6,2.581,1.88,2.338,2.584,2.352,2.134,2.469,2.607,2.75,2.525,2.65415,2.429,3.009,2.475,3.049,2.652,2.671,2.637,2.732,2.823,3.032,2.13,3,2.739,2.842,2.714,2.895,3.506,3.557,3.007,2.626,3.017,2.449,3.183,2.75,2.887,2.858,2.598,2.556,3.139,2.711,2.721,3.308,2.637,3.237,3.576,2.877,3.083,3.374,2.27,2.61,2.713,2.298,3.37,2.39,2.212,2.456,2.688,2.689,2.737,2.997,2.421,2.405,2.283,2.406,2.49,2.34,2.39,2.46,2.458,2.795,2.709,1.929,2.187,2.786,2.714,1.526,2.356,2.52,2.5,2.391,2.451,2.779,2.747,2.645,2.68,3477,274,15926.3,60256.7,7569.1,3372.5,4847.7,1938.1,850.3,1411.8,21721.5,3902.6,1609.4,1130.8,514.8,4561.2,55,372.8,3231.5,419.4,14456.7,59411.1,7586.1,3293.4,5025.9,1825.9,3915,1756.1,562.9,4466.9,27.8,345.7,58242,683447.245694,1002208.673231,994662.673231,1478556.193445
sub-86_T1w,2.188,2.543,2.179,2.621,2.121,2.769,2.758,2.604,2.94,2.929,1.797,2.723,2.908,2.481,2.681,2.748,2.789,3.276,2.429,2.109,2.825,2.146,2.944,2.328,2.584,2.59,2.253,1.865,2.855,2.467,2.249,2.829,2.262,2.766,3.115,2.363,2.569,3.078,2.129,2.309,2.28,1.92,3.024,1.759,1.992,2.394,2.807,3.039,2.642,2.792,2.378,2.192,2.136,2.497,2.171,2.107,2.176,2.164,2.164,2.535,2.672,1.812,2.135,2.374,2.373,2.004,1.979,2.427,2.297,1.888,2.339,2.46,2.392,2.287,2.43877,1.882,2.635,2.134,2.838,2.245,2.318,2.471,2.437,2.979,2.806,1.77,2.734,2.579,2.525,2.439,2.607,2.975,3.37,2.651,2.221,2.941,2.192,2.676,2.308,2.672,2.779,2.176,1.961,2.68,2.387,2.381,2.971,2.627,2.942,2.799,2.483,2.57,2.883,2.124,2.283,2.672,1.852,2.864,1.952,1.914,2.209,2.657,2.694,2.719,2.747,2.369,2.054,1.908,2.309,2.371,2.267,2.04,2.301,2.296,2.557,2.485,1.807,2.163,2.141,2.238,1.741,2.104,2.309,2.118,2.435,2.454,2.425,2.481,2.385,2.39952,6877.8,264.9,15753.9,59389.7,7221.2,3426.6,4837.2,1906.9,1109.6,2534.6,20781.4,4180.4,1663.9,1047.9,639.7,4172,68.7,511.4,5485.4,199.1,14532.4,60140.8,6892.1,3587.4,5002.1,1772.8,4182,1852.6,636.4,4474.9,40.7,559.9,58375,687196.250982,1044062.694153,1030744.694153,1265441.497313
sub-87_T1w,2.107,2.419,2.199,2.544,2.392,2.556,2.579,2.433,2.837,2.733,1.872,2.544,2.488,2.37,2.366,2.543,2.649,3.189,2.358,2.005,2.811,1.97,3.213,2.514,2.627,2.664,2.327,2.067,2.407,2.578,2.399,2.556,2.337,3.08,3.262,2.68,2.816,2.903,1.866,2.167,2.511,1.914,3.247,1.839,1.876,2.381,2.701,2.946,2.56,2.637,2.124,2.25,2.022,2.246,2.322,2.254,2.121,2.217,2.482,2.499,2.384,2.343,2.272,2.625,2.474,1.837,2.023,2.443,2.306,2.226,2.446,2.544,2.672,2.13,2.41758,2.018,2.406,2.131,2.572,2.356,2.362,2.529,2.356,2.786,2.689,1.783,2.773,2.665,2.54,2.326,2.506,3.007,2.637,2.572,2.253,2.707,2.085,3.319,2.521,2.662,2.605,2.463,2.268,2.464,2.427,2.236,2.412,2.706,3.108,3.385,2.588,2.673,2.8,2.349,2.684,2.616,1.839,2.984,1.805,1.874,2.167,2.604,2.759,2.588,2.513,2.193,2.178,2.029,2.216,2.695,2.261,2.297,2.167,2.437,2.429,2.443,1.971,2.08,2.559,2.358,1.867,2.232,2.548,2.322,2.227,2.482,2.332,2.477,2.97,2.39929,5977.1,375.2,19576.2,60302.3,9295.2,4025.5,5780.3,2561.1,736.8,1382.5,22702.6,4892.9,1996.8,717.1,660.2,5318.4,35.7,434.6,5148.8,335.1,16503.3,61137.4,8812.7,3970.5,5498.4,2336.2,4929.8,2311.4,728.3,5221.4,27.5,698.5,69810,705207.220563,1201668.69726,1189232.69726,1706365.610226
sub-88_T1w,2.29,2.643,2.182,2.665,2.467,2.588,2.408,2.417,2.828,2.959,1.795,2.687,2.614,2.496,2.544,2.609,3.364,3.526,2.636,2.35,2.666,2.216,3.184,2.386,2.541,2.613,2.321,2.273,2.704,2.435,2.498,1.991,2.545,2.903,3.479,2.597,2.724,2.889,1.823,2.272,2.417,1.922,3.209,2.055,1.907,2.003,2.539,3.097,2.541,2.7,2.345,2.172,2.193,2.283,2.705,2.259,2.252,2.243,2.206,2.38,2.38,2.234,2.348,2.461,2.261,1.848,2.156,2.269,2.374,2.292,2.231,2.569,2.533,2.299,2.44713,2.004,2.776,2.169,2.798,2.429,2.548,2.547,2.428,2.681,2.665,1.777,2.545,2.58,2.516,2.465,2.553,3.605,3.504,2.536,2.286,2.795,2.198,3.605,2.603,2.664,2.54,2.241,2.237,2.485,2.339,2.298,2.955,2.708,2.895,3.098,2.466,2.842,2.852,2.38,2.255,2.537,2.109,3.522,1.927,1.861,2.057,2.725,3.102,2.487,2.687,2.385,2.016,2.037,2.228,2.4,2.16,2.214,2.143,2.185,2.525,2.688,1.719,2.254,2.494,2.489,1.792,2.031,2.195,2.311,2.392,2.315,2.51,2.407,2.714,2.4296,6460.4,341.2,12858.4,51210.1,6882.4,3199.7,4466.6,1673.1,984.9,1880.4,18660.8,3518.1,1527.2,819.9,548.4,3709.4,24.1,308.5,6424.9,281.5,12491.3,52169.1,6548.3,3252.2,4401.3,1439.7,3522.1,1583.5,514.7,3711.4,27.1,289.7,51839,608533.716675,941763.280063,928348.280063,1238687.211967
sub-89_T1w,2.224,2.829,2.171,2.86,2.65,2.889,2.532,2.52,3.077,2.954,1.822,2.728,2.967,2.719,2.586,2.783,3.254,3.515,2.683,2.131,2.82,2.066,3.04,2.591,2.737,2.63,2.373,2.099,2.766,2.682,2.301,2.673,2.502,3.125,3.211,2.464,2.905,3.119,2.109,2.279,2.473,1.866,3.285,2.081,1.918,2.147,2.887,3.128,2.536,2.61,2.179,2.381,2.159,2.426,2.585,2.166,2.347,2.294,2.372,2.75,2.649,2.884,2.087,2.381,2.224,1.974,2.103,2.534,2.214,2.39,2.351,2.512,2.574,2.318,2.50935,2.324,2.931,2.122,2.805,2.418,2.511,2.549,2.527,3.168,2.779,1.864,2.808,2.929,2.901,2.541,2.741,3.363,3.225,2.585,2.484,2.865,2.025,2.934,2.544,2.809,2.867,2.283,2.29,2.802,2.701,2.589,2.925,2.835,3.298,3.17,2.537,3.367,3.093,2.613,2.379,2.576,2.204,3.085,2.077,2.013,2.087,2.679,2.734,2.736,2.629,2.6,2.307,2.121,2.245,2.522,2.218,2.272,2.221,2.489,2.791,2.664,2.186,2.04,2.366,2.184,1.953,2.115,2.562,2.205,2.185,2.367,2.695,2.572,2.594,2.51962,4065.9,389,15532.4,68820.9,7971.8,3588.3,5026.2,2116.7,1096.7,1178.3,23176.5,4638.7,1443.7,1125.9,594.3,4615.6,106.3,604.7,2909.1,379.2,15669.3,69750.8,7714,3403.7,5187,1777.8,4205.8,1664.5,672.3,4237.4,37.2,445.1,60549,728248.462947,1044685.484164,1036538.484164,1591849.893366
sub-90_T1w,2.263,2.316,2.325,2.734,2.388,2.678,2.749,2.518,2.959,2.855,2.155,2.725,2.743,2.536,2.502,2.73,3.146,3.746,2.674,2.383,2.692,2.212,3.483,2.643,2.663,2.67,2.412,2.407,2.9,2.606,2.63,2.104,2.738,3.206,3.64,2.812,2.9,3.129,2.145,2.476,2.562,2.183,3.21,2.061,2.05,2.086,3.125,2.643,2.704,2.376,2.236,2.344,2.192,2.46,2.106,2.087,2.069,2.053,2.39,2.348,2.511,2.13,2.416,2.538,2.52,1.794,2.231,2.371,2.442,1.993,2.337,2.525,2.454,2.779,2.52153,2.416,2.604,2.268,2.803,2.579,2.463,2.614,2.569,2.866,2.606,2.136,2.934,2.772,2.411,2.653,2.704,3.546,3.326,2.574,2.141,2.846,2.313,3.604,2.88,2.718,2.808,2.378,2.285,2.878,2.624,2.491,2.55,2.547,3.041,3.461,2.55,3.062,3.004,2.449,2.649,2.566,1.968,3.634,2.059,2.029,2.093,2.889,2.586,2.734,2.543,2.283,2.308,2.158,2.247,2.515,2.146,2.213,2.121,2.383,2.596,2.606,2.292,2.419,2.498,2.335,2.005,2.096,2.58,2.384,2.044,2.446,2.544,2.526,2.384,2.52964,10140.1,489.1,14911.1,58824.3,8281.1,3809.3,4873.1,2086.7,1055.7,1985.2,20924,4900.9,1759.6,1197,599.3,4655.2,108.4,706.4,6485.1,380.4,14442.5,60815.3,8328.7,3798.8,4923.2,1950.5,4971.9,1919,689.4,4504.5,23.9,438.7,63709,758419.188288,1186325.818824,1168200.818824,1785466.046646
sub-91_T1w,2.687,2.97,2.426,2.709,2.75,2.774,2.606,2.638,3.181,3.044,1.912,3.238,3.456,3.127,2.684,2.891,3.428,3.704,2.863,2.356,3.091,2.131,3.467,3.106,2.945,2.907,2.614,2.321,2.873,2.905,2.715,2.442,2.805,3.698,3.444,2.663,3.363,3.135,2.89,2.441,2.492,2.063,3.496,1.952,2.084,2.635,3.097,2.994,2.769,2.635,2.18,2.387,2.406,2.405,2.348,2.316,2.299,2.394,2.302,2.805,2.671,2.043,2.575,2.834,2.599,2.365,2.34,2.444,2.447,2.627,2.472,2.868,2.723,2.494,2.68896,2.381,2.961,2.46,2.855,2.426,2.482,2.471,2.526,2.922,3.113,2.115,2.895,2.884,2.742,2.721,2.779,2.914,3.64,2.914,2.461,3.036,2.15,3.504,3.029,2.939,2.851,2.574,2.169,2.941,2.868,2.383,2.82,2.957,3.325,3.436,2.862,2.873,3.324,2.267,2.263,2.718,2.118,3.407,2.18,1.955,2.453,3.041,2.858,2.739,2.818,2.339,2.111,2.092,2.215,2.226,2.42,2.25,2.387,2.645,2.8,2.644,2.034,2.343,2.635,2.656,1.743,2.125,2.318,2.307,2.465,2.552,2.565,2.738,2.956,2.60984,5692.3,287.6,14231.3,54884.1,7621.8,3652.5,5178.1,2002,1012.5,2344,19682.6,4599.9,1848.9,900.8,638.9,4085,19.9,513.2,6752.8,500.3,14186.5,56577.9,7408.4,3868.6,5391.4,1668.9,4543.4,2147,609.1,3911.6,9.7,565.6,60701,709453.254652,1104145.848759,1090635.848759,1576232.173495
sub-92_T1w,1.963,2.854,2.313,2.918,2.369,2.545,2.655,2.806,2.996,2.816,2.071,3.105,2.986,2.576,2.526,2.94,3.131,3.505,2.88,2.22,2.897,2.014,2.955,2.71,2.914,2.971,2.301,2.227,2.727,2.427,2.635,3.021,2.547,3.322,3.476,2.647,2.965,3.216,2.165,2.272,2.4,2.323,2.966,2.041,2.038,2.297,2.824,3.25,2.789,2.901,2.264,2.154,2.068,2.339,2.405,2.326,2.501,2.35,2.666,2.644,2.422,1.722,2.296,2.654,2.282,1.769,2.267,2.576,2.39,2.368,2.37,2.647,2.626,2.333,2.57821,2.228,2.704,2.31,2.527,2.312,2.393,2.696,2.692,3.127,3.012,2.057,2.608,2.619,2.507,2.468,2.703,3.509,3.033,2.575,2.331,3.078,1.959,3.399,2.608,2.844,2.675,2.259,2,2.572,2.4,2.295,3.005,2.49,3.177,3.343,2.593,3.045,3.011,2.199,2.234,2.535,2.181,3.176,1.964,1.864,2.261,2.791,3,2.755,2.556,2.178,2.12,1.971,2.096,2.728,2.251,2.319,2.228,2.675,2.739,2.488,1.932,2.103,2.164,2.206,1.717,2.123,2.42,2.298,1.73,2.498,2.548,2.555,2.309,2.48686,7910.7,361.9,18522.7,60441.8,7598.5,4239,5644.4,2105.6,1014.4,1919,20427.7,4800.8,1838.2,852.9,511.7,4490,42.4,444.1,7871.6,526.3,15078.1,60986.7,6791.3,4546.4,5679.8,1996.5,4158.6,2395.2,659.9,4160.6,54.6,445.7,63335,757562.637646,1148295.949825,1131349.949825,1691198.013233
sub-93_T1w,2.373,2.431,2.442,2.773,2.523,2.735,2.464,2.497,2.715,3.146,1.886,2.89,2.895,2.654,2.486,2.816,2.974,3.582,2.714,2.27,3.045,1.941,3.467,2.818,2.774,2.677,2.36,2.139,2.75,2.641,2.619,1.77,2.822,3.204,3.573,2.428,2.887,3.17,2.189,2.143,2.525,1.968,3.418,1.806,1.943,2.302,2.752,2.872,2.663,2.655,2.184,2.286,2.183,2.261,2.89,2.281,2.161,2.382,2.371,2.561,2.595,1.933,2.337,2.459,2.348,2.084,2.21,2.518,2.227,2.437,2.492,2.663,2.584,2.618,2.54461,2.398,2.892,2.413,2.874,2.5,2.511,2.613,2.556,3.064,3.169,1.887,2.767,3.026,2.685,2.542,2.828,3.464,2.933,2.749,2.494,3.075,2.147,3.558,2.937,2.84,2.731,2.389,2.141,2.899,2.578,2.54,2.172,2.597,3.074,3.085,2.68,3.138,3.019,2.139,2.511,2.665,1.934,3.313,1.89,2.031,2.357,2.894,2.51,2.747,2.793,2.468,2.34,2.127,2.452,2.592,2.264,2.289,2.296,2.364,2.659,2.724,2.219,2.233,2.446,2.483,2.128,2.01,2.527,2.444,2.578,2.355,2.534,2.657,2.253,2.57764,10564.8,395.7,14954.9,61461.5,7334,3600,3379.9,1604.5,1229.8,2438.9,19435.7,3700.2,1771.1,1046.6,655.6,4576.1,9.1,449.3,11374.5,444.2,14297,59904.2,6317.5,3833.9,4819.4,1651.9,3677.5,1740.5,655.6,4005,23.1,476.9,54848,657070.28876,973925.3623,950596.3623,1486543.303641
sub-94_T1w,2.35,2.606,2.431,2.632,2.42,2.586,2.583,2.434,2.761,2.758,1.784,2.765,3.12,2.574,2.624,2.751,3.097,3.306,2.71,2.074,2.632,2.086,3.128,2.692,2.561,2.675,2.436,2.324,2.844,2.435,2.42,2.754,2.42,2.874,3.261,2.607,2.684,3.051,2.487,2.438,2.377,2.047,3.195,1.883,2,2.137,2.768,2.634,2.617,2.529,2.271,2.3,2.316,2.356,2.445,2.119,2.195,2.117,2.296,2.475,2.493,1.963,2.397,2.687,2.21,1.963,2.174,2.385,2.348,2.411,2.294,2.488,2.479,2.353,2.47828,2.587,2.607,2.288,2.75,2.38,2.637,2.613,2.382,2.749,3.035,1.841,2.804,2.967,2.569,2.526,2.713,3.227,3.081,2.697,2.128,2.957,2.121,3.202,2.842,2.656,2.686,2.348,2.327,2.829,2.371,2.421,2.351,2.455,3.035,3.073,2.668,2.964,3.035,2.47,2.183,2.569,1.918,3.308,2.091,1.996,2.09,2.937,2.635,2.802,2.472,2.11,2.23,2.221,2.44,2.207,2.095,2.067,2.179,2.437,2.607,2.546,2.268,2.342,2.467,2.102,1.816,2.145,2.433,2.305,2.561,2.425,2.687,2.576,2.631,2.49267,6362.9,486.6,14658.3,51637,7769.7,3746.2,4961.3,2146.7,794,1631.5,21465.6,4095.8,1880.1,977.1,524.8,4273.5,39.5,481.1,6069.3,320.9,14562.8,52411.2,7450.6,3939,4847.7,1927.7,4162.8,1696.3,537.8,4414.9,23.1,569.5,59853,639396.966246,1053986.562701,1040290.562701,1460705.295403
sub-95_T1w,2.486,2.899,2.359,2.841,2.845,2.798,2.953,2.483,3.059,3.122,1.97,2.916,3.164,3.115,2.717,2.814,3.353,3.895,2.792,2.591,3.12,2.177,3.451,2.77,2.87,2.92,2.668,2.585,2.802,2.755,2.497,2.67,3.198,3.598,3.646,2.977,3.215,3.311,2.369,2.335,2.545,2.134,3.526,1.97,2.013,2.403,3.253,3.128,2.833,2.781,2.241,2.4,2.241,2.36,2.417,2.306,2.321,2.464,2.651,2.776,2.692,2.13,2.452,2.681,2.553,2.16,2.488,2.475,2.442,2.499,2.418,2.997,2.776,2.799,2.68994,2.381,2.977,2.373,2.797,2.529,2.655,2.564,2.565,2.958,2.907,2.305,2.968,3.202,2.951,2.741,2.832,3.499,3.571,2.996,2.764,3.149,2.28,3.829,2.879,3.146,3.129,2.584,2.377,2.961,2.879,2.44,3.293,2.843,3.575,3.721,2.95,3.094,3.303,2.498,2.548,2.712,2.271,3.579,2.184,1.966,2.23,3.211,2.957,2.776,2.789,2.721,2.135,1.983,2.341,2.758,2.409,2.301,2.578,2.841,2.916,2.743,1.925,2.277,2.614,2.457,2.018,2.158,2.42,2.38,3.067,2.467,2.701,2.736,2.795,2.69372,4797,228.9,13260.9,55058.8,6401.5,3734.8,5265,1878,878.7,1753.6,18034.6,4045.8,1560.1,1151,512.3,3979.9,58.8,400.8,4432,311.5,12576.8,55366.2,6748.3,3645.3,5380.5,1629.4,4073.6,1703.4,597.5,4009.1,106.2,497,56582,632024.483891,915643.467377,905581.467377,1430973.491575
sub-96_T1w,2.443,2.579,2.459,2.931,2.867,2.839,2.774,2.628,3.182,2.978,2.049,3.02,3.188,2.771,2.556,2.924,3.237,3.693,2.727,2.352,3.031,2.208,3.237,2.757,2.983,2.871,2.5,2.257,2.971,2.648,2.709,2.475,2.813,3.469,3.719,2.789,3.064,3.332,2.377,2.428,2.556,2.16,3.379,2.056,2.167,2.282,3.213,2.903,2.735,2.723,2.233,2.26,2.105,2.31,2.072,2.229,2.153,2.19,2.423,2.887,2.726,2.395,2.387,2.639,2.428,2.418,2.093,2.506,2.369,2.325,2.401,2.684,2.684,2.584,2.62537,2.156,2.6,2.435,2.809,2.544,2.767,2.764,2.572,2.944,2.956,2.164,3.098,2.884,2.795,2.608,2.843,3.292,3.365,2.761,2.47,3.189,2.394,3.736,3.09,2.85,2.896,2.368,2.169,3.011,2.677,2.492,2.064,2.71,3.271,3.61,2.833,3.258,3.2,2.165,2.485,2.587,2.003,3.333,2.158,2.062,2.326,2.74,2.797,2.648,2.993,2.291,2.318,2.218,2.367,2.543,2.155,2.008,2.155,2.635,2.83,2.799,2.099,2.411,2.774,2.355,2.138,2.125,2.55,2.334,2.519,2.246,2.509,2.717,2.93,2.6133,3856.4,472.6,15169.7,54656.4,6652.6,3585.2,4672.6,1764.3,914.5,1152.4,20219.4,4193.9,1559.9,848.3,580.1,3939.2,33,443.2,3537.7,335.2,14656.5,56734,6519.1,3698.1,4698.4,1626.7,4168.2,1821.6,547.2,3993.7,11,411.9,55305,641808.461495,903533.626534,894952.626534,1329888.306134
sub-97_T1w,2.253,2.507,2.387,2.769,2.447,2.783,2.671,2.637,3.058,3.052,1.829,2.862,2.807,2.622,2.599,2.669,3.181,3.364,2.604,2.248,2.802,2.161,3.395,2.666,2.645,2.733,2.282,2.32,2.897,2.506,2.582,2.232,2.554,3.01,3.446,2.661,2.778,3.01,2.264,2.371,2.64,1.925,3.061,2.094,1.996,2.234,2.743,2.73,2.642,2.61,2.371,2.203,2.163,2.367,2.76,2.104,2.032,2.095,2.248,2.474,2.494,2.114,2.378,2.691,2.254,1.969,2.182,2.501,2.278,2.394,2.355,2.35,2.472,2.438,2.49888,2.504,2.561,2.487,2.743,2.446,2.639,2.51,2.655,3.043,3.052,1.897,2.809,2.722,2.779,2.668,2.732,3.033,3.66,2.537,2.028,2.816,2.159,3.585,2.881,2.749,2.772,2.31,2.405,2.862,2.52,2.735,1.719,2.741,3.115,3.259,2.558,2.87,3.034,2.332,2.669,2.598,2.03,3.317,1.966,2.035,2.226,2.916,2.669,2.634,2.727,2.392,2.166,2.199,2.336,2.694,2.249,2.113,2.26,2.498,2.545,2.558,2.2,2.121,2.713,2.363,2.027,2.275,2.495,2.462,2.39,2.46,2.562,2.636,3.08,2.54454,4541.9,415.2,16017.2,65843.4,8426.4,3982.4,5972.4,2246.9,901,2076.5,23003.7,4214,1661.3,983.3,631.9,4465.2,15.4,437.5,4052.1,352.7,15206.7,67142,8465.9,3821,5967.4,2000.3,4478.7,1988.2,683.7,4470,10.2,483.8,64950,715338.110385,1045870.766959,1036158.766959,1628391.219352
sub-99_T1w,2.595,2.474,2.456,3.204,2.907,2.907,2.861,2.82,3.078,2.784,1.916,3.122,2.755,2.752,2.733,3.082,3.501,3.503,2.706,2.205,3.039,2.027,2.878,2.703,2.993,2.878,2.415,2.365,3.067,2.575,2.507,3.055,2.621,3.056,3.506,2.953,3.13,3.328,2.512,2.572,2.582,2.036,3.364,1.895,2.032,2.421,3.018,3,2.856,2.788,2.415,2.388,2.277,2.534,2.625,2.376,2.253,2.453,2.33,2.733,2.533,2.446,2.72,2.763,2.4,1.646,2.373,2.659,2.587,2.319,2.497,2.727,2.685,2.35,2.66258,2.081,2.889,2.417,3.038,2.462,2.825,2.752,2.689,2.987,2.765,1.883,2.953,2.965,2.754,2.605,2.834,3.421,3.582,2.697,2.409,3.2,2.062,2.932,2.626,2.867,2.977,2.512,2.364,3.019,2.609,2.725,1.945,2.86,3.215,3.522,2.671,2.983,3.14,2.191,2.829,2.625,2.107,3.204,2.203,2.015,2.346,2.865,2.755,2.987,2.612,2.345,2.276,2.271,2.418,2.7,2.362,2.21,2.315,2.42,2.592,2.5,2.182,2.515,2.397,2.34,1.67,2.307,2.598,2.489,2.534,2.623,2.526,2.692,2.827,2.603,4974.6,519.9,15768.4,67320.9,8556.8,3750.6,4412,2004.5,991,1753.3,22633,4678.1,1772.1,1093.3,582.3,4806,22.3,364.7,3612.1,241.5,14922,71123.4,7540.4,3781,5282,2066.9,4708.7,1878.3,645.2,4497.8,30.6,394.1,62483,809164.644938,1192384.805956,1182962.805956,1600502.540228
